# WaveFront *.obj file (generated by Autodesk ATF)

mtllib TFE_Structure_JumeauNumerique_V1 - Vue 3D - {3D}.mtl

g Pyramide_Andre_Cools

v -32.855830 -68.063970 2472.312592
v -31.029768 -67.256737 2472.312592
v -32.638757 -66.073854 2472.312592
v -1593.503673 -712.335692 -0.000000
v -1343.553749 -372.888185 0.000000
v -1093.603825 -33.440677 0.000000
v -843.653902 306.006830 0.000000
v -593.703978 645.454337 0.000000
v -343.754054 984.901844 0.000000
v -93.804131 1324.349351 0.000000
v 156.145793 1663.796858 0.000000
v 168.848163 1663.796858 -0.000000
v 172.259642 1655.898764 -0.000000
v 337.912227 1272.387759 0.000000
v 503.564813 888.876754 0.000000
v 669.217398 505.365748 0.000000
v 834.869984 121.854743 0.000000
v 1000.522570 -261.656263 0.000000
v 1166.175155 -645.167268 0.000000
v 1331.827741 -1028.678274 -0.000000
v 1322.717046 -1044.458459 -0.000000
v 907.321567 -999.601801 0.000000
v 491.926088 -954.745142 0.000000
v 76.530609 -909.888483 0.000000
v -338.864870 -865.031824 0.000000
v -754.260349 -820.175165 0.000000
v -1169.655828 -775.318506 0.000000
v -1585.051308 -730.461847 0.000000
v 797.235546 -818.160660 0.000000
v 455.792399 -45.773114 0.000000
v 63.655516 -219.175783 0.000000
v -328.481367 -392.578452 0.000000
v -720.618249 -565.981121 0.000000
v -1112.755132 -739.383790 0.000000
v -1283.021604 -354.219515 0.000000
v -890.610191 -181.437869 0.000000
v -498.198777 -8.656223 0.000000
v -105.787364 164.125423 0.000000
v 286.624050 336.907069 0.000000
v -669.068192 377.871985 0.000000
v -276.911387 551.229588 0.000000
v 115.245418 724.587191 0.000000
v -55.634472 1111.139095 0.000000
v 625.095171 -428.757379 0.000000
v 233.377821 -603.109083 0.000000
v -158.339530 -777.460787 0.000000
v -1363.309096 -635.833579 353.187513
v -1141.566885 -541.205311 706.375026
v -919.824674 -446.577043 1059.562539
v -698.082463 -351.948775 1412.750053
v -476.340252 -257.320507 1765.937566
v -254.598041 -162.692238 2119.125079
v -255.805522 -160.102788 2119.125079
v -478.755214 -252.141605 1765.937566
v -701.704906 -344.180422 1412.750053
v -924.654597 -436.219240 1059.562539
v -1147.604289 -528.258057 706.375026
v -1370.553981 -620.296874 353.187513
v 1137.133811 -891.332340 353.187513
v 942.439881 -753.986406 706.375026
v 747.745951 -616.640473 1059.562539
v 553.052022 -479.294539 1412.750053
v 358.358092 -341.948605 1765.937566
v 163.664162 -204.602671 2119.125079
v 162.362634 -206.856983 2119.125079
v 355.755036 -346.457229 1765.937566
v 549.147438 -486.057475 1412.750053
v 742.539840 -625.657721 1059.562539
v 935.932242 -765.257967 706.375026
v 1129.324644 -904.858213 353.187513
v 140.064317 1416.672470 353.187513
v 111.280472 1169.548083 706.375026
v 82.496626 922.423696 1059.562539
v 53.712780 675.299308 1412.750053
v 24.928934 428.174921 1765.937566
v -3.854911 181.050534 2119.125079
v -3.367557 179.922235 2119.125079
v 25.903643 425.918323 1765.937566
v 55.174842 671.914411 1412.750053
v 84.446042 917.910499 1059.562539
v 113.717242 1163.906588 706.375026
v 142.988442 1409.902676 353.187513
v 129.176571 1416.672470 353.187513
v 102.207350 1169.548083 706.375026
v 75.238129 922.423696 1059.562539
v 48.268907 675.299308 1412.750053
v 21.299686 428.174921 1765.937566
v -5.669536 181.050534 2119.125079
v -127.574954 -109.699688 2317.793055
v -44.675748 -73.259606 2452.997650
v 10.116861 -97.681411 2395.052823
v -28.479502 -69.167739 2467.483856
v 1121.692125 -918.875168 309.039074
v 1089.885555 -915.442091 309.039074
v 1058.078986 -912.009014 309.039074
v 1026.272416 -908.575938 309.039074
v 994.465847 -905.142861 309.039074
v 962.659277 -901.709784 309.039074
v 930.852707 -898.276708 309.039074
v 899.046138 -894.843631 309.039074
v 867.239568 -891.410554 309.039074
v 835.432999 -887.977478 309.039074
v 803.626429 -884.544401 309.039074
v 771.819859 -881.111324 309.039074
v 740.013290 -877.678248 309.039074
v 708.206720 -874.245171 309.039074
v 676.400151 -870.812095 309.039074
v 644.593581 -867.379018 309.039074
v 612.787012 -863.945941 309.039074
v 580.980442 -860.512865 309.039074
v 549.173872 -857.079788 309.039074
v 517.367303 -853.646711 309.039074
v 485.560733 -850.213635 309.039074
v 453.754164 -846.780558 309.039074
v 421.947594 -843.347481 309.039074
v 390.141024 -839.914405 309.039074
v 358.334455 -836.481328 309.039074
v 326.527885 -833.048251 309.039074
v 294.721316 -829.615175 309.039074
v 262.914746 -826.182098 309.039074
v 231.108176 -822.749022 309.039074
v 199.301607 -819.315945 309.039074
v 167.495037 -815.882868 309.039074
v 135.688468 -812.449792 309.039074
v 103.881898 -809.016715 309.039074
v 72.075328 -805.583638 309.039074
v 40.268759 -802.150562 309.039074
v 8.462189 -798.717485 309.039074
v -23.344380 -795.284408 309.039074
v -55.150950 -791.851332 309.039074
v -86.957520 -788.418255 309.039074
v -118.764089 -784.985178 309.039074
v -150.570659 -781.552102 309.039074
v -182.377228 -778.119025 309.039074
v -214.183798 -774.685949 309.039074
v -245.990367 -771.252872 309.039074
v -277.796937 -767.819795 309.039074
v -309.603507 -764.386719 309.039074
v -341.410076 -760.953642 309.039074
v -373.216646 -757.520565 309.039074
v -405.023215 -754.087489 309.039074
v -436.829785 -750.654412 309.039074
v -468.636355 -747.221335 309.039074
v -500.442924 -743.788259 309.039074
v -532.249494 -740.355182 309.039074
v -564.056063 -736.922105 309.039074
v -595.862633 -733.489029 309.039074
v -627.669203 -730.055952 309.039074
v -659.475772 -726.622875 309.039074
v -691.282342 -723.189799 309.039074
v -723.088911 -719.756722 309.039074
v -754.895481 -716.323646 309.039074
v -786.702051 -712.890569 309.039074
v -818.508620 -709.457492 309.039074
v -850.315190 -706.024416 309.039074
v -882.121759 -702.591339 309.039074
v -913.928329 -699.158262 309.039074
v -945.734899 -695.725186 309.039074
v -977.541468 -692.292109 309.039074
v -1009.348038 -688.859032 309.039074
v -1041.154607 -685.425956 309.039074
v -1072.961177 -681.992879 309.039074
v -1104.767747 -678.559802 309.039074
v -1136.574316 -675.126726 309.039074
v -1168.380886 -671.693649 309.039074
v -1200.187455 -668.260573 309.039074
v -1231.994025 -664.827496 309.039074
v -1263.800594 -661.394419 309.039074
v -1295.607164 -657.961343 309.039074
v -1327.413734 -654.528266 309.039074
v -1359.220303 -651.095189 309.039074
v 957.014308 -797.216833 618.078148
v 929.748273 -794.275638 618.078148
v 902.482239 -791.334442 618.078148
v 875.216204 -788.393246 618.078148
v 847.950169 -785.452051 618.078148
v 820.684134 -782.510855 618.078148
v 793.418100 -779.569660 618.078148
v 766.152065 -776.628464 618.078148
v 738.886030 -773.687268 618.078148
v 711.619995 -770.746073 618.078148
v 684.353960 -767.804877 618.078148
v 657.087926 -764.863681 618.078148
v 629.821891 -761.922486 618.078148
v 602.555856 -758.981290 618.078148
v 575.289821 -756.040094 618.078148
v 548.023787 -753.098899 618.078148
v 520.757752 -750.157703 618.078148
v 493.491717 -747.216508 618.078148
v 466.225682 -744.275312 618.078148
v 438.959648 -741.334116 618.078148
v 411.693613 -738.392921 618.078148
v 384.427578 -735.451725 618.078148
v 357.161543 -732.510529 618.078148
v 329.895509 -729.569334 618.078148
v 302.629474 -726.628138 618.078148
v 275.363439 -723.686942 618.078148
v 248.097404 -720.745747 618.078148
v 220.831370 -717.804551 618.078148
v 193.565335 -714.863356 618.078148
v 166.299300 -711.922160 618.078148
v 139.033265 -708.980964 618.078148
v 111.767230 -706.039769 618.078148
v 84.501196 -703.098573 618.078148
v 57.235161 -700.157377 618.078148
v 29.969126 -697.216182 618.078148
v 2.703091 -694.274986 618.078148
v -24.562943 -691.333790 618.078148
v -51.828978 -688.392595 618.078148
v -79.095013 -685.451399 618.078148
v -106.361048 -682.510204 618.078148
v -133.627082 -679.569008 618.078148
v -160.893117 -676.627812 618.078148
v -188.159152 -673.686617 618.078148
v -215.425187 -670.745421 618.078148
v -242.691221 -667.804225 618.078148
v -269.957256 -664.863030 618.078148
v -297.223291 -661.921834 618.078148
v -324.489326 -658.980638 618.078148
v -351.755361 -656.039443 618.078148
v -379.021395 -653.098247 618.078148
v -406.287430 -650.157051 618.078148
v -433.553465 -647.215856 618.078148
v -460.819500 -644.274660 618.078148
v -488.085534 -641.333465 618.078148
v -515.351569 -638.392269 618.078148
v -542.617604 -635.451073 618.078148
v -569.883639 -632.509878 618.078148
v -597.149673 -629.568682 618.078148
v -624.415708 -626.627486 618.078148
v -651.681743 -623.686291 618.078148
v -678.947778 -620.745095 618.078148
v -706.213812 -617.803899 618.078148
v -733.479847 -614.862704 618.078148
v -760.745882 -611.921508 618.078148
v -788.011917 -608.980313 618.078148
v -815.277952 -606.039117 618.078148
v -842.543986 -603.097921 618.078148
v -869.810021 -600.156726 618.078148
v -897.076056 -597.215530 618.078148
v -924.342091 -594.274334 618.078148
v -951.608125 -591.333139 618.078148
v -978.874160 -588.391943 618.078148
v -1006.140195 -585.450747 618.078148
v -1033.406230 -582.509552 618.078148
v -1060.672264 -579.568356 618.078148
v -1087.938299 -576.627161 618.078148
v -1115.204334 -573.685965 618.078148
v -1142.470369 -570.744769 618.078148
v -1169.736403 -567.803574 618.078148
v 792.336491 -675.558499 927.117222
v 769.610991 -673.109184 927.117222
v 746.885491 -670.659870 927.117222
v 724.159991 -668.210555 927.117222
v 701.434491 -665.761241 927.117222
v 678.708992 -663.311926 927.117222
v 655.983492 -660.862611 927.117222
v 633.257992 -658.413297 927.117222
v 610.532492 -655.963982 927.117222
v 587.806992 -653.514667 927.117222
v 565.081492 -651.065353 927.117222
v 542.355992 -648.616038 927.117222
v 519.630492 -646.166724 927.117222
v 496.904992 -643.717409 927.117222
v 474.179492 -641.268094 927.117222
v 451.453992 -638.818780 927.117222
v 428.728492 -636.369465 927.117222
v 406.002992 -633.920150 927.117222
v 383.277492 -631.470836 927.117222
v 360.551992 -629.021521 927.117222
v 337.826493 -626.572207 927.117222
v 315.100993 -624.122892 927.117222
v 292.375493 -621.673577 927.117222
v 269.649993 -619.224263 927.117222
v 246.924493 -616.774948 927.117222
v 224.198993 -614.325633 927.117222
v 201.473493 -611.876319 927.117222
v 178.747993 -609.427004 927.117222
v 156.022493 -606.977689 927.117222
v 133.296993 -604.528375 927.117222
v 110.571493 -602.079060 927.117222
v 87.845993 -599.629746 927.117222
v 65.120493 -597.180431 927.117222
v 42.394993 -594.731116 927.117222
v 19.669493 -592.281802 927.117222
v -3.056006 -589.832487 927.117222
v -25.781506 -587.383172 927.117222
v -48.507006 -584.933858 927.117222
v -71.232506 -582.484543 927.117222
v -93.958006 -580.035229 927.117222
v -116.683506 -577.585914 927.117222
v -139.409006 -575.136599 927.117222
v -162.134506 -572.687285 927.117222
v -184.860006 -570.237970 927.117222
v -207.585506 -567.788655 927.117222
v -230.311006 -565.339341 927.117222
v -253.036506 -562.890026 927.117222
v -275.762006 -560.440712 927.117222
v -298.487506 -557.991397 927.117222
v -321.213006 -555.542082 927.117222
v -343.938505 -553.092768 927.117222
v -366.664005 -550.643453 927.117222
v -389.389505 -548.194138 927.117222
v -412.115005 -545.744824 927.117222
v -434.840505 -543.295509 927.117222
v -457.566005 -540.846195 927.117222
v -480.291505 -538.396880 927.117222
v -503.017005 -535.947565 927.117222
v -525.742505 -533.498251 927.117222
v -548.468005 -531.048936 927.117222
v -571.193505 -528.599621 927.117222
v -593.919005 -526.150307 927.117222
v -616.644505 -523.700992 927.117222
v -639.370005 -521.251677 927.117222
v -662.095505 -518.802363 927.117222
v -684.821004 -516.353048 927.117222
v -707.546504 -513.903734 927.117222
v -730.272004 -511.454419 927.117222
v -752.997504 -509.005104 927.117222
v -775.723004 -506.555790 927.117222
v -798.448504 -504.106475 927.117222
v -821.174004 -501.657160 927.117222
v -843.899504 -499.207846 927.117222
v -866.625004 -496.758531 927.117222
v -889.350504 -494.309217 927.117222
v -912.076004 -491.859902 927.117222
v -934.801504 -489.410587 927.117222
v -957.527004 -486.961273 927.117222
v -980.252504 -484.511958 927.117222
v 627.658674 -553.900165 1236.156296
v 609.473709 -551.942731 1236.156296
v 591.288744 -549.985298 1236.156296
v 573.103779 -548.027864 1236.156296
v 554.918814 -546.070430 1236.156296
v 536.733849 -544.112997 1236.156296
v 518.548884 -542.155563 1236.156296
v 500.363919 -540.198129 1236.156296
v 482.178953 -538.240696 1236.156296
v 463.993988 -536.283262 1236.156296
v 445.809023 -534.325829 1236.156296
v 427.624058 -532.368395 1236.156296
v 409.439093 -530.410961 1236.156296
v 391.254128 -528.453528 1236.156296
v 373.069163 -526.496094 1236.156296
v 354.884198 -524.538661 1236.156296
v 336.699233 -522.581227 1236.156296
v 318.514268 -520.623793 1236.156296
v 300.329302 -518.666360 1236.156296
v 282.144337 -516.708926 1236.156296
v 263.959372 -514.751492 1236.156296
v 245.774407 -512.794059 1236.156296
v 227.589442 -510.836625 1236.156296
v 209.404477 -508.879192 1236.156296
v 191.219512 -506.921758 1236.156296
v 173.034547 -504.964324 1236.156296
v 154.849582 -503.006891 1236.156296
v 136.664616 -501.049457 1236.156296
v 118.479651 -499.092023 1236.156296
v 100.294686 -497.134590 1236.156296
v 82.109721 -495.177156 1236.156296
v 63.924756 -493.219723 1236.156296
v 45.739791 -491.262289 1236.156296
v 27.554826 -489.304855 1236.156296
v 9.369861 -487.347422 1236.156296
v -8.815104 -485.389988 1236.156296
v -27.000069 -483.432554 1236.156296
v -45.185035 -481.475121 1236.156296
v -63.370000 -479.517687 1236.156296
v -81.554965 -477.560254 1236.156296
v -99.739930 -475.602820 1236.156296
v -117.924895 -473.645386 1236.156296
v -136.109860 -471.687953 1236.156296
v -154.294825 -469.730519 1236.156296
v -172.479790 -467.773086 1236.156296
v -190.664755 -465.815652 1236.156296
v -208.849720 -463.858218 1236.156296
v -227.034686 -461.900785 1236.156296
v -245.219651 -459.943351 1236.156296
v -263.404616 -457.985917 1236.156296
v -281.589581 -456.028484 1236.156296
v -299.774546 -454.071050 1236.156296
v -317.959511 -452.113617 1236.156296
v -336.144476 -450.156183 1236.156296
v -354.329441 -448.198749 1236.156296
v -372.514406 -446.241316 1236.156296
v -390.699372 -444.283882 1236.156296
v -408.884337 -442.326448 1236.156296
v -427.069302 -440.369015 1236.156296
v -445.254267 -438.411581 1236.156296
v -463.439232 -436.454148 1236.156296
v -481.624197 -434.496714 1236.156296
v -499.809162 -432.539280 1236.156296
v -517.994127 -430.581847 1236.156296
v -536.179092 -428.624413 1236.156296
v -554.364057 -426.666979 1236.156296
v -572.549023 -424.709546 1236.156296
v -590.733988 -422.752112 1236.156296
v -608.918953 -420.794679 1236.156296
v -627.103918 -418.837245 1236.156296
v -645.288883 -416.879811 1236.156296
v -663.473848 -414.922378 1236.156296
v -681.658813 -412.964944 1236.156296
v -699.843778 -411.007511 1236.156296
v -718.028743 -409.050077 1236.156296
v -736.213708 -407.092643 1236.156296
v -754.398674 -405.135210 1236.156296
v -772.583639 -403.177776 1236.156296
v -790.768604 -401.220342 1236.156296
v 462.980857 -432.241831 1545.195370
v 449.336427 -430.776278 1545.195370
v 435.691997 -429.310725 1545.195370
v 422.047567 -427.845173 1545.195370
v 408.403136 -426.379620 1545.195370
v 394.758706 -424.914068 1545.195370
v 381.114276 -423.448515 1545.195370
v 367.469845 -421.982962 1545.195370
v 353.825415 -420.517410 1545.195370
v 340.180985 -419.051857 1545.195370
v 326.536555 -417.586304 1545.195370
v 312.892124 -416.120752 1545.195370
v 299.247694 -414.655199 1545.195370
v 285.603264 -413.189647 1545.195370
v 271.958834 -411.724094 1545.195370
v 258.314403 -410.258541 1545.195370
v 244.669973 -408.792989 1545.195370
v 231.025543 -407.327436 1545.195370
v 217.381112 -405.861884 1545.195370
v 203.736682 -404.396331 1545.195370
v 190.092252 -402.930778 1545.195370
v 176.447822 -401.465226 1545.195370
v 162.803391 -399.999673 1545.195370
v 149.158961 -398.534120 1545.195370
v 135.514531 -397.068568 1545.195370
v 121.870101 -395.603015 1545.195370
v 108.225670 -394.137463 1545.195370
v 94.581240 -392.671910 1545.195370
v 80.936810 -391.206357 1545.195370
v 67.292379 -389.740805 1545.195370
v 53.647949 -388.275252 1545.195370
v 40.003519 -386.809700 1545.195370
v 26.359089 -385.344147 1545.195370
v 12.714658 -383.878594 1545.195370
v -0.929772 -382.413042 1545.195370
v -14.574202 -380.947489 1545.195370
v -28.218632 -379.481937 1545.195370
v -41.863063 -378.016384 1545.195370
v -55.507493 -376.550831 1545.195370
v -69.151923 -375.085279 1545.195370
v -82.796354 -373.619726 1545.195370
v -96.440784 -372.154173 1545.195370
v -110.085214 -370.688621 1545.195370
v -123.729644 -369.223068 1545.195370
v -137.374075 -367.757516 1545.195370
v -151.018505 -366.291963 1545.195370
v -164.662935 -364.826410 1545.195370
v -178.307365 -363.360858 1545.195370
v -191.951796 -361.895305 1545.195370
v -205.596226 -360.429753 1545.195370
v -219.240656 -358.964200 1545.195370
v -232.885087 -357.498647 1545.195370
v -246.529517 -356.033095 1545.195370
v -260.173947 -354.567542 1545.195370
v -273.818377 -353.101989 1545.195370
v -287.462808 -351.636437 1545.195370
v -301.107238 -350.170884 1545.195370
v -314.751668 -348.705332 1545.195370
v -328.396098 -347.239779 1545.195370
v -342.040529 -345.774226 1545.195370
v -355.684959 -344.308674 1545.195370
v -369.329389 -342.843121 1545.195370
v -382.973820 -341.377569 1545.195370
v -396.618250 -339.912016 1545.195370
v -410.262680 -338.446463 1545.195370
v -423.907110 -336.980911 1545.195370
v -437.551541 -335.515358 1545.195370
v -451.195971 -334.049806 1545.195370
v -464.840401 -332.584253 1545.195370
v -478.484831 -331.118700 1545.195370
v -492.129262 -329.653148 1545.195370
v -505.773692 -328.187595 1545.195370
v -519.418122 -326.722042 1545.195370
v -533.062553 -325.256490 1545.195370
v -546.706983 -323.790937 1545.195370
v -560.351413 -322.325385 1545.195370
v -573.995843 -320.859832 1545.195370
v -587.640274 -319.394279 1545.195370
v -601.284704 -317.928727 1545.195370
v 298.303040 -310.583496 1854.234444
v 289.199145 -309.609825 1854.234444
v 280.095250 -308.636153 1854.234444
v 270.991354 -307.662482 1854.234444
v 261.887459 -306.688810 1854.234444
v 252.783563 -305.715138 1854.234444
v 243.679668 -304.741467 1854.234444
v 234.575772 -303.767795 1854.234444
v 225.471877 -302.794124 1854.234444
v 216.367981 -301.820452 1854.234444
v 207.264086 -300.846780 1854.234444
v 198.160191 -299.873109 1854.234444
v 189.056295 -298.899437 1854.234444
v 179.952400 -297.925765 1854.234444
v 170.848504 -296.952094 1854.234444
v 161.744609 -295.978422 1854.234444
v 152.640713 -295.004751 1854.234444
v 143.536818 -294.031079 1854.234444
v 134.432922 -293.057407 1854.234444
v 125.329027 -292.083736 1854.234444
v 116.225132 -291.110064 1854.234444
v 107.121236 -290.136393 1854.234444
v 98.017341 -289.162721 1854.234444
v 88.913445 -288.189049 1854.234444
v 79.809550 -287.215378 1854.234444
v 70.705654 -286.241706 1854.234444
v 61.601759 -285.268035 1854.234444
v 52.497863 -284.294363 1854.234444
v 43.393968 -283.320691 1854.234444
v 34.290073 -282.347020 1854.234444
v 25.186177 -281.373348 1854.234444
v 16.082282 -280.399677 1854.234444
v 6.978386 -279.426005 1854.234444
v -2.125509 -278.452333 1854.234444
v -11.229405 -277.478662 1854.234444
v -20.333300 -276.504990 1854.234444
v -29.437195 -275.531319 1854.234444
v -38.541091 -274.557647 1854.234444
v -47.644986 -273.583975 1854.234444
v -56.748882 -272.610304 1854.234444
v -65.852777 -271.636632 1854.234444
v -74.956673 -270.662961 1854.234444
v -84.060568 -269.689289 1854.234444
v -93.164464 -268.715617 1854.234444
v -102.268359 -267.741946 1854.234444
v -111.372254 -266.768274 1854.234444
v -120.476150 -265.794603 1854.234444
v -129.580045 -264.820931 1854.234444
v -138.683941 -263.847259 1854.234444
v -147.787836 -262.873588 1854.234444
v -156.891732 -261.899916 1854.234444
v -165.995627 -260.926244 1854.234444
v -175.099523 -259.952573 1854.234444
v -184.203418 -258.978901 1854.234444
v -193.307313 -258.005230 1854.234444
v -202.411209 -257.031558 1854.234444
v -211.515104 -256.057886 1854.234444
v -220.619000 -255.084215 1854.234444
v -229.722895 -254.110543 1854.234444
v -238.826791 -253.136872 1854.234444
v -247.930686 -252.163200 1854.234444
v -257.034582 -251.189528 1854.234444
v -266.138477 -250.215857 1854.234444
v -275.242372 -249.242185 1854.234444
v -284.346268 -248.268514 1854.234444
v -293.450163 -247.294842 1854.234444
v -302.554059 -246.321170 1854.234444
v -311.657954 -245.347499 1854.234444
v -320.761850 -244.373827 1854.234444
v -329.865745 -243.400156 1854.234444
v -338.969641 -242.426484 1854.234444
v -348.073536 -241.452812 1854.234444
v -357.177431 -240.479141 1854.234444
v -366.281327 -239.505469 1854.234444
v -375.385222 -238.531798 1854.234444
v -384.489118 -237.558126 1854.234444
v -393.593013 -236.584454 1854.234444
v -402.696909 -235.610783 1854.234444
v -411.800804 -234.637111 1854.234444
v 133.625224 -188.925162 2163.273518
v 129.061863 -188.443372 2163.273518
v 124.498502 -187.961581 2163.273518
v 119.935142 -187.479790 2163.273518
v 115.371781 -186.998000 2163.273518
v 110.808420 -186.516209 2163.273518
v 106.245060 -186.034419 2163.273518
v 101.681699 -185.552628 2163.273518
v 97.118339 -185.070837 2163.273518
v 92.554978 -184.589047 2163.273518
v 87.991617 -184.107256 2163.273518
v 83.428257 -183.625466 2163.273518
v 78.864896 -183.143675 2163.273518
v 74.301536 -182.661884 2163.273518
v 69.738175 -182.180094 2163.273518
v 65.174814 -181.698303 2163.273518
v 60.611454 -181.216513 2163.273518
v 56.048093 -180.734722 2163.273518
v 51.484733 -180.252931 2163.273518
v 46.921372 -179.771141 2163.273518
v 42.358011 -179.289350 2163.273518
v 37.794651 -178.807560 2163.273518
v 33.231290 -178.325769 2163.273518
v 28.667929 -177.843978 2163.273518
v 24.104569 -177.362188 2163.273518
v 19.541208 -176.880397 2163.273518
v 14.977848 -176.398607 2163.273518
v 10.414487 -175.916816 2163.273518
v 5.851126 -175.435025 2163.273518
v 1.287766 -174.953235 2163.273518
v -3.275595 -174.471444 2163.273518
v -7.838955 -173.989654 2163.273518
v -12.402316 -173.507863 2163.273518
v -16.965677 -173.026072 2163.273518
v -21.529037 -172.544282 2163.273518
v -26.092398 -172.062491 2163.273518
v -30.655759 -171.580701 2163.273518
v -35.219119 -171.098910 2163.273518
v -39.782480 -170.617119 2163.273518
v -44.345840 -170.135329 2163.273518
v -48.909201 -169.653538 2163.273518
v -53.472562 -169.171748 2163.273518
v -58.035922 -168.689957 2163.273518
v -62.599283 -168.208166 2163.273518
v -67.162643 -167.726376 2163.273518
v -71.726004 -167.244585 2163.273518
v -76.289365 -166.762795 2163.273518
v -80.852725 -166.281004 2163.273518
v -85.416086 -165.799213 2163.273518
v -89.979447 -165.317423 2163.273518
v -94.542807 -164.835632 2163.273518
v -99.106168 -164.353842 2163.273518
v -103.669528 -163.872051 2163.273518
v -108.232889 -163.390260 2163.273518
v -112.796250 -162.908470 2163.273518
v -117.359610 -162.426679 2163.273518
v -121.922971 -161.944889 2163.273518
v -126.486331 -161.463098 2163.273518
v -131.049692 -160.981307 2163.273518
v -135.613053 -160.499517 2163.273518
v -140.176413 -160.017726 2163.273518
v -144.739774 -159.535936 2163.273518
v -149.303134 -159.054145 2163.273518
v -153.866495 -158.572354 2163.273518
v -158.429856 -158.090564 2163.273518
v -162.993216 -157.608773 2163.273518
v -167.556577 -157.126983 2163.273518
v -172.119938 -156.645192 2163.273518
v -176.683298 -156.163401 2163.273518
v -181.246659 -155.681611 2163.273518
v -185.810019 -155.199820 2163.273518
v -190.373380 -154.718030 2163.273518
v -194.936741 -154.236239 2163.273518
v -199.500101 -153.754448 2163.273518
v -204.063462 -153.272658 2163.273518
v -208.626822 -152.790867 2163.273518
v -213.190183 -152.309077 2163.273518
v -217.753544 -151.827286 2163.273518
v -222.316904 -151.345496 2163.273518
v -34.313347 -68.704596 2469.898224
v -34.255049 -68.698348 2469.898224
v -34.196750 -68.692100 2469.898224
v -34.138451 -68.685853 2469.898224
v -34.080153 -68.679605 2469.898224
v -34.021854 -68.673358 2469.898224
v -33.963555 -68.667110 2469.898224
v -33.905256 -68.660862 2469.898224
v -33.846958 -68.654615 2469.898224
v -33.788659 -68.648367 2469.898224
v -33.730360 -68.642120 2469.898224
v -33.672062 -68.635872 2469.898224
v -33.613763 -68.629625 2469.898224
v -33.555464 -68.623377 2469.898224
v -33.497165 -68.617129 2469.898224
v -33.438867 -68.610882 2469.898224
v -33.380568 -68.604634 2469.898224
v -33.322269 -68.598387 2469.898224
v -33.263971 -68.592139 2469.898224
v -33.205672 -68.585891 2469.898224
v -33.147373 -68.579644 2469.898224
v -33.089074 -68.573396 2469.898224
v -33.030776 -68.567149 2469.898224
v -32.972477 -68.560901 2469.898224
v -32.914178 -68.554653 2469.898224
v -32.855880 -68.548406 2469.898224
v -32.797581 -68.542158 2469.898224
v -32.739282 -68.535911 2469.898224
v -32.680983 -68.529663 2469.898224
v -32.622685 -68.523416 2469.898224
v -32.564386 -68.517168 2469.898224
v -32.506087 -68.510920 2469.898224
v -32.447789 -68.504673 2469.898224
v -32.389490 -68.498425 2469.898224
v -32.331191 -68.492178 2469.898224
v -32.272893 -68.485930 2469.898224
v -32.214594 -68.479682 2469.898224
v -32.156295 -68.473435 2469.898224
v -32.097996 -68.467187 2469.898224
v -32.039698 -68.460940 2469.898224
v -31.981399 -68.454692 2469.898224
v -31.923100 -68.448444 2469.898224
v -31.864802 -68.442197 2469.898224
v -31.806503 -68.435949 2469.898224
v -31.748204 -68.429702 2469.898224
v -31.689905 -68.423454 2469.898224
v -31.631607 -68.417206 2469.898224
v -31.573308 -68.410959 2469.898224
v -31.515009 -68.404711 2469.898224
v -31.456711 -68.398464 2469.898224
v -31.398412 -68.392216 2469.898224
v -31.340113 -68.385969 2469.898224
v -31.281814 -68.379721 2469.898224
v -31.223516 -68.373473 2469.898224
v -31.165217 -68.367226 2469.898224
v -31.106918 -68.360978 2469.898224
v -31.048620 -68.354731 2469.898224
v -30.990321 -68.348483 2469.898224
v -30.932022 -68.342235 2469.898224
v -30.873723 -68.335988 2469.898224
v -30.815425 -68.329740 2469.898224
v -30.757126 -68.323493 2469.898224
v -30.698827 -68.317245 2469.898224
v -30.640529 -68.310997 2469.898224
v -30.582230 -68.304750 2469.898224
v -30.523931 -68.298502 2469.898224
v -30.465632 -68.292255 2469.898224
v -30.407334 -68.286007 2469.898224
v -30.349035 -68.279759 2469.898224
v -30.290736 -68.273512 2469.898224
v -30.232438 -68.267264 2469.898224
v -30.174139 -68.261017 2469.898224
v -30.115840 -68.254769 2469.898224
v -30.057541 -68.248522 2469.898224
v -29.999243 -68.242274 2469.898224
v -29.940944 -68.236026 2469.898224
v -29.882645 -68.229779 2469.898224
v -29.824347 -68.223531 2469.898224
v -29.766048 -68.217284 2469.898224
v 51.286315 -128.095995 2317.793055
v 48.993222 -127.860145 2317.793055
v 46.700129 -127.624295 2317.793055
v 44.407036 -127.388445 2317.793055
v 42.113942 -127.152595 2317.793055
v 39.820849 -126.916745 2317.793055
v 37.527756 -126.680894 2317.793055
v 35.234663 -126.445044 2317.793055
v 32.941570 -126.209194 2317.793055
v 30.648476 -125.973344 2317.793055
v 28.355383 -125.737494 2317.793055
v 26.062290 -125.501644 2317.793055
v 23.769197 -125.265794 2317.793055
v 21.476104 -125.029944 2317.793055
v 19.183010 -124.794094 2317.793055
v 16.889917 -124.558244 2317.793055
v 14.596824 -124.322393 2317.793055
v 12.303731 -124.086543 2317.793055
v 10.010638 -123.850693 2317.793055
v 7.717544 -123.614843 2317.793055
v 5.424451 -123.378993 2317.793055
v 3.131358 -123.143143 2317.793055
v 0.838265 -122.907293 2317.793055
v -1.454828 -122.671443 2317.793055
v -3.747922 -122.435593 2317.793055
v -6.041015 -122.199743 2317.793055
v -8.334108 -121.963893 2317.793055
v -10.627201 -121.728042 2317.793055
v -12.920294 -121.492192 2317.793055
v -15.213388 -121.256342 2317.793055
v -17.506481 -121.020492 2317.793055
v -19.799574 -120.784642 2317.793055
v -22.092667 -120.548792 2317.793055
v -24.385760 -120.312942 2317.793055
v -26.678854 -120.077092 2317.793055
v -28.971947 -119.841242 2317.793055
v -31.265040 -119.605392 2317.793055
v -33.558133 -119.369542 2317.793055
v -35.851226 -119.133691 2317.793055
v -38.144320 -118.897841 2317.793055
v -40.437413 -118.661991 2317.793055
v -42.730506 -118.426141 2317.793055
v -45.023599 -118.190291 2317.793055
v -47.316692 -117.954441 2317.793055
v -49.609786 -117.718591 2317.793055
v -51.902879 -117.482741 2317.793055
v -54.195972 -117.246891 2317.793055
v -56.489065 -117.011041 2317.793055
v -58.782158 -116.775190 2317.793055
v -61.075252 -116.539340 2317.793055
v -63.368345 -116.303490 2317.793055
v -65.661438 -116.067640 2317.793055
v -67.954531 -115.831790 2317.793055
v -70.247624 -115.595940 2317.793055
v -72.540718 -115.360090 2317.793055
v -74.833811 -115.124240 2317.793055
v -77.126904 -114.888390 2317.793055
v -79.419997 -114.652540 2317.793055
v -81.713090 -114.416690 2317.793055
v -84.006184 -114.180839 2317.793055
v -86.299277 -113.944989 2317.793055
v -88.592370 -113.709139 2317.793055
v -90.885463 -113.473289 2317.793055
v -93.178556 -113.237439 2317.793055
v -95.471650 -113.001589 2317.793055
v -97.764743 -112.765739 2317.793055
v -100.057836 -112.529889 2317.793055
v -102.350929 -112.294039 2317.793055
v -104.644022 -112.058189 2317.793055
v -106.937116 -111.822339 2317.793055
v -109.230209 -111.586488 2317.793055
v -111.523302 -111.350638 2317.793055
v -113.816395 -111.114788 2317.793055
v -116.109488 -110.878938 2317.793055
v -118.402582 -110.643088 2317.793055
v -120.695675 -110.407238 2317.793055
v -122.988768 -110.171388 2317.793055
v -125.281861 -109.935538 2317.793055
v -56.518492 -78.465332 2433.682708
v 8.958901 -97.568532 2395.052823
v 7.800942 -97.455652 2395.052823
v 6.642982 -97.342772 2395.052823
v 5.485023 -97.229892 2395.052823
v 4.327063 -97.117012 2395.052823
v 3.169104 -97.004132 2395.052823
v 2.011144 -96.891253 2395.052823
v 0.853185 -96.778373 2395.052823
v -0.304775 -96.665493 2395.052823
v -1.462734 -96.552613 2395.052823
v -2.620694 -96.439733 2395.052823
v -3.778653 -96.326853 2395.052823
v -4.936613 -96.213973 2395.052823
v -6.094572 -96.101094 2395.052823
v -7.252531 -95.988214 2395.052823
v -8.410491 -95.875334 2395.052823
v -9.568450 -95.762454 2395.052823
v -10.726410 -95.649574 2395.052823
v -11.884369 -95.536694 2395.052823
v -13.042329 -95.423815 2395.052823
v -14.200288 -95.310935 2395.052823
v -15.358248 -95.198055 2395.052823
v -16.516207 -95.085175 2395.052823
v -17.674167 -94.972295 2395.052823
v -18.832126 -94.859415 2395.052823
v -19.990086 -94.746536 2395.052823
v -21.148045 -94.633656 2395.052823
v -22.306005 -94.520776 2395.052823
v -23.463964 -94.407896 2395.052823
v -24.621924 -94.295016 2395.052823
v -25.779883 -94.182136 2395.052823
v -26.937843 -94.069256 2395.052823
v -28.095802 -93.956377 2395.052823
v -29.253762 -93.843497 2395.052823
v -30.411721 -93.730617 2395.052823
v -31.569681 -93.617737 2395.052823
v -32.727640 -93.504857 2395.052823
v -33.885600 -93.391977 2395.052823
v -35.043559 -93.279098 2395.052823
v -36.201519 -93.166218 2395.052823
v -37.359478 -93.053338 2395.052823
v -38.517438 -92.940458 2395.052823
v -39.675397 -92.827578 2395.052823
v -40.833357 -92.714698 2395.052823
v -41.991316 -92.601819 2395.052823
v -43.149276 -92.488939 2395.052823
v -44.307235 -92.376059 2395.052823
v -45.465195 -92.263179 2395.052823
v -46.623154 -92.150299 2395.052823
v -47.781114 -92.037419 2395.052823
v -48.939073 -91.924540 2395.052823
v -50.097033 -91.811660 2395.052823
v -51.254992 -91.698780 2395.052823
v -52.412952 -91.585900 2395.052823
v -53.570911 -91.473020 2395.052823
v -54.728871 -91.360140 2395.052823
v -55.886830 -91.247260 2395.052823
v -57.044790 -91.134381 2395.052823
v -58.202749 -91.021501 2395.052823
v -59.360709 -90.908621 2395.052823
v -60.518668 -90.795741 2395.052823
v -61.676628 -90.682861 2395.052823
v -62.834587 -90.569981 2395.052823
v -63.992547 -90.457102 2395.052823
v -65.150506 -90.344222 2395.052823
v -66.308466 -90.231342 2395.052823
v -67.466425 -90.118462 2395.052823
v -68.624385 -90.005582 2395.052823
v -69.782344 -89.892702 2395.052823
v -70.940303 -89.779823 2395.052823
v -72.098263 -89.666943 2395.052823
v -73.256222 -89.554063 2395.052823
v -74.414182 -89.441183 2395.052823
v -75.572141 -89.328303 2395.052823
v -76.730101 -89.215423 2395.052823
v -77.888060 -89.102543 2395.052823
v -79.046020 -88.989664 2395.052823
v -80.203979 -88.876784 2395.052823
v -10.467866 -82.474120 2433.682708
v -11.058259 -82.422725 2433.682708
v -11.648652 -82.371330 2433.682708
v -12.239044 -82.319935 2433.682708
v -12.829437 -82.268541 2433.682708
v -13.419829 -82.217146 2433.682708
v -14.010222 -82.165751 2433.682708
v -14.600615 -82.114357 2433.682708
v -15.191007 -82.062962 2433.682708
v -15.781400 -82.011567 2433.682708
v -16.371793 -81.960172 2433.682708
v -16.962185 -81.908778 2433.682708
v -17.552578 -81.857383 2433.682708
v -18.142971 -81.805988 2433.682708
v -18.733363 -81.754594 2433.682708
v -19.323756 -81.703199 2433.682708
v -19.914148 -81.651804 2433.682708
v -20.504541 -81.600409 2433.682708
v -21.094934 -81.549015 2433.682708
v -21.685326 -81.497620 2433.682708
v -22.275719 -81.446225 2433.682708
v -22.866112 -81.394831 2433.682708
v -23.456504 -81.343436 2433.682708
v -24.046897 -81.292041 2433.682708
v -24.637290 -81.240646 2433.682708
v -25.227682 -81.189252 2433.682708
v -25.818075 -81.137857 2433.682708
v -26.408467 -81.086462 2433.682708
v -26.998860 -81.035068 2433.682708
v -27.589253 -80.983673 2433.682708
v -28.179645 -80.932278 2433.682708
v -28.770038 -80.880883 2433.682708
v -29.360431 -80.829489 2433.682708
v -29.950823 -80.778094 2433.682708
v -30.541216 -80.726699 2433.682708
v -31.131609 -80.675305 2433.682708
v -31.722001 -80.623910 2433.682708
v -32.312394 -80.572515 2433.682708
v -32.902786 -80.521120 2433.682708
v -33.493179 -80.469726 2433.682708
v -34.083572 -80.418331 2433.682708
v -34.673964 -80.366936 2433.682708
v -35.264357 -80.315542 2433.682708
v -35.854750 -80.264147 2433.682708
v -36.445142 -80.212752 2433.682708
v -37.035535 -80.161357 2433.682708
v -37.625928 -80.109963 2433.682708
v -38.216320 -80.058568 2433.682708
v -38.806713 -80.007173 2433.682708
v -39.397105 -79.955779 2433.682708
v -39.987498 -79.904384 2433.682708
v -40.577891 -79.852989 2433.682708
v -41.168283 -79.801594 2433.682708
v -41.758676 -79.750200 2433.682708
v -42.349069 -79.698805 2433.682708
v -42.939461 -79.647410 2433.682708
v -43.529854 -79.596016 2433.682708
v -44.120247 -79.544621 2433.682708
v -44.710639 -79.493226 2433.682708
v -45.301032 -79.441831 2433.682708
v -45.891424 -79.390437 2433.682708
v -46.481817 -79.339042 2433.682708
v -47.072210 -79.287647 2433.682708
v -47.662602 -79.236253 2433.682708
v -48.252995 -79.184858 2433.682708
v -48.843388 -79.133463 2433.682708
v -49.433780 -79.082068 2433.682708
v -50.024173 -79.030674 2433.682708
v -50.614566 -78.979279 2433.682708
v -51.204958 -78.927884 2433.682708
v -51.795351 -78.876490 2433.682708
v -52.385743 -78.825095 2433.682708
v -52.976136 -78.773700 2433.682708
v -53.566529 -78.722305 2433.682708
v -54.156921 -78.670911 2433.682708
v -54.747314 -78.619516 2433.682708
v -55.337707 -78.568121 2433.682708
v -55.928099 -78.516727 2433.682708
v -35.793690 -69.355311 2467.483856
v -20.760230 -74.870474 2452.997650
v -21.066839 -74.849822 2452.997650
v -21.373448 -74.829169 2452.997650
v -21.680057 -74.808517 2452.997650
v -21.986667 -74.787865 2452.997650
v -22.293276 -74.767213 2452.997650
v -22.599885 -74.746561 2452.997650
v -22.906494 -74.725909 2452.997650
v -23.213103 -74.705257 2452.997650
v -23.519713 -74.684604 2452.997650
v -23.826322 -74.663952 2452.997650
v -24.132931 -74.643300 2452.997650
v -24.439540 -74.622648 2452.997650
v -24.746150 -74.601996 2452.997650
v -25.052759 -74.581344 2452.997650
v -25.359368 -74.560691 2452.997650
v -25.665977 -74.540039 2452.997650
v -25.972586 -74.519387 2452.997650
v -26.279196 -74.498735 2452.997650
v -26.585805 -74.478083 2452.997650
v -26.892414 -74.457431 2452.997650
v -27.199023 -74.436779 2452.997650
v -27.505632 -74.416126 2452.997650
v -27.812242 -74.395474 2452.997650
v -28.118851 -74.374822 2452.997650
v -28.425460 -74.354170 2452.997650
v -28.732069 -74.333518 2452.997650
v -29.038678 -74.312866 2452.997650
v -29.345288 -74.292213 2452.997650
v -29.651897 -74.271561 2452.997650
v -29.958506 -74.250909 2452.997650
v -30.265115 -74.230257 2452.997650
v -30.571725 -74.209605 2452.997650
v -30.878334 -74.188953 2452.997650
v -31.184943 -74.168301 2452.997650
v -31.491552 -74.147648 2452.997650
v -31.798161 -74.126996 2452.997650
v -32.104771 -74.106344 2452.997650
v -32.411380 -74.085692 2452.997650
v -32.717989 -74.065040 2452.997650
v -33.024598 -74.044388 2452.997650
v -33.331207 -74.023735 2452.997650
v -33.637817 -74.003083 2452.997650
v -33.944426 -73.982431 2452.997650
v -34.251035 -73.961779 2452.997650
v -34.557644 -73.941127 2452.997650
v -34.864253 -73.920475 2452.997650
v -35.170863 -73.899823 2452.997650
v -35.477472 -73.879170 2452.997650
v -35.784081 -73.858518 2452.997650
v -36.090690 -73.837866 2452.997650
v -36.397300 -73.817214 2452.997650
v -36.703909 -73.796562 2452.997650
v -37.010518 -73.775910 2452.997650
v -37.317127 -73.755258 2452.997650
v -37.623736 -73.734605 2452.997650
v -37.930346 -73.713953 2452.997650
v -38.236955 -73.693301 2452.997650
v -38.543564 -73.672649 2452.997650
v -38.850173 -73.651997 2452.997650
v -39.156782 -73.631345 2452.997650
v -39.463392 -73.610692 2452.997650
v -39.770001 -73.590040 2452.997650
v -40.076610 -73.569388 2452.997650
v -40.383219 -73.548736 2452.997650
v -40.689828 -73.528084 2452.997650
v -40.996438 -73.507432 2452.997650
v -41.303047 -73.486780 2452.997650
v -41.609656 -73.466127 2452.997650
v -41.916265 -73.445475 2452.997650
v -42.222875 -73.424823 2452.997650
v -42.529484 -73.404171 2452.997650
v -42.836093 -73.383519 2452.997650
v -43.142702 -73.362867 2452.997650
v -43.449311 -73.342214 2452.997650
v -43.755921 -73.321562 2452.997650
v -44.062530 -73.300910 2452.997650
v -44.369139 -73.280258 2452.997650
v -25.906412 -71.068651 2462.655121
v -26.071129 -71.063370 2462.655121
v -26.235847 -71.058089 2462.655121
v -26.400564 -71.052808 2462.655121
v -26.565282 -71.047527 2462.655121
v -26.729999 -71.042246 2462.655121
v -26.894717 -71.036966 2462.655121
v -27.059434 -71.031685 2462.655121
v -27.224152 -71.026404 2462.655121
v -27.388869 -71.021123 2462.655121
v -27.553587 -71.015842 2462.655121
v -27.718304 -71.010561 2462.655121
v -27.883022 -71.005280 2462.655121
v -28.047739 -70.999999 2462.655121
v -28.212457 -70.994719 2462.655121
v -28.377174 -70.989438 2462.655121
v -28.541892 -70.984157 2462.655121
v -28.706609 -70.978876 2462.655121
v -28.871327 -70.973595 2462.655121
v -29.036044 -70.968314 2462.655121
v -29.200762 -70.963033 2462.655121
v -29.365479 -70.957753 2462.655121
v -29.530197 -70.952472 2462.655121
v -29.694914 -70.947191 2462.655121
v -29.859631 -70.941910 2462.655121
v -30.024349 -70.936629 2462.655121
v -30.189066 -70.931348 2462.655121
v -30.353784 -70.926067 2462.655121
v -30.518501 -70.920786 2462.655121
v -30.683219 -70.915506 2462.655121
v -30.847936 -70.910225 2462.655121
v -31.012654 -70.904944 2462.655121
v -31.177371 -70.899663 2462.655121
v -31.342089 -70.894382 2462.655121
v -31.506806 -70.889101 2462.655121
v -31.671524 -70.883820 2462.655121
v -31.836241 -70.878539 2462.655121
v -32.000959 -70.873259 2462.655121
v -32.165676 -70.867978 2462.655121
v -32.330394 -70.862697 2462.655121
v -32.495111 -70.857416 2462.655121
v -32.659829 -70.852135 2462.655121
v -32.824546 -70.846854 2462.655121
v -32.989264 -70.841573 2462.655121
v -33.153981 -70.836292 2462.655121
v -33.318699 -70.831012 2462.655121
v -33.483416 -70.825731 2462.655121
v -33.648134 -70.820450 2462.655121
v -33.812851 -70.815169 2462.655121
v -33.977569 -70.809888 2462.655121
v -34.142286 -70.804607 2462.655121
v -34.307004 -70.799326 2462.655121
v -34.471721 -70.794046 2462.655121
v -34.636439 -70.788765 2462.655121
v -34.801156 -70.783484 2462.655121
v -34.965874 -70.778203 2462.655121
v -35.130591 -70.772922 2462.655121
v -35.295309 -70.767641 2462.655121
v -35.460026 -70.762360 2462.655121
v -35.624744 -70.757079 2462.655121
v -35.789461 -70.751799 2462.655121
v -35.954179 -70.746518 2462.655121
v -36.118896 -70.741237 2462.655121
v -36.283614 -70.735956 2462.655121
v -36.448331 -70.730675 2462.655121
v -36.613049 -70.725394 2462.655121
v -36.777766 -70.720113 2462.655121
v -36.942484 -70.714832 2462.655121
v -37.107201 -70.709552 2462.655121
v -37.271919 -70.704271 2462.655121
v -37.436636 -70.698990 2462.655121
v -37.601354 -70.693709 2462.655121
v -37.766071 -70.688428 2462.655121
v -37.930789 -70.683147 2462.655121
v -38.095506 -70.677866 2462.655121
v -38.260224 -70.672585 2462.655121
v -38.424941 -70.667305 2462.655121
v -38.589659 -70.662024 2462.655121
v -38.754376 -70.656743 2462.655121
v -28.573274 -69.170144 2467.483856
v -28.667046 -69.172549 2467.483856
v -28.760817 -69.174954 2467.483856
v -28.854589 -69.177358 2467.483856
v -28.948361 -69.179763 2467.483856
v -29.042132 -69.182168 2467.483856
v -29.135904 -69.184573 2467.483856
v -29.229676 -69.186977 2467.483856
v -29.323447 -69.189382 2467.483856
v -29.417219 -69.191787 2467.483856
v -29.510990 -69.194192 2467.483856
v -29.604762 -69.196597 2467.483856
v -29.698534 -69.199001 2467.483856
v -29.792305 -69.201406 2467.483856
v -29.886077 -69.203811 2467.483856
v -29.979849 -69.206216 2467.483856
v -30.073620 -69.208620 2467.483856
v -30.167392 -69.211025 2467.483856
v -30.261164 -69.213430 2467.483856
v -30.354935 -69.215835 2467.483856
v -30.448707 -69.218239 2467.483856
v -30.542479 -69.220644 2467.483856
v -30.636250 -69.223049 2467.483856
v -30.730022 -69.225454 2467.483856
v -30.823793 -69.227859 2467.483856
v -30.917565 -69.230263 2467.483856
v -31.011337 -69.232668 2467.483856
v -31.105108 -69.235073 2467.483856
v -31.198880 -69.237478 2467.483856
v -31.292652 -69.239882 2467.483856
v -31.386423 -69.242287 2467.483856
v -31.480195 -69.244692 2467.483856
v -31.573967 -69.247097 2467.483856
v -31.667738 -69.249502 2467.483856
v -31.761510 -69.251906 2467.483856
v -31.855282 -69.254311 2467.483856
v -31.949053 -69.256716 2467.483856
v -32.042825 -69.259121 2467.483856
v -32.136596 -69.261525 2467.483856
v -32.230368 -69.263930 2467.483856
v -32.324140 -69.266335 2467.483856
v -32.417911 -69.268740 2467.483856
v -32.511683 -69.271144 2467.483856
v -32.605455 -69.273549 2467.483856
v -32.699226 -69.275954 2467.483856
v -32.792998 -69.278359 2467.483856
v -32.886770 -69.280764 2467.483856
v -32.980541 -69.283168 2467.483856
v -33.074313 -69.285573 2467.483856
v -33.168084 -69.287978 2467.483856
v -33.261856 -69.290383 2467.483856
v -33.355628 -69.292787 2467.483856
v -33.449399 -69.295192 2467.483856
v -33.543171 -69.297597 2467.483856
v -33.636943 -69.300002 2467.483856
v -33.730714 -69.302406 2467.483856
v -33.824486 -69.304811 2467.483856
v -33.918258 -69.307216 2467.483856
v -34.012029 -69.309621 2467.483856
v -34.105801 -69.312026 2467.483856
v -34.199573 -69.314430 2467.483856
v -34.293344 -69.316835 2467.483856
v -34.387116 -69.319240 2467.483856
v -34.480887 -69.321645 2467.483856
v -34.574659 -69.324049 2467.483856
v -34.668431 -69.326454 2467.483856
v -34.762202 -69.328859 2467.483856
v -34.855974 -69.331264 2467.483856
v -34.949746 -69.333668 2467.483856
v -35.043517 -69.336073 2467.483856
v -35.137289 -69.338478 2467.483856
v -35.231061 -69.340883 2467.483856
v -35.324832 -69.343288 2467.483856
v -35.418604 -69.345692 2467.483856
v -35.512375 -69.348097 2467.483856
v -35.606147 -69.350502 2467.483856
v -35.699919 -69.352907 2467.483856
v 53.224059 -125.234396 2317.793055
v -20.515638 -74.491007 2452.997650
v -25.763242 -13.325196 2395.052823
v -32.190182 -62.790925 2467.483856
v 159.332632 1411.287778 309.039074
v 172.017922 1381.923368 309.039074
v 184.703212 1352.558958 309.039074
v 197.388502 1323.194549 309.039074
v 210.073792 1293.830139 309.039074
v 222.759083 1264.465730 309.039074
v 235.444373 1235.101320 309.039074
v 248.129663 1205.736910 309.039074
v 260.814953 1176.372501 309.039074
v 273.500243 1147.008091 309.039074
v 286.185533 1117.643681 309.039074
v 298.870823 1088.279272 309.039074
v 311.556113 1058.914862 309.039074
v 324.241404 1029.550453 309.039074
v 336.926694 1000.186043 309.039074
v 349.611984 970.821633 309.039074
v 362.297274 941.457224 309.039074
v 374.982564 912.092814 309.039074
v 387.667854 882.728405 309.039074
v 400.353144 853.363995 309.039074
v 413.038435 823.999585 309.039074
v 425.723725 794.635176 309.039074
v 438.409015 765.270766 309.039074
v 451.094305 735.906356 309.039074
v 463.779595 706.541947 309.039074
v 476.464885 677.177537 309.039074
v 489.150175 647.813128 309.039074
v 501.835465 618.448718 309.039074
v 514.520756 589.084308 309.039074
v 527.206046 559.719899 309.039074
v 539.891336 530.355489 309.039074
v 552.576626 500.991080 309.039074
v 565.261916 471.626670 309.039074
v 577.947206 442.262260 309.039074
v 590.632496 412.897851 309.039074
v 603.317786 383.533441 309.039074
v 616.003077 354.169032 309.039074
v 628.688367 324.804622 309.039074
v 641.373657 295.440212 309.039074
v 654.058947 266.075803 309.039074
v 666.744237 236.711393 309.039074
v 679.429527 207.346983 309.039074
v 692.114817 177.982574 309.039074
v 704.800108 148.618164 309.039074
v 717.485398 119.253755 309.039074
v 730.170688 89.889345 309.039074
v 742.855978 60.524935 309.039074
v 755.541268 31.160526 309.039074
v 768.226558 1.796116 309.039074
v 780.911848 -27.568293 309.039074
v 793.597138 -56.932703 309.039074
v 806.282429 -86.297113 309.039074
v 818.967719 -115.661522 309.039074
v 831.653009 -145.025932 309.039074
v 844.338299 -174.390342 309.039074
v 857.023589 -203.754751 309.039074
v 869.708879 -233.119161 309.039074
v 882.394169 -262.483570 309.039074
v 895.079459 -291.847980 309.039074
v 907.764750 -321.212390 309.039074
v 920.450040 -350.576799 309.039074
v 933.135330 -379.941209 309.039074
v 945.820620 -409.305618 309.039074
v 958.505910 -438.670028 309.039074
v 971.191200 -468.034438 309.039074
v 983.876490 -497.398847 309.039074
v 996.561781 -526.763257 309.039074
v 1009.247071 -556.127666 309.039074
v 1021.932361 -585.492076 309.039074
v 1034.617651 -614.856486 309.039074
v 1047.302941 -644.220895 309.039074
v 1059.988231 -673.585305 309.039074
v 1072.673521 -702.949715 309.039074
v 1085.358811 -732.314124 309.039074
v 1098.044102 -761.678534 309.039074
v 1110.729392 -791.042943 309.039074
v 1123.414682 -820.407353 309.039074
v 1136.099972 -849.771763 309.039074
v 1148.785262 -879.136172 309.039074
v 131.911021 1200.234004 618.078148
v 142.787000 1175.062397 618.078148
v 153.662979 1149.890791 618.078148
v 164.538958 1124.719185 618.078148
v 175.414937 1099.547579 618.078148
v 186.290916 1074.375972 618.078148
v 197.166895 1049.204366 618.078148
v 208.042874 1024.032760 618.078148
v 218.918853 998.861154 618.078148
v 229.794832 973.689547 618.078148
v 240.670811 948.517941 618.078148
v 251.546790 923.346335 618.078148
v 262.422769 898.174729 618.078148
v 273.298748 873.003122 618.078148
v 284.174727 847.831516 618.078148
v 295.050706 822.659910 618.078148
v 305.926685 797.488304 618.078148
v 316.802664 772.316697 618.078148
v 327.678643 747.145091 618.078148
v 338.554622 721.973485 618.078148
v 349.430601 696.801879 618.078148
v 360.306580 671.630272 618.078148
v 371.182559 646.458666 618.078148
v 382.058538 621.287060 618.078148
v 392.934517 596.115454 618.078148
v 403.810497 570.943848 618.078148
v 414.686476 545.772241 618.078148
v 425.562455 520.600635 618.078148
v 436.438434 495.429029 618.078148
v 447.314413 470.257423 618.078148
v 458.190392 445.085816 618.078148
v 469.066371 419.914210 618.078148
v 479.942350 394.742604 618.078148
v 490.818329 369.570998 618.078148
v 501.694308 344.399391 618.078148
v 512.570287 319.227785 618.078148
v 523.446266 294.056179 618.078148
v 534.322245 268.884573 618.078148
v 545.198224 243.712966 618.078148
v 556.074203 218.541360 618.078148
v 566.950182 193.369754 618.078148
v 577.826161 168.198148 618.078148
v 588.702140 143.026541 618.078148
v 599.578119 117.854935 618.078148
v 610.454098 92.683329 618.078148
v 621.330077 67.511723 618.078148
v 632.206056 42.340116 618.078148
v 643.082035 17.168510 618.078148
v 653.958014 -8.003096 618.078148
v 664.833993 -33.174702 618.078148
v 675.709972 -58.346309 618.078148
v 686.585951 -83.517915 618.078148
v 697.461930 -108.689521 618.078148
v 708.337909 -133.861127 618.078148
v 719.213888 -159.032734 618.078148
v 730.089867 -184.204340 618.078148
v 740.965846 -209.375946 618.078148
v 751.841825 -234.547552 618.078148
v 762.717804 -259.719159 618.078148
v 773.593783 -284.890765 618.078148
v 784.469762 -310.062371 618.078148
v 795.345741 -335.233977 618.078148
v 806.221720 -360.405584 618.078148
v 817.097699 -385.577190 618.078148
v 827.973678 -410.748796 618.078148
v 838.849657 -435.920402 618.078148
v 849.725636 -461.092009 618.078148
v 860.601615 -486.263615 618.078148
v 871.477594 -511.435221 618.078148
v 882.353573 -536.606827 618.078148
v 893.229552 -561.778434 618.078148
v 904.105532 -586.950040 618.078148
v 914.981511 -612.121646 618.078148
v 925.857490 -637.293252 618.078148
v 936.733469 -662.464859 618.078148
v 947.609448 -687.636465 618.078148
v 958.485427 -712.808071 618.078148
v 969.361406 -737.979677 618.078148
v 980.237385 -763.151284 618.078148
v 104.489410 989.180230 927.117222
v 113.556078 968.201427 927.117222
v 122.622746 947.222624 927.117222
v 131.689414 926.243821 927.117222
v 140.756082 905.265018 927.117222
v 149.822750 884.286215 927.117222
v 158.889417 863.307412 927.117222
v 167.956085 842.328610 927.117222
v 177.022753 821.349807 927.117222
v 186.089421 800.371004 927.117222
v 195.156089 779.392201 927.117222
v 204.222757 758.413398 927.117222
v 213.289425 737.434595 927.117222
v 222.356093 716.455792 927.117222
v 231.422761 695.476989 927.117222
v 240.489429 674.498187 927.117222
v 249.556097 653.519384 927.117222
v 258.622765 632.540581 927.117222
v 267.689432 611.561778 927.117222
v 276.756100 590.582975 927.117222
v 285.822768 569.604172 927.117222
v 294.889436 548.625369 927.117222
v 303.956104 527.646566 927.117222
v 313.022772 506.667764 927.117222
v 322.089440 485.688961 927.117222
v 331.156108 464.710158 927.117222
v 340.222776 443.731355 927.117222
v 349.289444 422.752552 927.117222
v 358.356112 401.773749 927.117222
v 367.422779 380.794946 927.117222
v 376.489447 359.816143 927.117222
v 385.556115 338.837340 927.117222
v 394.622783 317.858538 927.117222
v 403.689451 296.879735 927.117222
v 412.756119 275.900932 927.117222
v 421.822787 254.922129 927.117222
v 430.889455 233.943326 927.117222
v 439.956123 212.964523 927.117222
v 449.022791 191.985720 927.117222
v 458.089459 171.006917 927.117222
v 467.156127 150.028115 927.117222
v 476.222794 129.049312 927.117222
v 485.289462 108.070509 927.117222
v 494.356130 87.091706 927.117222
v 503.422798 66.112903 927.117222
v 512.489466 45.134100 927.117222
v 521.556134 24.155297 927.117222
v 530.622802 3.176494 927.117222
v 539.689470 -17.802308 927.117222
v 548.756138 -38.781111 927.117222
v 557.822806 -59.759914 927.117222
v 566.889474 -80.738717 927.117222
v 575.956141 -101.717520 927.117222
v 585.022809 -122.696323 927.117222
v 594.089477 -143.675126 927.117222
v 603.156145 -164.653929 927.117222
v 612.222813 -185.632731 927.117222
v 621.289481 -206.611534 927.117222
v 630.356149 -227.590337 927.117222
v 639.422817 -248.569140 927.117222
v 648.489485 -269.547943 927.117222
v 657.556153 -290.526746 927.117222
v 666.622821 -311.505549 927.117222
v 675.689489 -332.484352 927.117222
v 684.756156 -353.463155 927.117222
v 693.822824 -374.441957 927.117222
v 702.889492 -395.420760 927.117222
v 711.956160 -416.399563 927.117222
v 721.022828 -437.378366 927.117222
v 730.089496 -458.357169 927.117222
v 739.156164 -479.335972 927.117222
v 748.222832 -500.314775 927.117222
v 757.289500 -521.293578 927.117222
v 766.356168 -542.272380 927.117222
v 775.422836 -563.251183 927.117222
v 784.489503 -584.229986 927.117222
v 793.556171 -605.208789 927.117222
v 802.622839 -626.187592 927.117222
v 811.689507 -647.166395 927.117222
v 77.067799 778.126456 1236.156296
v 84.325156 761.340456 1236.156296
v 91.582513 744.554457 1236.156296
v 98.839869 727.768457 1236.156296
v 106.097226 710.982458 1236.156296
v 113.354583 694.196458 1236.156296
v 120.611940 677.410459 1236.156296
v 127.869297 660.624459 1236.156296
v 135.126653 643.838460 1236.156296
v 142.384010 627.052460 1236.156296
v 149.641367 610.266461 1236.156296
v 156.898724 593.480461 1236.156296
v 164.156081 576.694462 1236.156296
v 171.413438 559.908462 1236.156296
v 178.670794 543.122463 1236.156296
v 185.928151 526.336463 1236.156296
v 193.185508 509.550464 1236.156296
v 200.442865 492.764464 1236.156296
v 207.700222 475.978465 1236.156296
v 214.957578 459.192465 1236.156296
v 222.214935 442.406466 1236.156296
v 229.472292 425.620466 1236.156296
v 236.729649 408.834467 1236.156296
v 243.987006 392.048467 1236.156296
v 251.244362 375.262468 1236.156296
v 258.501719 358.476468 1236.156296
v 265.759076 341.690468 1236.156296
v 273.016433 324.904469 1236.156296
v 280.273790 308.118469 1236.156296
v 287.531146 291.332470 1236.156296
v 294.788503 274.546470 1236.156296
v 302.045860 257.760471 1236.156296
v 309.303217 240.974471 1236.156296
v 316.560574 224.188472 1236.156296
v 323.817930 207.402472 1236.156296
v 331.075287 190.616473 1236.156296
v 338.332644 173.830473 1236.156296
v 345.590001 157.044474 1236.156296
v 352.847358 140.258474 1236.156296
v 360.104714 123.472475 1236.156296
v 367.362071 106.686475 1236.156296
v 374.619428 89.900476 1236.156296
v 381.876785 73.114476 1236.156296
v 389.134142 56.328477 1236.156296
v 396.391498 39.542477 1236.156296
v 403.648855 22.756478 1236.156296
v 410.906212 5.970478 1236.156296
v 418.163569 -10.815521 1236.156296
v 425.420926 -27.601521 1236.156296
v 432.678282 -44.387520 1236.156296
v 439.935639 -61.173520 1236.156296
v 447.192996 -77.959519 1236.156296
v 454.450353 -94.745519 1236.156296
v 461.707710 -111.531518 1236.156296
v 468.965066 -128.317518 1236.156296
v 476.222423 -145.103517 1236.156296
v 483.479780 -161.889517 1236.156296
v 490.737137 -178.675516 1236.156296
v 497.994494 -195.461516 1236.156296
v 505.251851 -212.247515 1236.156296
v 512.509207 -229.033515 1236.156296
v 519.766564 -245.819514 1236.156296
v 527.023921 -262.605514 1236.156296
v 534.281278 -279.391513 1236.156296
v 541.538635 -296.177513 1236.156296
v 548.795991 -312.963512 1236.156296
v 556.053348 -329.749512 1236.156296
v 563.310705 -346.535512 1236.156296
v 570.568062 -363.321511 1236.156296
v 577.825419 -380.107511 1236.156296
v 585.082775 -396.893510 1236.156296
v 592.340132 -413.679510 1236.156296
v 599.597489 -430.465509 1236.156296
v 606.854846 -447.251509 1236.156296
v 614.112203 -464.037508 1236.156296
v 621.369559 -480.823508 1236.156296
v 628.626916 -497.609507 1236.156296
v 635.884273 -514.395507 1236.156296
v 643.141630 -531.181506 1236.156296
v 49.646188 567.072682 1545.195370
v 55.094234 554.479486 1545.195370
v 60.542280 541.886290 1545.195370
v 65.990325 529.293093 1545.195370
v 71.438371 516.699897 1545.195370
v 76.886417 504.106701 1545.195370
v 82.334462 491.513505 1545.195370
v 87.782508 478.920309 1545.195370
v 93.230554 466.327113 1545.195370
v 98.678599 453.733917 1545.195370
v 104.126645 441.140720 1545.195370
v 109.574691 428.547524 1545.195370
v 115.022736 415.954328 1545.195370
v 120.470782 403.361132 1545.195370
v 125.918828 390.767936 1545.195370
v 131.366874 378.174740 1545.195370
v 136.814919 365.581544 1545.195370
v 142.262965 352.988347 1545.195370
v 147.711011 340.395151 1545.195370
v 153.159056 327.801955 1545.195370
v 158.607102 315.208759 1545.195370
v 164.055148 302.615563 1545.195370
v 169.503193 290.022367 1545.195370
v 174.951239 277.429171 1545.195370
v 180.399285 264.835974 1545.195370
v 185.847331 252.242778 1545.195370
v 191.295376 239.649582 1545.195370
v 196.743422 227.056386 1545.195370
v 202.191468 214.463190 1545.195370
v 207.639513 201.869994 1545.195370
v 213.087559 189.276798 1545.195370
v 218.535605 176.683601 1545.195370
v 223.983650 164.090405 1545.195370
v 229.431696 151.497209 1545.195370
v 234.879742 138.904013 1545.195370
v 240.327787 126.310817 1545.195370
v 245.775833 113.717621 1545.195370
v 251.223879 101.124425 1545.195370
v 256.671925 88.531228 1545.195370
v 262.119970 75.938032 1545.195370
v 267.568016 63.344836 1545.195370
v 273.016062 50.751640 1545.195370
v 278.464107 38.158444 1545.195370
v 283.912153 25.565248 1545.195370
v 289.360199 12.972051 1545.195370
v 294.808244 0.378855 1545.195370
v 300.256290 -12.214341 1545.195370
v 305.704336 -24.807537 1545.195370
v 311.152382 -37.400733 1545.195370
v 316.600427 -49.993929 1545.195370
v 322.048473 -62.587125 1545.195370
v 327.496519 -75.180322 1545.195370
v 332.944564 -87.773518 1545.195370
v 338.392610 -100.366714 1545.195370
v 343.840656 -112.959910 1545.195370
v 349.288701 -125.553106 1545.195370
v 354.736747 -138.146302 1545.195370
v 360.184793 -150.739498 1545.195370
v 365.632838 -163.332695 1545.195370
v 371.080884 -175.925891 1545.195370
v 376.528930 -188.519087 1545.195370
v 381.976976 -201.112283 1545.195370
v 387.425021 -213.705479 1545.195370
v 392.873067 -226.298675 1545.195370
v 398.321113 -238.891871 1545.195370
v 403.769158 -251.485068 1545.195370
v 409.217204 -264.078264 1545.195370
v 414.665250 -276.671460 1545.195370
v 420.113295 -289.264656 1545.195370
v 425.561341 -301.857852 1545.195370
v 431.009387 -314.451048 1545.195370
v 436.457432 -327.044244 1545.195370
v 441.905478 -339.637441 1545.195370
v 447.353524 -352.230637 1545.195370
v 452.801570 -364.823833 1545.195370
v 458.249615 -377.417029 1545.195370
v 463.697661 -390.010225 1545.195370
v 469.145707 -402.603421 1545.195370
v 474.593752 -415.196617 1545.195370
v 22.224577 356.018908 1854.234444
v 25.863312 347.618515 1854.234444
v 29.502046 339.218122 1854.234444
v 33.140781 330.817730 1854.234444
v 36.779516 322.417337 1854.234444
v 40.418250 314.016944 1854.234444
v 44.056985 305.616551 1854.234444
v 47.695719 297.216159 1854.234444
v 51.334454 288.815766 1854.234444
v 54.973188 280.415373 1854.234444
v 58.611923 272.014980 1854.234444
v 62.250658 263.614587 1854.234444
v 65.889392 255.214195 1854.234444
v 69.528127 246.813802 1854.234444
v 73.166861 238.413409 1854.234444
v 76.805596 230.013016 1854.234444
v 80.444331 221.612624 1854.234444
v 84.083065 213.212231 1854.234444
v 87.721800 204.811838 1854.234444
v 91.360534 196.411445 1854.234444
v 94.999269 188.011052 1854.234444
v 98.638003 179.610660 1854.234444
v 102.276738 171.210267 1854.234444
v 105.915473 162.809874 1854.234444
v 109.554207 154.409481 1854.234444
v 113.192942 146.009089 1854.234444
v 116.831676 137.608696 1854.234444
v 120.470411 129.208303 1854.234444
v 124.109146 120.807910 1854.234444
v 127.747880 112.407517 1854.234444
v 131.386615 104.007125 1854.234444
v 135.025349 95.606732 1854.234444
v 138.664084 87.206339 1854.234444
v 142.302819 78.805946 1854.234444
v 145.941553 70.405554 1854.234444
v 149.580288 62.005161 1854.234444
v 153.219022 53.604768 1854.234444
v 156.857757 45.204375 1854.234444
v 160.496491 36.803982 1854.234444
v 164.135226 28.403590 1854.234444
v 167.773961 20.003197 1854.234444
v 171.412695 11.602804 1854.234444
v 175.051430 3.202411 1854.234444
v 178.690164 -5.197982 1854.234444
v 182.328899 -13.598374 1854.234444
v 185.967634 -21.998767 1854.234444
v 189.606368 -30.399160 1854.234444
v 193.245103 -38.799553 1854.234444
v 196.883837 -47.199945 1854.234444
v 200.522572 -55.600338 1854.234444
v 204.161307 -64.000731 1854.234444
v 207.800041 -72.401124 1854.234444
v 211.438776 -80.801517 1854.234444
v 215.077510 -89.201909 1854.234444
v 218.716245 -97.602302 1854.234444
v 222.354979 -106.002695 1854.234444
v 225.993714 -114.403088 1854.234444
v 229.632449 -122.803480 1854.234444
v 233.271183 -131.203873 1854.234444
v 236.909918 -139.604266 1854.234444
v 240.548652 -148.004659 1854.234444
v 244.187387 -156.405052 1854.234444
v 247.826122 -164.805444 1854.234444
v 251.464856 -173.205837 1854.234444
v 255.103591 -181.606230 1854.234444
v 258.742325 -190.006623 1854.234444
v 262.381060 -198.407015 1854.234444
v 266.019794 -206.807408 1854.234444
v 269.658529 -215.207801 1854.234444
v 273.297264 -223.608194 1854.234444
v 276.935998 -232.008587 1854.234444
v 280.574733 -240.408979 1854.234444
v 284.213467 -248.809372 1854.234444
v 287.852202 -257.209765 1854.234444
v 291.490937 -265.610158 1854.234444
v 295.129671 -274.010550 1854.234444
v 298.768406 -282.410943 1854.234444
v 302.407140 -290.811336 1854.234444
v 306.045875 -299.211729 1854.234444
v -5.197034 144.965134 2163.273518
v -3.367610 140.757545 2163.273518
v -1.538187 136.549955 2163.273518
v 0.291237 132.342366 2163.273518
v 2.120660 128.134776 2163.273518
v 3.950084 123.927187 2163.273518
v 5.779507 119.719598 2163.273518
v 7.608931 115.512008 2163.273518
v 9.438354 111.304419 2163.273518
v 11.267778 107.096829 2163.273518
v 13.097201 102.889240 2163.273518
v 14.926624 98.681651 2163.273518
v 16.756048 94.474061 2163.273518
v 18.585471 90.266472 2163.273518
v 20.414895 86.058882 2163.273518
v 22.244318 81.851293 2163.273518
v 24.073742 77.643703 2163.273518
v 25.903165 73.436114 2163.273518
v 27.732589 69.228525 2163.273518
v 29.562012 65.020935 2163.273518
v 31.391436 60.813346 2163.273518
v 33.220859 56.605756 2163.273518
v 35.050283 52.398167 2163.273518
v 36.879706 48.190578 2163.273518
v 38.709130 43.982988 2163.273518
v 40.538553 39.775399 2163.273518
v 42.367977 35.567809 2163.273518
v 44.197400 31.360220 2163.273518
v 46.026824 27.152631 2163.273518
v 47.856247 22.945041 2163.273518
v 49.685671 18.737452 2163.273518
v 51.515094 14.529862 2163.273518
v 53.344518 10.322273 2163.273518
v 55.173941 6.114683 2163.273518
v 57.003364 1.907094 2163.273518
v 58.832788 -2.300495 2163.273518
v 60.662211 -6.508085 2163.273518
v 62.491635 -10.715674 2163.273518
v 64.321058 -14.923264 2163.273518
v 66.150482 -19.130853 2163.273518
v 67.979905 -23.338442 2163.273518
v 69.809329 -27.546032 2163.273518
v 71.638752 -31.753621 2163.273518
v 73.468176 -35.961211 2163.273518
v 75.297599 -40.168800 2163.273518
v 77.127023 -44.376389 2163.273518
v 78.956446 -48.583979 2163.273518
v 80.785870 -52.791568 2163.273518
v 82.615293 -56.999158 2163.273518
v 84.444717 -61.206747 2163.273518
v 86.274140 -65.414337 2163.273518
v 88.103564 -69.621926 2163.273518
v 89.932987 -73.829515 2163.273518
v 91.762411 -78.037105 2163.273518
v 93.591834 -82.244694 2163.273518
v 95.421258 -86.452284 2163.273518
v 97.250681 -90.659873 2163.273518
v 99.080104 -94.867462 2163.273518
v 100.909528 -99.075052 2163.273518
v 102.738951 -103.282641 2163.273518
v 104.568375 -107.490231 2163.273518
v 106.397798 -111.697820 2163.273518
v 108.227222 -115.905409 2163.273518
v 110.056645 -120.112999 2163.273518
v 111.886069 -124.320588 2163.273518
v 113.715492 -128.528178 2163.273518
v 115.544916 -132.735767 2163.273518
v 117.374339 -136.943357 2163.273518
v 119.203763 -141.150946 2163.273518
v 121.033186 -145.358535 2163.273518
v 122.862610 -149.566125 2163.273518
v 124.692033 -153.773714 2163.273518
v 126.521457 -157.981304 2163.273518
v 128.350880 -162.188893 2163.273518
v 130.180304 -166.396482 2163.273518
v 132.009727 -170.604072 2163.273518
v 133.839151 -174.811661 2163.273518
v 135.668574 -179.019251 2163.273518
v 137.497998 -183.226840 2163.273518
v -29.733100 -68.148083 2469.898224
v -29.767347 -68.100541 2469.898224
v -29.801595 -68.052999 2469.898224
v -29.835842 -68.005456 2469.898224
v -29.870090 -67.957914 2469.898224
v -29.904338 -67.910372 2469.898224
v -29.938585 -67.862829 2469.898224
v -29.972833 -67.815287 2469.898224
v -30.007081 -67.767745 2469.898224
v -30.041328 -67.720202 2469.898224
v -30.075576 -67.672660 2469.898224
v -30.109823 -67.625118 2469.898224
v -30.144071 -67.577575 2469.898224
v -30.178319 -67.530033 2469.898224
v -30.212566 -67.482491 2469.898224
v -30.246814 -67.434949 2469.898224
v -30.281061 -67.387406 2469.898224
v -30.315309 -67.339864 2469.898224
v -30.349557 -67.292322 2469.898224
v -30.383804 -67.244779 2469.898224
v -30.418052 -67.197237 2469.898224
v -30.452299 -67.149695 2469.898224
v -30.486547 -67.102152 2469.898224
v -30.520795 -67.054610 2469.898224
v -30.555042 -67.007068 2469.898224
v -30.589290 -66.959525 2469.898224
v -30.623538 -66.911983 2469.898224
v -30.657785 -66.864441 2469.898224
v -30.692033 -66.816898 2469.898224
v -30.726280 -66.769356 2469.898224
v -30.760528 -66.721814 2469.898224
v -30.794776 -66.674271 2469.898224
v -30.829023 -66.626729 2469.898224
v -30.863271 -66.579187 2469.898224
v -30.897518 -66.531644 2469.898224
v -30.931766 -66.484102 2469.898224
v -30.966014 -66.436560 2469.898224
v -31.000261 -66.389017 2469.898224
v -31.034509 -66.341475 2469.898224
v -31.068757 -66.293933 2469.898224
v -31.103004 -66.246390 2469.898224
v -31.137252 -66.198848 2469.898224
v -31.171499 -66.151306 2469.898224
v -31.205747 -66.103764 2469.898224
v -31.239995 -66.056221 2469.898224
v -31.274242 -66.008679 2469.898224
v -31.308490 -65.961137 2469.898224
v -31.342737 -65.913594 2469.898224
v -31.376985 -65.866052 2469.898224
v -31.411233 -65.818510 2469.898224
v -31.445480 -65.770967 2469.898224
v -31.479728 -65.723425 2469.898224
v -31.513975 -65.675883 2469.898224
v -31.548223 -65.628340 2469.898224
v -31.582471 -65.580798 2469.898224
v -31.616718 -65.533256 2469.898224
v -31.650966 -65.485713 2469.898224
v -31.685214 -65.438171 2469.898224
v -31.719461 -65.390629 2469.898224
v -31.753709 -65.343086 2469.898224
v -31.787956 -65.295544 2469.898224
v -31.822204 -65.248002 2469.898224
v -31.856452 -65.200459 2469.898224
v -31.890699 -65.152917 2469.898224
v -31.924947 -65.105375 2469.898224
v -31.959194 -65.057832 2469.898224
v -31.993442 -65.010290 2469.898224
v -32.027690 -64.962748 2469.898224
v -32.061937 -64.915205 2469.898224
v -32.096185 -64.867663 2469.898224
v -32.130432 -64.820121 2469.898224
v -32.164680 -64.772578 2469.898224
v -32.198928 -64.725036 2469.898224
v -32.233175 -64.677494 2469.898224
v -32.267423 -64.629952 2469.898224
v -32.301671 -64.582409 2469.898224
v -32.335918 -64.534867 2469.898224
v -32.370166 -64.487325 2469.898224
v -32.404413 -64.439782 2469.898224
v -18.907839 39.438247 2317.793055
v -17.983071 37.327059 2317.793055
v -17.058303 35.215872 2317.793055
v -16.133535 33.104684 2317.793055
v -15.208768 30.993496 2317.793055
v -14.284000 28.882308 2317.793055
v -13.359232 26.771121 2317.793055
v -12.434464 24.659933 2317.793055
v -11.509696 22.548745 2317.793055
v -10.584928 20.437558 2317.793055
v -9.660160 18.326370 2317.793055
v -8.735392 16.215182 2317.793055
v -7.810624 14.103994 2317.793055
v -6.885856 11.992807 2317.793055
v -5.961088 9.881619 2317.793055
v -5.036320 7.770431 2317.793055
v -4.111552 5.659243 2317.793055
v -3.186785 3.548056 2317.793055
v -2.262017 1.436868 2317.793055
v -1.337249 -0.674320 2317.793055
v -0.412481 -2.785507 2317.793055
v 0.512287 -4.896695 2317.793055
v 1.437055 -7.007883 2317.793055
v 2.361823 -9.119071 2317.793055
v 3.286591 -11.230258 2317.793055
v 4.211359 -13.341446 2317.793055
v 5.136127 -15.452634 2317.793055
v 6.060895 -17.563822 2317.793055
v 6.985663 -19.675009 2317.793055
v 7.910431 -21.786197 2317.793055
v 8.835198 -23.897385 2317.793055
v 9.759966 -26.008572 2317.793055
v 10.684734 -28.119760 2317.793055
v 11.609502 -30.230948 2317.793055
v 12.534270 -32.342136 2317.793055
v 13.459038 -34.453323 2317.793055
v 14.383806 -36.564511 2317.793055
v 15.308574 -38.675699 2317.793055
v 16.233342 -40.786887 2317.793055
v 17.158110 -42.898074 2317.793055
v 18.082878 -45.009262 2317.793055
v 19.007646 -47.120450 2317.793055
v 19.932414 -49.231638 2317.793055
v 20.857181 -51.342825 2317.793055
v 21.781949 -53.454013 2317.793055
v 22.706717 -55.565201 2317.793055
v 23.631485 -57.676388 2317.793055
v 24.556253 -59.787576 2317.793055
v 25.481021 -61.898764 2317.793055
v 26.405789 -64.009952 2317.793055
v 27.330557 -66.121139 2317.793055
v 28.255325 -68.232327 2317.793055
v 29.180093 -70.343515 2317.793055
v 30.104861 -72.454703 2317.793055
v 31.029629 -74.565890 2317.793055
v 31.954397 -76.677078 2317.793055
v 32.879164 -78.788266 2317.793055
v 33.803932 -80.899453 2317.793055
v 34.728700 -83.010641 2317.793055
v 35.653468 -85.121829 2317.793055
v 36.578236 -87.233017 2317.793055
v 37.503004 -89.344204 2317.793055
v 38.427772 -91.455392 2317.793055
v 39.352540 -93.566580 2317.793055
v 40.277308 -95.677768 2317.793055
v 41.202076 -97.788955 2317.793055
v 42.126844 -99.900143 2317.793055
v 43.051612 -102.011331 2317.793055
v 43.976380 -104.122518 2317.793055
v 44.901147 -106.233706 2317.793055
v 45.825915 -108.344894 2317.793055
v 46.750683 -110.456082 2317.793055
v 47.675451 -112.567269 2317.793055
v 48.600219 -114.678457 2317.793055
v 49.524987 -116.789645 2317.793055
v 50.449755 -118.900833 2317.793055
v 51.374523 -121.012020 2317.793055
v 52.299291 -123.123208 2317.793055
v -9.981395 -81.740062 2433.682708
v -25.290802 -14.388183 2395.052823
v -24.818362 -15.451170 2395.052823
v -24.345922 -16.514157 2395.052823
v -23.873481 -17.577144 2395.052823
v -23.401041 -18.640131 2395.052823
v -22.928601 -19.703118 2395.052823
v -22.456161 -20.766105 2395.052823
v -21.983721 -21.829091 2395.052823
v -21.511281 -22.892078 2395.052823
v -21.038841 -23.955065 2395.052823
v -20.566400 -25.018052 2395.052823
v -20.093960 -26.081039 2395.052823
v -19.621520 -27.144026 2395.052823
v -19.149080 -28.207013 2395.052823
v -18.676640 -29.270000 2395.052823
v -18.204200 -30.332987 2395.052823
v -17.731760 -31.395973 2395.052823
v -17.259319 -32.458960 2395.052823
v -16.786879 -33.521947 2395.052823
v -16.314439 -34.584934 2395.052823
v -15.841999 -35.647921 2395.052823
v -15.369559 -36.710908 2395.052823
v -14.897119 -37.773895 2395.052823
v -14.424678 -38.836882 2395.052823
v -13.952238 -39.899869 2395.052823
v -13.479798 -40.962855 2395.052823
v -13.007358 -42.025842 2395.052823
v -12.534918 -43.088829 2395.052823
v -12.062478 -44.151816 2395.052823
v -11.590038 -45.214803 2395.052823
v -11.117597 -46.277790 2395.052823
v -10.645157 -47.340777 2395.052823
v -10.172717 -48.403764 2395.052823
v -9.700277 -49.466751 2395.052823
v -9.227837 -50.529737 2395.052823
v -8.755397 -51.592724 2395.052823
v -8.282957 -52.655711 2395.052823
v -7.810516 -53.718698 2395.052823
v -7.338076 -54.781685 2395.052823
v -6.865636 -55.844672 2395.052823
v -6.393196 -56.907659 2395.052823
v -5.920756 -57.970646 2395.052823
v -5.448316 -59.033633 2395.052823
v -4.975876 -60.096619 2395.052823
v -4.503435 -61.159606 2395.052823
v -4.030995 -62.222593 2395.052823
v -3.558555 -63.285580 2395.052823
v -3.086115 -64.348567 2395.052823
v -2.613675 -65.411554 2395.052823
v -2.141235 -66.474541 2395.052823
v -1.668795 -67.537528 2395.052823
v -1.196354 -68.600515 2395.052823
v -0.723914 -69.663501 2395.052823
v -0.251474 -70.726488 2395.052823
v 0.220966 -71.789475 2395.052823
v 0.693406 -72.852462 2395.052823
v 1.165846 -73.915449 2395.052823
v 1.638286 -74.978436 2395.052823
v 2.110727 -76.041423 2395.052823
v 2.583167 -77.104410 2395.052823
v 3.055607 -78.167396 2395.052823
v 3.528047 -79.230383 2395.052823
v 4.000487 -80.293370 2395.052823
v 4.472927 -81.356357 2395.052823
v 4.945368 -82.419344 2395.052823
v 5.417808 -83.482331 2395.052823
v 5.890248 -84.545318 2395.052823
v 6.362688 -85.608305 2395.052823
v 6.835128 -86.671292 2395.052823
v 7.307568 -87.734278 2395.052823
v 7.780008 -88.797265 2395.052823
v 8.252449 -89.860252 2395.052823
v 8.724889 -90.923239 2395.052823
v 9.197329 -91.986226 2395.052823
v 9.669769 -93.049213 2395.052823
v 10.142209 -94.112200 2395.052823
v 10.614649 -95.175187 2395.052823
v 11.087089 -96.238174 2395.052823
v -29.190943 -39.706918 2433.682708
v -28.944667 -40.245805 2433.682708
v -28.698391 -40.784691 2433.682708
v -28.452115 -41.323578 2433.682708
v -28.205838 -41.862464 2433.682708
v -27.959562 -42.401350 2433.682708
v -27.713286 -42.940237 2433.682708
v -27.467010 -43.479123 2433.682708
v -27.220733 -44.018010 2433.682708
v -26.974457 -44.556896 2433.682708
v -26.728181 -45.095783 2433.682708
v -26.481905 -45.634669 2433.682708
v -26.235628 -46.173556 2433.682708
v -25.989352 -46.712442 2433.682708
v -25.743076 -47.251329 2433.682708
v -25.496799 -47.790215 2433.682708
v -25.250523 -48.329102 2433.682708
v -25.004247 -48.867988 2433.682708
v -24.757971 -49.406875 2433.682708
v -24.511694 -49.945761 2433.682708
v -24.265418 -50.484647 2433.682708
v -24.019142 -51.023534 2433.682708
v -23.772866 -51.562420 2433.682708
v -23.526589 -52.101307 2433.682708
v -23.280313 -52.640193 2433.682708
v -23.034037 -53.179080 2433.682708
v -22.787761 -53.717966 2433.682708
v -22.541484 -54.256853 2433.682708
v -22.295208 -54.795739 2433.682708
v -22.048932 -55.334626 2433.682708
v -21.802656 -55.873512 2433.682708
v -21.556379 -56.412399 2433.682708
v -21.310103 -56.951285 2433.682708
v -21.063827 -57.490171 2433.682708
v -20.817551 -58.029058 2433.682708
v -20.571274 -58.567944 2433.682708
v -20.324998 -59.106831 2433.682708
v -20.078722 -59.645717 2433.682708
v -19.832446 -60.184604 2433.682708
v -19.586169 -60.723490 2433.682708
v -19.339893 -61.262377 2433.682708
v -19.093617 -61.801263 2433.682708
v -18.847341 -62.340150 2433.682708
v -18.601064 -62.879036 2433.682708
v -18.354788 -63.417923 2433.682708
v -18.108512 -63.956809 2433.682708
v -17.862236 -64.495696 2433.682708
v -17.615959 -65.034582 2433.682708
v -17.369683 -65.573468 2433.682708
v -17.123407 -66.112355 2433.682708
v -16.877130 -66.651241 2433.682708
v -16.630854 -67.190128 2433.682708
v -16.384578 -67.729014 2433.682708
v -16.138302 -68.267901 2433.682708
v -15.892025 -68.806787 2433.682708
v -15.645749 -69.345674 2433.682708
v -15.399473 -69.884560 2433.682708
v -15.153197 -70.423447 2433.682708
v -14.906920 -70.962333 2433.682708
v -14.660644 -71.501220 2433.682708
v -14.414368 -72.040106 2433.682708
v -14.168092 -72.578993 2433.682708
v -13.921815 -73.117879 2433.682708
v -13.675539 -73.656765 2433.682708
v -13.429263 -74.195652 2433.682708
v -13.182987 -74.734538 2433.682708
v -12.936710 -75.273425 2433.682708
v -12.690434 -75.812311 2433.682708
v -12.444158 -76.351198 2433.682708
v -12.197882 -76.890084 2433.682708
v -11.951605 -77.428971 2433.682708
v -11.705329 -77.967857 2433.682708
v -11.459053 -78.506744 2433.682708
v -11.212777 -79.045630 2433.682708
v -10.966500 -79.584517 2433.682708
v -10.720224 -80.123403 2433.682708
v -10.473948 -80.662290 2433.682708
v -10.227672 -81.201176 2433.682708
v -28.416319 -69.054215 2467.483856
v -30.904794 -52.897779 2452.997650
v -30.771600 -53.174615 2452.997650
v -30.638405 -53.451451 2452.997650
v -30.505211 -53.728288 2452.997650
v -30.372017 -54.005124 2452.997650
v -30.238822 -54.281960 2452.997650
v -30.105628 -54.558797 2452.997650
v -29.972434 -54.835633 2452.997650
v -29.839240 -55.112469 2452.997650
v -29.706045 -55.389305 2452.997650
v -29.572851 -55.666142 2452.997650
v -29.439657 -55.942978 2452.997650
v -29.306462 -56.219814 2452.997650
v -29.173268 -56.496650 2452.997650
v -29.040074 -56.773487 2452.997650
v -28.906879 -57.050323 2452.997650
v -28.773685 -57.327159 2452.997650
v -28.640491 -57.603995 2452.997650
v -28.507296 -57.880832 2452.997650
v -28.374102 -58.157668 2452.997650
v -28.240908 -58.434504 2452.997650
v -28.107713 -58.711340 2452.997650
v -27.974519 -58.988177 2452.997650
v -27.841325 -59.265013 2452.997650
v -27.708131 -59.541849 2452.997650
v -27.574936 -59.818685 2452.997650
v -27.441742 -60.095522 2452.997650
v -27.308548 -60.372358 2452.997650
v -27.175353 -60.649194 2452.997650
v -27.042159 -60.926030 2452.997650
v -26.908965 -61.202867 2452.997650
v -26.775770 -61.479703 2452.997650
v -26.642576 -61.756539 2452.997650
v -26.509382 -62.033375 2452.997650
v -26.376187 -62.310212 2452.997650
v -26.242993 -62.587048 2452.997650
v -26.109799 -62.863884 2452.997650
v -25.976604 -63.140720 2452.997650
v -25.843410 -63.417557 2452.997650
v -25.710216 -63.694393 2452.997650
v -25.577022 -63.971229 2452.997650
v -25.443827 -64.248065 2452.997650
v -25.310633 -64.524902 2452.997650
v -25.177439 -64.801738 2452.997650
v -25.044244 -65.078574 2452.997650
v -24.911050 -65.355410 2452.997650
v -24.777856 -65.632247 2452.997650
v -24.644661 -65.909083 2452.997650
v -24.511467 -66.185919 2452.997650
v -24.378273 -66.462756 2452.997650
v -24.245078 -66.739592 2452.997650
v -24.111884 -67.016428 2452.997650
v -23.978690 -67.293264 2452.997650
v -23.845495 -67.570101 2452.997650
v -23.712301 -67.846937 2452.997650
v -23.579107 -68.123773 2452.997650
v -23.445912 -68.400609 2452.997650
v -23.312718 -68.677446 2452.997650
v -23.179524 -68.954282 2452.997650
v -23.046330 -69.231118 2452.997650
v -22.913135 -69.507954 2452.997650
v -22.779941 -69.784791 2452.997650
v -22.646747 -70.061627 2452.997650
v -22.513552 -70.338463 2452.997650
v -22.380358 -70.615299 2452.997650
v -22.247164 -70.892136 2452.997650
v -22.113969 -71.168972 2452.997650
v -21.980775 -71.445808 2452.997650
v -21.847581 -71.722644 2452.997650
v -21.714386 -71.999481 2452.997650
v -21.581192 -72.276317 2452.997650
v -21.447998 -72.553153 2452.997650
v -21.314803 -72.829989 2452.997650
v -21.181609 -73.106826 2452.997650
v -21.048415 -73.383662 2452.997650
v -20.915221 -73.660498 2452.997650
v -20.782026 -73.937334 2452.997650
v -20.648832 -74.214171 2452.997650
v -31.761719 -59.493209 2462.655121
v -31.685066 -59.639021 2462.655121
v -31.608413 -59.784832 2462.655121
v -31.531759 -59.930643 2462.655121
v -31.455106 -60.076454 2462.655121
v -31.378453 -60.222265 2462.655121
v -31.301799 -60.368076 2462.655121
v -31.225146 -60.513887 2462.655121
v -31.148493 -60.659699 2462.655121
v -31.071839 -60.805510 2462.655121
v -30.995186 -60.951321 2462.655121
v -30.918533 -61.097132 2462.655121
v -30.841879 -61.242943 2462.655121
v -30.765226 -61.388754 2462.655121
v -30.688573 -61.534566 2462.655121
v -30.611919 -61.680377 2462.655121
v -30.535266 -61.826188 2462.655121
v -30.458613 -61.971999 2462.655121
v -30.381959 -62.117810 2462.655121
v -30.305306 -62.263621 2462.655121
v -30.228653 -62.409432 2462.655121
v -30.151999 -62.555244 2462.655121
v -30.075346 -62.701055 2462.655121
v -29.998693 -62.846866 2462.655121
v -29.922039 -62.992677 2462.655121
v -29.845386 -63.138488 2462.655121
v -29.768733 -63.284299 2462.655121
v -29.692079 -63.430110 2462.655121
v -29.615426 -63.575922 2462.655121
v -29.538772 -63.721733 2462.655121
v -29.462119 -63.867544 2462.655121
v -29.385466 -64.013355 2462.655121
v -29.308812 -64.159166 2462.655121
v -29.232159 -64.304977 2462.655121
v -29.155506 -64.450789 2462.655121
v -29.078852 -64.596600 2462.655121
v -29.002199 -64.742411 2462.655121
v -28.925546 -64.888222 2462.655121
v -28.848892 -65.034033 2462.655121
v -28.772239 -65.179844 2462.655121
v -28.695586 -65.325655 2462.655121
v -28.618932 -65.471467 2462.655121
v -28.542279 -65.617278 2462.655121
v -28.465626 -65.763089 2462.655121
v -28.388972 -65.908900 2462.655121
v -28.312319 -66.054711 2462.655121
v -28.235666 -66.200522 2462.655121
v -28.159012 -66.346333 2462.655121
v -28.082359 -66.492145 2462.655121
v -28.005706 -66.637956 2462.655121
v -27.929052 -66.783767 2462.655121
v -27.852399 -66.929578 2462.655121
v -27.775746 -67.075389 2462.655121
v -27.699092 -67.221200 2462.655121
v -27.622439 -67.367012 2462.655121
v -27.545786 -67.512823 2462.655121
v -27.469132 -67.658634 2462.655121
v -27.392479 -67.804445 2462.655121
v -27.315826 -67.950256 2462.655121
v -27.239172 -68.096067 2462.655121
v -27.162519 -68.241878 2462.655121
v -27.085866 -68.387690 2462.655121
v -27.009212 -68.533501 2462.655121
v -26.932559 -68.679312 2462.655121
v -26.855906 -68.825123 2462.655121
v -26.779252 -68.970934 2462.655121
v -26.702599 -69.116745 2462.655121
v -26.625946 -69.262557 2462.655121
v -26.549292 -69.408368 2462.655121
v -26.472639 -69.554179 2462.655121
v -26.395985 -69.699990 2462.655121
v -26.319332 -69.845801 2462.655121
v -26.242679 -69.991612 2462.655121
v -26.166025 -70.137423 2462.655121
v -26.089372 -70.283235 2462.655121
v -26.012719 -70.429046 2462.655121
v -25.936065 -70.574857 2462.655121
v -25.859412 -70.720668 2462.655121
v -25.782759 -70.866479 2462.655121
v -32.141799 -62.871223 2467.483856
v -32.093416 -62.951522 2467.483856
v -32.045033 -63.031820 2467.483856
v -31.996651 -63.112119 2467.483856
v -31.948268 -63.192418 2467.483856
v -31.899885 -63.272716 2467.483856
v -31.851502 -63.353015 2467.483856
v -31.803119 -63.433313 2467.483856
v -31.754736 -63.513612 2467.483856
v -31.706354 -63.593911 2467.483856
v -31.657971 -63.674209 2467.483856
v -31.609588 -63.754508 2467.483856
v -31.561205 -63.834806 2467.483856
v -31.512822 -63.915105 2467.483856
v -31.464439 -63.995404 2467.483856
v -31.416056 -64.075702 2467.483856
v -31.367674 -64.156001 2467.483856
v -31.319291 -64.236299 2467.483856
v -31.270908 -64.316598 2467.483856
v -31.222525 -64.396897 2467.483856
v -31.174142 -64.477195 2467.483856
v -31.125759 -64.557494 2467.483856
v -31.077376 -64.637792 2467.483856
v -31.028994 -64.718091 2467.483856
v -30.980611 -64.798390 2467.483856
v -30.932228 -64.878688 2467.483856
v -30.883845 -64.958987 2467.483856
v -30.835462 -65.039285 2467.483856
v -30.787079 -65.119584 2467.483856
v -30.738696 -65.199883 2467.483856
v -30.690314 -65.280181 2467.483856
v -30.641931 -65.360480 2467.483856
v -30.593548 -65.440778 2467.483856
v -30.545165 -65.521077 2467.483856
v -30.496782 -65.601376 2467.483856
v -30.448399 -65.681674 2467.483856
v -30.400016 -65.761973 2467.483856
v -30.351634 -65.842271 2467.483856
v -30.303251 -65.922570 2467.483856
v -30.254868 -66.002869 2467.483856
v -30.206485 -66.083167 2467.483856
v -30.158102 -66.163466 2467.483856
v -30.109719 -66.243764 2467.483856
v -30.061336 -66.324063 2467.483856
v -30.012954 -66.404362 2467.483856
v -29.964571 -66.484660 2467.483856
v -29.916188 -66.564959 2467.483856
v -29.867805 -66.645257 2467.483856
v -29.819422 -66.725556 2467.483856
v -29.771039 -66.805855 2467.483856
v -29.722656 -66.886153 2467.483856
v -29.674274 -66.966452 2467.483856
v -29.625891 -67.046750 2467.483856
v -29.577508 -67.127049 2467.483856
v -29.529125 -67.207348 2467.483856
v -29.480742 -67.287646 2467.483856
v -29.432359 -67.367945 2467.483856
v -29.383976 -67.448243 2467.483856
v -29.335594 -67.528542 2467.483856
v -29.287211 -67.608841 2467.483856
v -29.238828 -67.689139 2467.483856
v -29.190445 -67.769438 2467.483856
v -29.142062 -67.849736 2467.483856
v -29.093679 -67.930035 2467.483856
v -29.045296 -68.010334 2467.483856
v -28.996914 -68.090632 2467.483856
v -28.948531 -68.170931 2467.483856
v -28.900148 -68.251229 2467.483856
v -28.851765 -68.331528 2467.483856
v -28.803382 -68.411827 2467.483856
v -28.754999 -68.492125 2467.483856
v -28.706616 -68.572424 2467.483856
v -28.658234 -68.652722 2467.483856
v -28.609851 -68.733021 2467.483856
v -28.561468 -68.813319 2467.483856
v -28.513085 -68.893618 2467.483856
v -28.464702 -68.973917 2467.483856
v -22.209180 40.163390 2317.793055
v -31.337434 -52.815965 2452.997650
v -80.939990 -87.245186 2395.052823
v -35.858546 -69.239475 2467.483856
v -1379.285562 -605.809667 309.039074
v -1360.148432 -579.817608 309.039074
v -1341.011302 -553.825548 309.039074
v -1321.874172 -527.833489 309.039074
v -1302.737041 -501.841430 309.039074
v -1283.599911 -475.849371 309.039074
v -1264.462781 -449.857311 309.039074
v -1245.325651 -423.865252 309.039074
v -1226.188521 -397.873193 309.039074
v -1207.051390 -371.881133 309.039074
v -1187.914260 -345.889074 309.039074
v -1168.777130 -319.897015 309.039074
v -1149.640000 -293.904955 309.039074
v -1130.502870 -267.912896 309.039074
v -1111.365739 -241.920837 309.039074
v -1092.228609 -215.928777 309.039074
v -1073.091479 -189.936718 309.039074
v -1053.954349 -163.944659 309.039074
v -1034.817219 -137.952599 309.039074
v -1015.680088 -111.960540 309.039074
v -996.542958 -85.968481 309.039074
v -977.405828 -59.976421 309.039074
v -958.268698 -33.984362 309.039074
v -939.131567 -7.992303 309.039074
v -919.994437 17.999756 309.039074
v -900.857307 43.991816 309.039074
v -881.720177 69.983875 309.039074
v -862.583047 95.975934 309.039074
v -843.445916 121.967994 309.039074
v -824.308786 147.960053 309.039074
v -805.171656 173.952112 309.039074
v -786.034526 199.944172 309.039074
v -766.897396 225.936231 309.039074
v -747.760265 251.928290 309.039074
v -728.623135 277.920350 309.039074
v -709.486005 303.912409 309.039074
v -690.348875 329.904468 309.039074
v -671.211745 355.896528 309.039074
v -652.074614 381.888587 309.039074
v -632.937484 407.880646 309.039074
v -613.800354 433.872705 309.039074
v -594.663224 459.864765 309.039074
v -575.526094 485.856824 309.039074
v -556.388963 511.848883 309.039074
v -537.251833 537.840943 309.039074
v -518.114703 563.833002 309.039074
v -498.977573 589.825061 309.039074
v -479.840443 615.817121 309.039074
v -460.703312 641.809180 309.039074
v -441.566182 667.801239 309.039074
v -422.429052 693.793299 309.039074
v -403.291922 719.785358 309.039074
v -384.154791 745.777417 309.039074
v -365.017661 771.769477 309.039074
v -345.880531 797.761536 309.039074
v -326.743401 823.753595 309.039074
v -307.606271 849.745654 309.039074
v -288.469140 875.737714 309.039074
v -269.332010 901.729773 309.039074
v -250.194880 927.721832 309.039074
v -231.057750 953.713892 309.039074
v -211.920620 979.705951 309.039074
v -192.783489 1005.698010 309.039074
v -173.646359 1031.690070 309.039074
v -154.509229 1057.682129 309.039074
v -135.372099 1083.674188 309.039074
v -116.234969 1109.666248 309.039074
v -97.097838 1135.658307 309.039074
v -77.960708 1161.650366 309.039074
v -58.823578 1187.642426 309.039074
v -39.686448 1213.634485 309.039074
v -20.549318 1239.626544 309.039074
v -1.412187 1265.618604 309.039074
v 17.724943 1291.610663 309.039074
v 36.862073 1317.602722 309.039074
v 55.999203 1343.594781 309.039074
v 75.136333 1369.586841 309.039074
v 94.273464 1395.578900 309.039074
v 113.410594 1421.570959 309.039074
v -1186.938070 -528.985299 618.078148
v -1170.534428 -506.702838 618.078148
v -1154.130786 -484.420376 618.078148
v -1137.727144 -462.137914 618.078148
v -1121.323502 -439.855452 618.078148
v -1104.919860 -417.572991 618.078148
v -1088.516217 -395.290529 618.078148
v -1072.112575 -373.008067 618.078148
v -1055.708933 -350.725605 618.078148
v -1039.305291 -328.443144 618.078148
v -1022.901649 -306.160682 618.078148
v -1006.498007 -283.878220 618.078148
v -990.094365 -261.595758 618.078148
v -973.690723 -239.313297 618.078148
v -957.287081 -217.030835 618.078148
v -940.883439 -194.748373 618.078148
v -924.479797 -172.465911 618.078148
v -908.076154 -150.183450 618.078148
v -891.672512 -127.900988 618.078148
v -875.268870 -105.618526 618.078148
v -858.865228 -83.336064 618.078148
v -842.461586 -61.053602 618.078148
v -826.057944 -38.771141 618.078148
v -809.654302 -16.488679 618.078148
v -793.250660 5.793783 618.078148
v -776.847018 28.076245 618.078148
v -760.443376 50.358706 618.078148
v -744.039734 72.641168 618.078148
v -727.636091 94.923630 618.078148
v -711.232449 117.206092 618.078148
v -694.828807 139.488553 618.078148
v -678.425165 161.771015 618.078148
v -662.021523 184.053477 618.078148
v -645.617881 206.335939 618.078148
v -629.214239 228.618400 618.078148
v -612.810597 250.900862 618.078148
v -596.406955 273.183324 618.078148
v -580.003313 295.465786 618.078148
v -563.599670 317.748248 618.078148
v -547.196028 340.030709 618.078148
v -530.792386 362.313171 618.078148
v -514.388744 384.595633 618.078148
v -497.985102 406.878095 618.078148
v -481.581460 429.160556 618.078148
v -465.177818 451.443018 618.078148
v -448.774176 473.725480 618.078148
v -432.370534 496.007942 618.078148
v -415.966892 518.290403 618.078148
v -399.563250 540.572865 618.078148
v -383.159607 562.855327 618.078148
v -366.755965 585.137789 618.078148
v -350.352323 607.420250 618.078148
v -333.948681 629.702712 618.078148
v -317.545039 651.985174 618.078148
v -301.141397 674.267636 618.078148
v -284.737755 696.550097 618.078148
v -268.334113 718.832559 618.078148
v -251.930471 741.115021 618.078148
v -235.526829 763.397483 618.078148
v -219.123187 785.679945 618.078148
v -202.719544 807.962406 618.078148
v -186.315902 830.244868 618.078148
v -169.912260 852.527330 618.078148
v -153.508618 874.809792 618.078148
v -137.104976 897.092253 618.078148
v -120.701334 919.374715 618.078148
v -104.297692 941.657177 618.078148
v -87.894050 963.939639 618.078148
v -71.490408 986.222100 618.078148
v -55.086766 1008.504562 618.078148
v -38.683123 1030.787024 618.078148
v -22.279481 1053.069486 618.078148
v -5.875839 1075.351947 618.078148
v 10.527803 1097.634409 618.078148
v 26.931445 1119.916871 618.078148
v 43.335087 1142.199333 618.078148
v 59.738729 1164.481794 618.078148
v 76.142371 1186.764256 618.078148
v 92.546013 1209.046718 618.078148
v -994.590578 -452.160932 927.117222
v -980.920424 -433.588068 927.117222
v -967.250270 -415.015203 927.117222
v -953.580116 -396.442339 927.117222
v -939.909962 -377.869475 927.117222
v -926.239808 -359.296611 927.117222
v -912.569654 -340.723747 927.117222
v -898.899500 -322.150882 927.117222
v -885.229346 -303.578018 927.117222
v -871.559192 -285.005154 927.117222
v -857.889038 -266.432290 927.117222
v -844.218884 -247.859426 927.117222
v -830.548730 -229.286561 927.117222
v -816.878576 -210.713697 927.117222
v -803.208422 -192.140833 927.117222
v -789.538268 -173.567969 927.117222
v -775.868114 -154.995104 927.117222
v -762.197960 -136.422240 927.117222
v -748.527806 -117.849376 927.117222
v -734.857652 -99.276512 927.117222
v -721.187498 -80.703648 927.117222
v -707.517344 -62.130783 927.117222
v -693.847190 -43.557919 927.117222
v -680.177036 -24.985055 927.117222
v -666.506882 -6.412191 927.117222
v -652.836728 12.160673 927.117222
v -639.166574 30.733538 927.117222
v -625.496420 49.306402 927.117222
v -611.826266 67.879266 927.117222
v -598.156112 86.452130 927.117222
v -584.485958 105.024994 927.117222
v -570.815804 123.597859 927.117222
v -557.145650 142.170723 927.117222
v -543.475496 160.743587 927.117222
v -529.805343 179.316451 927.117222
v -516.135189 197.889316 927.117222
v -502.465035 216.462180 927.117222
v -488.794881 235.035044 927.117222
v -475.124727 253.607908 927.117222
v -461.454573 272.180772 927.117222
v -447.784419 290.753637 927.117222
v -434.114265 309.326501 927.117222
v -420.444111 327.899365 927.117222
v -406.773957 346.472229 927.117222
v -393.103803 365.045093 927.117222
v -379.433649 383.617958 927.117222
v -365.763495 402.190822 927.117222
v -352.093341 420.763686 927.117222
v -338.423187 439.336550 927.117222
v -324.753033 457.909415 927.117222
v -311.082879 476.482279 927.117222
v -297.412725 495.055143 927.117222
v -283.742571 513.628007 927.117222
v -270.072417 532.200871 927.117222
v -256.402263 550.773736 927.117222
v -242.732109 569.346600 927.117222
v -229.061955 587.919464 927.117222
v -215.391801 606.492328 927.117222
v -201.721647 625.065192 927.117222
v -188.051493 643.638057 927.117222
v -174.381339 662.210921 927.117222
v -160.711185 680.783785 927.117222
v -147.041031 699.356649 927.117222
v -133.370877 717.929513 927.117222
v -119.700723 736.502378 927.117222
v -106.030569 755.075242 927.117222
v -92.360415 773.648106 927.117222
v -78.690261 792.220970 927.117222
v -65.020107 810.793835 927.117222
v -51.349953 829.366699 927.117222
v -37.679799 847.939563 927.117222
v -24.009645 866.512427 927.117222
v -10.339491 885.085291 927.117222
v 3.330663 903.658156 927.117222
v 17.000817 922.231020 927.117222
v 30.670971 940.803884 927.117222
v 44.341125 959.376748 927.117222
v 58.011279 977.949612 927.117222
v 71.681433 996.522477 927.117222
v -802.243086 -375.336564 1236.156296
v -791.306420 -360.473298 1236.156296
v -780.369754 -345.610031 1236.156296
v -769.433088 -330.746764 1236.156296
v -758.496422 -315.883498 1236.156296
v -747.559756 -301.020231 1236.156296
v -736.623090 -286.156964 1236.156296
v -725.686425 -271.293698 1236.156296
v -714.749759 -256.430431 1236.156296
v -703.813093 -241.567164 1236.156296
v -692.876427 -226.703898 1236.156296
v -681.939761 -211.840631 1236.156296
v -671.003095 -196.977364 1236.156296
v -660.066429 -182.114098 1236.156296
v -649.129763 -167.250831 1236.156296
v -638.193098 -152.387564 1236.156296
v -627.256432 -137.524298 1236.156296
v -616.319766 -122.661031 1236.156296
v -605.383100 -107.797764 1236.156296
v -594.446434 -92.934498 1236.156296
v -583.509768 -78.071231 1236.156296
v -572.573102 -63.207964 1236.156296
v -561.636437 -48.344698 1236.156296
v -550.699771 -33.481431 1236.156296
v -539.763105 -18.618164 1236.156296
v -528.826439 -3.754898 1236.156296
v -517.889773 11.108369 1236.156296
v -506.953107 25.971636 1236.156296
v -496.016441 40.834902 1236.156296
v -485.079775 55.698169 1236.156296
v -474.143110 70.561436 1236.156296
v -463.206444 85.424702 1236.156296
v -452.269778 100.287969 1236.156296
v -441.333112 115.151236 1236.156296
v -430.396446 130.014502 1236.156296
v -419.459780 144.877769 1236.156296
v -408.523114 159.741036 1236.156296
v -397.586449 174.604302 1236.156296
v -386.649783 189.467569 1236.156296
v -375.713117 204.330836 1236.156296
v -364.776451 219.194102 1236.156296
v -353.839785 234.057369 1236.156296
v -342.903119 248.920635 1236.156296
v -331.966453 263.783902 1236.156296
v -321.029787 278.647169 1236.156296
v -310.093122 293.510435 1236.156296
v -299.156456 308.373702 1236.156296
v -288.219790 323.236969 1236.156296
v -277.283124 338.100235 1236.156296
v -266.346458 352.963502 1236.156296
v -255.409792 367.826769 1236.156296
v -244.473126 382.690035 1236.156296
v -233.536461 397.553302 1236.156296
v -222.599795 412.416569 1236.156296
v -211.663129 427.279835 1236.156296
v -200.726463 442.143102 1236.156296
v -189.789797 457.006369 1236.156296
v -178.853131 471.869635 1236.156296
v -167.916465 486.732902 1236.156296
v -156.979799 501.596169 1236.156296
v -146.043134 516.459435 1236.156296
v -135.106468 531.322702 1236.156296
v -124.169802 546.185969 1236.156296
v -113.233136 561.049235 1236.156296
v -102.296470 575.912502 1236.156296
v -91.359804 590.775769 1236.156296
v -80.423138 605.639035 1236.156296
v -69.486473 620.502302 1236.156296
v -58.549807 635.365569 1236.156296
v -47.613141 650.228835 1236.156296
v -36.676475 665.092102 1236.156296
v -25.739809 679.955369 1236.156296
v -14.803143 694.818635 1236.156296
v -3.866477 709.681902 1236.156296
v 7.070189 724.545169 1236.156296
v 18.006854 739.408435 1236.156296
v 28.943520 754.271702 1236.156296
v 39.880186 769.134969 1236.156296
v 50.816852 783.998235 1236.156296
v -609.895593 -298.512197 1545.195370
v -601.692416 -287.358528 1545.195370
v -593.489238 -276.204858 1545.195370
v -585.286060 -265.051189 1545.195370
v -577.082882 -253.897520 1545.195370
v -568.879705 -242.743851 1545.195370
v -560.676527 -231.590182 1545.195370
v -552.473349 -220.436513 1545.195370
v -544.270171 -209.282844 1545.195370
v -536.066994 -198.129175 1545.195370
v -527.863816 -186.975506 1545.195370
v -519.660638 -175.821836 1545.195370
v -511.457460 -164.668167 1545.195370
v -503.254283 -153.514498 1545.195370
v -495.051105 -142.360829 1545.195370
v -486.847927 -131.207160 1545.195370
v -478.644749 -120.053491 1545.195370
v -470.441572 -108.899822 1545.195370
v -462.238394 -97.746153 1545.195370
v -454.035216 -86.592484 1545.195370
v -445.832038 -75.438814 1545.195370
v -437.628861 -64.285145 1545.195370
v -429.425683 -53.131476 1545.195370
v -421.222505 -41.977807 1545.195370
v -413.019327 -30.824138 1545.195370
v -404.816150 -19.670469 1545.195370
v -396.612972 -8.516800 1545.195370
v -388.409794 2.636869 1545.195370
v -380.206616 13.790538 1545.195370
v -372.003439 24.944208 1545.195370
v -363.800261 36.097877 1545.195370
v -355.597083 47.251546 1545.195370
v -347.393905 58.405215 1545.195370
v -339.190728 69.558884 1545.195370
v -330.987550 80.712553 1545.195370
v -322.784372 91.866222 1545.195370
v -314.581194 103.019891 1545.195370
v -306.378017 114.173560 1545.195370
v -298.174839 125.327230 1545.195370
v -289.971661 136.480899 1545.195370
v -281.768483 147.634568 1545.195370
v -273.565306 158.788237 1545.195370
v -265.362128 169.941906 1545.195370
v -257.158950 181.095575 1545.195370
v -248.955772 192.249244 1545.195370
v -240.752595 203.402913 1545.195370
v -232.549417 214.556582 1545.195370
v -224.346239 225.710251 1545.195370
v -216.143061 236.863921 1545.195370
v -207.939883 248.017590 1545.195370
v -199.736706 259.171259 1545.195370
v -191.533528 270.324928 1545.195370
v -183.330350 281.478597 1545.195370
v -175.127172 292.632266 1545.195370
v -166.923995 303.785935 1545.195370
v -158.720817 314.939604 1545.195370
v -150.517639 326.093273 1545.195370
v -142.314461 337.246943 1545.195370
v -134.111284 348.400612 1545.195370
v -125.908106 359.554281 1545.195370
v -117.704928 370.707950 1545.195370
v -109.501750 381.861619 1545.195370
v -101.298573 393.015288 1545.195370
v -93.095395 404.168957 1545.195370
v -84.892217 415.322626 1545.195370
v -76.689039 426.476295 1545.195370
v -68.485862 437.629965 1545.195370
v -60.282684 448.783634 1545.195370
v -52.079506 459.937303 1545.195370
v -43.876328 471.090972 1545.195370
v -35.673151 482.244641 1545.195370
v -27.469973 493.398310 1545.195370
v -19.266795 504.551979 1545.195370
v -11.063617 515.705648 1545.195370
v -2.860440 526.859317 1545.195370
v 5.342738 538.012987 1545.195370
v 13.545916 549.166656 1545.195370
v 21.749094 560.320325 1545.195370
v 29.952271 571.473994 1545.195370
v -417.548101 -221.687829 1854.234444
v -412.078412 -214.243757 1854.234444
v -406.608722 -206.799686 1854.234444
v -401.139032 -199.355614 1854.234444
v -395.669343 -191.911543 1854.234444
v -390.199653 -184.467471 1854.234444
v -384.729963 -177.023400 1854.234444
v -379.260274 -169.579328 1854.234444
v -373.790584 -162.135257 1854.234444
v -368.320894 -154.691185 1854.234444
v -362.851205 -147.247113 1854.234444
v -357.381515 -139.803042 1854.234444
v -351.911826 -132.358970 1854.234444
v -346.442136 -124.914899 1854.234444
v -340.972446 -117.470827 1854.234444
v -335.502757 -110.026756 1854.234444
v -330.033067 -102.582684 1854.234444
v -324.563377 -95.138613 1854.234444
v -319.093688 -87.694541 1854.234444
v -313.623998 -80.250469 1854.234444
v -308.154308 -72.806398 1854.234444
v -302.684619 -65.362326 1854.234444
v -297.214929 -57.918255 1854.234444
v -291.745239 -50.474183 1854.234444
v -286.275550 -43.030112 1854.234444
v -280.805860 -35.586040 1854.234444
v -275.336171 -28.141969 1854.234444
v -269.866481 -20.697897 1854.234444
v -264.396791 -13.253825 1854.234444
v -258.927102 -5.809754 1854.234444
v -253.457412 1.634318 1854.234444
v -247.987722 9.078389 1854.234444
v -242.518033 16.522461 1854.234444
v -237.048343 23.966532 1854.234444
v -231.578653 31.410604 1854.234444
v -226.108964 38.854675 1854.234444
v -220.639274 46.298747 1854.234444
v -215.169585 53.742819 1854.234444
v -209.699895 61.186890 1854.234444
v -204.230205 68.630962 1854.234444
v -198.760516 76.075033 1854.234444
v -193.290826 83.519105 1854.234444
v -187.821136 90.963176 1854.234444
v -182.351447 98.407248 1854.234444
v -176.881757 105.851320 1854.234444
v -171.412067 113.295391 1854.234444
v -165.942378 120.739463 1854.234444
v -160.472688 128.183534 1854.234444
v -155.002998 135.627606 1854.234444
v -149.533309 143.071677 1854.234444
v -144.063619 150.515749 1854.234444
v -138.593930 157.959820 1854.234444
v -133.124240 165.403892 1854.234444
v -127.654550 172.847964 1854.234444
v -122.184861 180.292035 1854.234444
v -116.715171 187.736107 1854.234444
v -111.245481 195.180178 1854.234444
v -105.775792 202.624250 1854.234444
v -100.306102 210.068321 1854.234444
v -94.836412 217.512393 1854.234444
v -89.366723 224.956464 1854.234444
v -83.897033 232.400536 1854.234444
v -78.427344 239.844608 1854.234444
v -72.957654 247.288679 1854.234444
v -67.487964 254.732751 1854.234444
v -62.018275 262.176822 1854.234444
v -56.548585 269.620894 1854.234444
v -51.078895 277.064965 1854.234444
v -45.609206 284.509037 1854.234444
v -40.139516 291.953108 1854.234444
v -34.669826 299.397180 1854.234444
v -29.200137 306.841252 1854.234444
v -23.730447 314.285323 1854.234444
v -18.260757 321.729395 1854.234444
v -12.791068 329.173466 1854.234444
v -7.321378 336.617538 1854.234444
v -1.851689 344.061609 1854.234444
v 3.618001 351.505681 1854.234444
v 9.087691 358.949753 1854.234444
v -225.200609 -144.863461 2163.273518
v -222.464408 -141.128987 2163.273518
v -219.728206 -137.394513 2163.273518
v -216.992004 -133.660039 2163.273518
v -214.255803 -129.925565 2163.273518
v -211.519601 -126.191091 2163.273518
v -208.783400 -122.456617 2163.273518
v -206.047198 -118.722143 2163.273518
v -203.310997 -114.987669 2163.273518
v -200.574795 -111.253195 2163.273518
v -197.838594 -107.518721 2163.273518
v -195.102392 -103.784247 2163.273518
v -192.366191 -100.049773 2163.273518
v -189.629989 -96.315299 2163.273518
v -186.893788 -92.580825 2163.273518
v -184.157586 -88.846351 2163.273518
v -181.421385 -85.111877 2163.273518
v -178.685183 -81.377403 2163.273518
v -175.948982 -77.642929 2163.273518
v -173.212780 -73.908455 2163.273518
v -170.476578 -70.173981 2163.273518
v -167.740377 -66.439507 2163.273518
v -165.004175 -62.705033 2163.273518
v -162.267974 -58.970559 2163.273518
v -159.531772 -55.236085 2163.273518
v -156.795571 -51.501611 2163.273518
v -154.059369 -47.767137 2163.273518
v -151.323168 -44.032663 2163.273518
v -148.586966 -40.298189 2163.273518
v -145.850765 -36.563715 2163.273518
v -143.114563 -32.829241 2163.273518
v -140.378362 -29.094767 2163.273518
v -137.642160 -25.360293 2163.273518
v -134.905959 -21.625819 2163.273518
v -132.169757 -17.891345 2163.273518
v -129.433556 -14.156871 2163.273518
v -126.697354 -10.422397 2163.273518
v -123.961153 -6.687923 2163.273518
v -121.224951 -2.953449 2163.273518
v -118.488749 0.781025 2163.273518
v -115.752548 4.515499 2163.273518
v -113.016346 8.249973 2163.273518
v -110.280145 11.984447 2163.273518
v -107.543943 15.718921 2163.273518
v -104.807742 19.453395 2163.273518
v -102.071540 23.187869 2163.273518
v -99.335339 26.922343 2163.273518
v -96.599137 30.656817 2163.273518
v -93.862936 34.391291 2163.273518
v -91.126734 38.125765 2163.273518
v -88.390533 41.860239 2163.273518
v -85.654331 45.594713 2163.273518
v -82.918130 49.329187 2163.273518
v -80.181928 53.063661 2163.273518
v -77.445727 56.798135 2163.273518
v -74.709525 60.532609 2163.273518
v -71.973323 64.267083 2163.273518
v -69.237122 68.001557 2163.273518
v -66.500920 71.736031 2163.273518
v -63.764719 75.470505 2163.273518
v -61.028517 79.204979 2163.273518
v -58.292316 82.939453 2163.273518
v -55.556114 86.673927 2163.273518
v -52.819913 90.408401 2163.273518
v -50.083711 94.142875 2163.273518
v -47.347510 97.877349 2163.273518
v -44.611308 101.611823 2163.273518
v -41.875107 105.346297 2163.273518
v -39.138905 109.080771 2163.273518
v -36.402704 112.815245 2163.273518
v -33.666502 116.549719 2163.273518
v -30.930301 120.284193 2163.273518
v -28.194099 124.018667 2163.273518
v -25.457898 127.753141 2163.273518
v -22.721696 131.487615 2163.273518
v -19.985494 135.222089 2163.273518
v -17.249293 138.956563 2163.273518
v -14.513091 142.691037 2163.273518
v -11.776890 146.425511 2163.273518
v -32.478466 -64.438385 2469.898224
v -32.502535 -64.492242 2469.898224
v -32.526604 -64.546100 2469.898224
v -32.550672 -64.599958 2469.898224
v -32.574741 -64.653815 2469.898224
v -32.598810 -64.707673 2469.898224
v -32.622879 -64.761531 2469.898224
v -32.646948 -64.815388 2469.898224
v -32.671016 -64.869246 2469.898224
v -32.695085 -64.923104 2469.898224
v -32.719154 -64.976961 2469.898224
v -32.743223 -65.030819 2469.898224
v -32.767291 -65.084677 2469.898224
v -32.791360 -65.138535 2469.898224
v -32.815429 -65.192392 2469.898224
v -32.839498 -65.246250 2469.898224
v -32.863567 -65.300108 2469.898224
v -32.887635 -65.353965 2469.898224
v -32.911704 -65.407823 2469.898224
v -32.935773 -65.461681 2469.898224
v -32.959842 -65.515538 2469.898224
v -32.983911 -65.569396 2469.898224
v -33.007979 -65.623254 2469.898224
v -33.032048 -65.677111 2469.898224
v -33.056117 -65.730969 2469.898224
v -33.080186 -65.784827 2469.898224
v -33.104255 -65.838684 2469.898224
v -33.128323 -65.892542 2469.898224
v -33.152392 -65.946400 2469.898224
v -33.176461 -66.000258 2469.898224
v -33.200530 -66.054115 2469.898224
v -33.224598 -66.107973 2469.898224
v -33.248667 -66.161831 2469.898224
v -33.272736 -66.215688 2469.898224
v -33.296805 -66.269546 2469.898224
v -33.320874 -66.323404 2469.898224
v -33.344942 -66.377261 2469.898224
v -33.369011 -66.431119 2469.898224
v -33.393080 -66.484977 2469.898224
v -33.417149 -66.538834 2469.898224
v -33.441218 -66.592692 2469.898224
v -33.465286 -66.646550 2469.898224
v -33.489355 -66.700407 2469.898224
v -33.513424 -66.754265 2469.898224
v -33.537493 -66.808123 2469.898224
v -33.561562 -66.861981 2469.898224
v -33.585630 -66.915838 2469.898224
v -33.609699 -66.969696 2469.898224
v -33.633768 -67.023554 2469.898224
v -33.657837 -67.077411 2469.898224
v -33.681905 -67.131269 2469.898224
v -33.705974 -67.185127 2469.898224
v -33.730043 -67.238984 2469.898224
v -33.754112 -67.292842 2469.898224
v -33.778181 -67.346700 2469.898224
v -33.802249 -67.400557 2469.898224
v -33.826318 -67.454415 2469.898224
v -33.850387 -67.508273 2469.898224
v -33.874456 -67.562130 2469.898224
v -33.898525 -67.615988 2469.898224
v -33.922593 -67.669846 2469.898224
v -33.946662 -67.723704 2469.898224
v -33.970731 -67.777561 2469.898224
v -33.994800 -67.831419 2469.898224
v -34.018869 -67.885277 2469.898224
v -34.042937 -67.939134 2469.898224
v -34.067006 -67.992992 2469.898224
v -34.091075 -68.046850 2469.898224
v -34.115144 -68.100707 2469.898224
v -34.139213 -68.154565 2469.898224
v -34.163281 -68.208423 2469.898224
v -34.187350 -68.262280 2469.898224
v -34.211419 -68.316138 2469.898224
v -34.235488 -68.369996 2469.898224
v -34.259556 -68.423853 2469.898224
v -34.283625 -68.477711 2469.898224
v -34.307694 -68.531569 2469.898224
v -34.331763 -68.585427 2469.898224
v -34.355832 -68.639284 2469.898224
v -129.026863 -106.451278 2317.793055
v -127.657405 -104.571602 2317.793055
v -126.287948 -102.691927 2317.793055
v -124.918491 -100.812252 2317.793055
v -123.549033 -98.932577 2317.793055
v -122.179576 -97.052901 2317.793055
v -120.810118 -95.173226 2317.793055
v -119.440661 -93.293551 2317.793055
v -118.071203 -91.413876 2317.793055
v -116.701746 -89.534201 2317.793055
v -115.332288 -87.654525 2317.793055
v -113.962831 -85.774850 2317.793055
v -112.593373 -83.895175 2317.793055
v -111.223916 -82.015500 2317.793055
v -109.854458 -80.135824 2317.793055
v -108.485001 -78.256149 2317.793055
v -107.115543 -76.376474 2317.793055
v -105.746086 -74.496799 2317.793055
v -104.376628 -72.617123 2317.793055
v -103.007171 -70.737448 2317.793055
v -101.637714 -68.857773 2317.793055
v -100.268256 -66.978098 2317.793055
v -98.898799 -65.098423 2317.793055
v -97.529341 -63.218747 2317.793055
v -96.159884 -61.339072 2317.793055
v -94.790426 -59.459397 2317.793055
v -93.420969 -57.579722 2317.793055
v -92.051511 -55.700046 2317.793055
v -90.682054 -53.820371 2317.793055
v -89.312596 -51.940696 2317.793055
v -87.943139 -50.061021 2317.793055
v -86.573681 -48.181345 2317.793055
v -85.204224 -46.301670 2317.793055
v -83.834766 -44.421995 2317.793055
v -82.465309 -42.542320 2317.793055
v -81.095851 -40.662645 2317.793055
v -79.726394 -38.782969 2317.793055
v -78.356937 -36.903294 2317.793055
v -76.987479 -35.023619 2317.793055
v -75.618022 -33.143944 2317.793055
v -74.248564 -31.264268 2317.793055
v -72.879107 -29.384593 2317.793055
v -71.509649 -27.504918 2317.793055
v -70.140192 -25.625243 2317.793055
v -68.770734 -23.745567 2317.793055
v -67.401277 -21.865892 2317.793055
v -66.031819 -19.986217 2317.793055
v -64.662362 -18.106542 2317.793055
v -63.292904 -16.226867 2317.793055
v -61.923447 -14.347191 2317.793055
v -60.553989 -12.467516 2317.793055
v -59.184532 -10.587841 2317.793055
v -57.815074 -8.708166 2317.793055
v -56.445617 -6.828490 2317.793055
v -55.076160 -4.948815 2317.793055
v -53.706702 -3.069140 2317.793055
v -52.337245 -1.189465 2317.793055
v -50.967787 0.690211 2317.793055
v -49.598330 2.569886 2317.793055
v -48.228872 4.449561 2317.793055
v -46.859415 6.329236 2317.793055
v -45.489957 8.208911 2317.793055
v -44.120500 10.088587 2317.793055
v -42.751042 11.968262 2317.793055
v -41.381585 13.847937 2317.793055
v -40.012127 15.727612 2317.793055
v -38.642670 17.607288 2317.793055
v -37.273212 19.486963 2317.793055
v -35.903755 21.366638 2317.793055
v -34.534297 23.246313 2317.793055
v -33.164840 25.125989 2317.793055
v -31.795382 27.005664 2317.793055
v -30.425925 28.885339 2317.793055
v -29.056468 30.765014 2317.793055
v -27.687010 32.644690 2317.793055
v -26.317553 34.524365 2317.793055
v -24.948095 36.404040 2317.793055
v -23.578638 38.283715 2317.793055
v -30.033398 -39.533200 2433.682708
v -80.253904 -86.292910 2395.052823
v -79.567819 -85.340634 2395.052823
v -78.881734 -84.388358 2395.052823
v -78.195648 -83.436082 2395.052823
v -77.509563 -82.483807 2395.052823
v -76.823477 -81.531531 2395.052823
v -76.137392 -80.579255 2395.052823
v -75.451306 -79.626979 2395.052823
v -74.765221 -78.674703 2395.052823
v -74.079135 -77.722427 2395.052823
v -73.393050 -76.770151 2395.052823
v -72.706965 -75.817876 2395.052823
v -72.020879 -74.865600 2395.052823
v -71.334794 -73.913324 2395.052823
v -70.648708 -72.961048 2395.052823
v -69.962623 -72.008772 2395.052823
v -69.276537 -71.056496 2395.052823
v -68.590452 -70.104221 2395.052823
v -67.904366 -69.151945 2395.052823
v -67.218281 -68.199669 2395.052823
v -66.532196 -67.247393 2395.052823
v -65.846110 -66.295117 2395.052823
v -65.160025 -65.342841 2395.052823
v -64.473939 -64.390565 2395.052823
v -63.787854 -63.438290 2395.052823
v -63.101768 -62.486014 2395.052823
v -62.415683 -61.533738 2395.052823
v -61.729597 -60.581462 2395.052823
v -61.043512 -59.629186 2395.052823
v -60.357427 -58.676910 2395.052823
v -59.671341 -57.724635 2395.052823
v -58.985256 -56.772359 2395.052823
v -58.299170 -55.820083 2395.052823
v -57.613085 -54.867807 2395.052823
v -56.926999 -53.915531 2395.052823
v -56.240914 -52.963255 2395.052823
v -55.554829 -52.010980 2395.052823
v -54.868743 -51.058704 2395.052823
v -54.182658 -50.106428 2395.052823
v -53.496572 -49.154152 2395.052823
v -52.810487 -48.201876 2395.052823
v -52.124401 -47.249600 2395.052823
v -51.438316 -46.297324 2395.052823
v -50.752230 -45.345049 2395.052823
v -50.066145 -44.392773 2395.052823
v -49.380060 -43.440497 2395.052823
v -48.693974 -42.488221 2395.052823
v -48.007889 -41.535945 2395.052823
v -47.321803 -40.583669 2395.052823
v -46.635718 -39.631394 2395.052823
v -45.949632 -38.679118 2395.052823
v -45.263547 -37.726842 2395.052823
v -44.577461 -36.774566 2395.052823
v -43.891376 -35.822290 2395.052823
v -43.205291 -34.870014 2395.052823
v -42.519205 -33.917738 2395.052823
v -41.833120 -32.965463 2395.052823
v -41.147034 -32.013187 2395.052823
v -40.460949 -31.060911 2395.052823
v -39.774863 -30.108635 2395.052823
v -39.088778 -29.156359 2395.052823
v -38.402692 -28.204083 2395.052823
v -37.716607 -27.251808 2395.052823
v -37.030522 -26.299532 2395.052823
v -36.344436 -25.347256 2395.052823
v -35.658351 -24.394980 2395.052823
v -34.972265 -23.442704 2395.052823
v -34.286180 -22.490428 2395.052823
v -33.600094 -21.538153 2395.052823
v -32.914009 -20.585877 2395.052823
v -32.227923 -19.633601 2395.052823
v -31.541838 -18.681325 2395.052823
v -30.855753 -17.729049 2395.052823
v -30.169667 -16.776773 2395.052823
v -29.483582 -15.824497 2395.052823
v -28.797496 -14.872222 2395.052823
v -28.111411 -13.919946 2395.052823
v -27.425325 -12.967670 2395.052823
v -56.896553 -77.642140 2433.682708
v -56.552154 -77.153564 2433.682708
v -56.207755 -76.664987 2433.682708
v -55.863355 -76.176411 2433.682708
v -55.518956 -75.687835 2433.682708
v -55.174556 -75.199259 2433.682708
v -54.830157 -74.710683 2433.682708
v -54.485757 -74.222107 2433.682708
v -54.141358 -73.733531 2433.682708
v -53.796959 -73.244954 2433.682708
v -53.452559 -72.756378 2433.682708
v -53.108160 -72.267802 2433.682708
v -52.763760 -71.779226 2433.682708
v -52.419361 -71.290650 2433.682708
v -52.074961 -70.802074 2433.682708
v -51.730562 -70.313498 2433.682708
v -51.386163 -69.824921 2433.682708
v -51.041763 -69.336345 2433.682708
v -50.697364 -68.847769 2433.682708
v -50.352964 -68.359193 2433.682708
v -50.008565 -67.870617 2433.682708
v -49.664165 -67.382041 2433.682708
v -49.319766 -66.893464 2433.682708
v -48.975367 -66.404888 2433.682708
v -48.630967 -65.916312 2433.682708
v -48.286568 -65.427736 2433.682708
v -47.942168 -64.939160 2433.682708
v -47.597769 -64.450584 2433.682708
v -47.253369 -63.962008 2433.682708
v -46.908970 -63.473431 2433.682708
v -46.564571 -62.984855 2433.682708
v -46.220171 -62.496279 2433.682708
v -45.875772 -62.007703 2433.682708
v -45.531372 -61.519127 2433.682708
v -45.186973 -61.030551 2433.682708
v -44.842573 -60.541975 2433.682708
v -44.498174 -60.053398 2433.682708
v -44.153775 -59.564822 2433.682708
v -43.809375 -59.076246 2433.682708
v -43.464976 -58.587670 2433.682708
v -43.120576 -58.099094 2433.682708
v -42.776177 -57.610518 2433.682708
v -42.431777 -57.121941 2433.682708
v -42.087378 -56.633365 2433.682708
v -41.742979 -56.144789 2433.682708
v -41.398579 -55.656213 2433.682708
v -41.054180 -55.167637 2433.682708
v -40.709780 -54.679061 2433.682708
v -40.365381 -54.190485 2433.682708
v -40.020981 -53.701908 2433.682708
v -39.676582 -53.213332 2433.682708
v -39.332183 -52.724756 2433.682708
v -38.987783 -52.236180 2433.682708
v -38.643384 -51.747604 2433.682708
v -38.298984 -51.259028 2433.682708
v -37.954585 -50.770452 2433.682708
v -37.610185 -50.281875 2433.682708
v -37.265786 -49.793299 2433.682708
v -36.921387 -49.304723 2433.682708
v -36.576987 -48.816147 2433.682708
v -36.232588 -48.327571 2433.682708
v -35.888188 -47.838995 2433.682708
v -35.543789 -47.350418 2433.682708
v -35.199389 -46.861842 2433.682708
v -34.854990 -46.373266 2433.682708
v -34.510591 -45.884690 2433.682708
v -34.166191 -45.396114 2433.682708
v -33.821792 -44.907538 2433.682708
v -33.477392 -44.418962 2433.682708
v -33.132993 -43.930385 2433.682708
v -32.788593 -43.441809 2433.682708
v -32.444194 -42.953233 2433.682708
v -32.099795 -42.464657 2433.682708
v -31.755395 -41.976081 2433.682708
v -31.410996 -41.487505 2433.682708
v -31.066596 -40.998929 2433.682708
v -30.722197 -40.510352 2433.682708
v -30.377797 -40.021776 2433.682708
v -32.315461 -62.778039 2467.483856
v -44.874835 -72.840617 2452.997650
v -44.701279 -72.583891 2452.997650
v -44.527722 -72.327164 2452.997650
v -44.354166 -72.070438 2452.997650
v -44.180609 -71.813712 2452.997650
v -44.007053 -71.556985 2452.997650
v -43.833497 -71.300259 2452.997650
v -43.659940 -71.043533 2452.997650
v -43.486384 -70.786806 2452.997650
v -43.312827 -70.530080 2452.997650
v -43.139271 -70.273354 2452.997650
v -42.965714 -70.016627 2452.997650
v -42.792158 -69.759901 2452.997650
v -42.618602 -69.503175 2452.997650
v -42.445045 -69.246449 2452.997650
v -42.271489 -68.989722 2452.997650
v -42.097932 -68.732996 2452.997650
v -41.924376 -68.476270 2452.997650
v -41.750820 -68.219543 2452.997650
v -41.577263 -67.962817 2452.997650
v -41.403707 -67.706091 2452.997650
v -41.230150 -67.449364 2452.997650
v -41.056594 -67.192638 2452.997650
v -40.883037 -66.935912 2452.997650
v -40.709481 -66.679186 2452.997650
v -40.535925 -66.422459 2452.997650
v -40.362368 -66.165733 2452.997650
v -40.188812 -65.909007 2452.997650
v -40.015255 -65.652280 2452.997650
v -39.841699 -65.395554 2452.997650
v -39.668142 -65.138828 2452.997650
v -39.494586 -64.882101 2452.997650
v -39.321030 -64.625375 2452.997650
v -39.147473 -64.368649 2452.997650
v -38.973917 -64.111923 2452.997650
v -38.800360 -63.855196 2452.997650
v -38.626804 -63.598470 2452.997650
v -38.453248 -63.341744 2452.997650
v -38.279691 -63.085017 2452.997650
v -38.106135 -62.828291 2452.997650
v -37.932578 -62.571565 2452.997650
v -37.759022 -62.314838 2452.997650
v -37.585465 -62.058112 2452.997650
v -37.411909 -61.801386 2452.997650
v -37.238353 -61.544659 2452.997650
v -37.064796 -61.287933 2452.997650
v -36.891240 -61.031207 2452.997650
v -36.717683 -60.774481 2452.997650
v -36.544127 -60.517754 2452.997650
v -36.370570 -60.261028 2452.997650
v -36.197014 -60.004302 2452.997650
v -36.023458 -59.747575 2452.997650
v -35.849901 -59.490849 2452.997650
v -35.676345 -59.234123 2452.997650
v -35.502788 -58.977396 2452.997650
v -35.329232 -58.720670 2452.997650
v -35.155675 -58.463944 2452.997650
v -34.982119 -58.207218 2452.997650
v -34.808563 -57.950491 2452.997650
v -34.635006 -57.693765 2452.997650
v -34.461450 -57.437039 2452.997650
v -34.287893 -57.180312 2452.997650
v -34.114337 -56.923586 2452.997650
v -33.940781 -56.666860 2452.997650
v -33.767224 -56.410133 2452.997650
v -33.593668 -56.153407 2452.997650
v -33.420111 -55.896681 2452.997650
v -33.246555 -55.639955 2452.997650
v -33.072998 -55.383228 2452.997650
v -32.899442 -55.126502 2452.997650
v -32.725886 -54.869776 2452.997650
v -32.552329 -54.613049 2452.997650
v -32.378773 -54.356323 2452.997650
v -32.205216 -54.099597 2452.997650
v -32.031660 -53.842870 2452.997650
v -31.858103 -53.586144 2452.997650
v -31.684547 -53.329418 2452.997650
v -31.510991 -53.072691 2452.997650
v -38.863976 -70.439855 2462.655121
v -38.775841 -70.299054 2462.655121
v -38.687706 -70.158253 2462.655121
v -38.599571 -70.017451 2462.655121
v -38.511436 -69.876650 2462.655121
v -38.423301 -69.735848 2462.655121
v -38.335166 -69.595047 2462.655121
v -38.247032 -69.454246 2462.655121
v -38.158897 -69.313444 2462.655121
v -38.070762 -69.172643 2462.655121
v -37.982627 -69.031842 2462.655121
v -37.894492 -68.891040 2462.655121
v -37.806357 -68.750239 2462.655121
v -37.718222 -68.609437 2462.655121
v -37.630087 -68.468636 2462.655121
v -37.541952 -68.327835 2462.655121
v -37.453817 -68.187033 2462.655121
v -37.365682 -68.046232 2462.655121
v -37.277547 -67.905430 2462.655121
v -37.189413 -67.764629 2462.655121
v -37.101278 -67.623828 2462.655121
v -37.013143 -67.483026 2462.655121
v -36.925008 -67.342225 2462.655121
v -36.836873 -67.201424 2462.655121
v -36.748738 -67.060622 2462.655121
v -36.660603 -66.919821 2462.655121
v -36.572468 -66.779019 2462.655121
v -36.484333 -66.638218 2462.655121
v -36.396198 -66.497417 2462.655121
v -36.308063 -66.356615 2462.655121
v -36.219928 -66.215814 2462.655121
v -36.131794 -66.075013 2462.655121
v -36.043659 -65.934211 2462.655121
v -35.955524 -65.793410 2462.655121
v -35.867389 -65.652608 2462.655121
v -35.779254 -65.511807 2462.655121
v -35.691119 -65.371006 2462.655121
v -35.602984 -65.230204 2462.655121
v -35.514849 -65.089403 2462.655121
v -35.426714 -64.948602 2462.655121
v -35.338579 -64.807800 2462.655121
v -35.250444 -64.666999 2462.655121
v -35.162309 -64.526197 2462.655121
v -35.074174 -64.385396 2462.655121
v -34.986040 -64.244595 2462.655121
v -34.897905 -64.103793 2462.655121
v -34.809770 -63.962992 2462.655121
v -34.721635 -63.822190 2462.655121
v -34.633500 -63.681389 2462.655121
v -34.545365 -63.540588 2462.655121
v -34.457230 -63.399786 2462.655121
v -34.369095 -63.258985 2462.655121
v -34.280960 -63.118184 2462.655121
v -34.192825 -62.977382 2462.655121
v -34.104690 -62.836581 2462.655121
v -34.016555 -62.695779 2462.655121
v -33.928421 -62.554978 2462.655121
v -33.840286 -62.414177 2462.655121
v -33.752151 -62.273375 2462.655121
v -33.664016 -62.132574 2462.655121
v -33.575881 -61.991773 2462.655121
v -33.487746 -61.850971 2462.655121
v -33.399611 -61.710170 2462.655121
v -33.311476 -61.569368 2462.655121
v -33.223341 -61.428567 2462.655121
v -33.135206 -61.287766 2462.655121
v -33.047071 -61.146964 2462.655121
v -32.958936 -61.006163 2462.655121
v -32.870802 -60.865362 2462.655121
v -32.782667 -60.724560 2462.655121
v -32.694532 -60.583759 2462.655121
v -32.606397 -60.442957 2462.655121
v -32.518262 -60.302156 2462.655121
v -32.430127 -60.161355 2462.655121
v -32.341992 -60.020553 2462.655121
v -32.253857 -59.879752 2462.655121
v -32.165722 -59.738950 2462.655121
v -32.077587 -59.598149 2462.655121
v -31.989452 -59.457348 2462.655121
v -35.813122 -69.156636 2467.483856
v -35.767698 -69.073797 2467.483856
v -35.722274 -68.990958 2467.483856
v -35.676850 -68.908119 2467.483856
v -35.631426 -68.825280 2467.483856
v -35.586001 -68.742441 2467.483856
v -35.540577 -68.659602 2467.483856
v -35.495153 -68.576763 2467.483856
v -35.449729 -68.493924 2467.483856
v -35.404305 -68.411085 2467.483856
v -35.358881 -68.328246 2467.483856
v -35.313456 -68.245408 2467.483856
v -35.268032 -68.162569 2467.483856
v -35.222608 -68.079730 2467.483856
v -35.177184 -67.996891 2467.483856
v -35.131760 -67.914052 2467.483856
v -35.086336 -67.831213 2467.483856
v -35.040911 -67.748374 2467.483856
v -34.995487 -67.665535 2467.483856
v -34.950063 -67.582696 2467.483856
v -34.904639 -67.499857 2467.483856
v -34.859215 -67.417018 2467.483856
v -34.813791 -67.334179 2467.483856
v -34.768366 -67.251341 2467.483856
v -34.722942 -67.168502 2467.483856
v -34.677518 -67.085663 2467.483856
v -34.632094 -67.002824 2467.483856
v -34.586670 -66.919985 2467.483856
v -34.541246 -66.837146 2467.483856
v -34.495821 -66.754307 2467.483856
v -34.450397 -66.671468 2467.483856
v -34.404973 -66.588629 2467.483856
v -34.359549 -66.505790 2467.483856
v -34.314125 -66.422951 2467.483856
v -34.268701 -66.340112 2467.483856
v -34.223276 -66.257274 2467.483856
v -34.177852 -66.174435 2467.483856
v -34.132428 -66.091596 2467.483856
v -34.087004 -66.008757 2467.483856
v -34.041580 -65.925918 2467.483856
v -33.996156 -65.843079 2467.483856
v -33.950731 -65.760240 2467.483856
v -33.905307 -65.677401 2467.483856
v -33.859883 -65.594562 2467.483856
v -33.814459 -65.511723 2467.483856
v -33.769035 -65.428884 2467.483856
v -33.723611 -65.346045 2467.483856
v -33.678186 -65.263207 2467.483856
v -33.632762 -65.180368 2467.483856
v -33.587338 -65.097529 2467.483856
v -33.541914 -65.014690 2467.483856
v -33.496490 -64.931851 2467.483856
v -33.451066 -64.849012 2467.483856
v -33.405641 -64.766173 2467.483856
v -33.360217 -64.683334 2467.483856
v -33.314793 -64.600495 2467.483856
v -33.269369 -64.517656 2467.483856
v -33.223945 -64.434817 2467.483856
v -33.178521 -64.351978 2467.483856
v -33.133096 -64.269140 2467.483856
v -33.087672 -64.186301 2467.483856
v -33.042248 -64.103462 2467.483856
v -32.996824 -64.020623 2467.483856
v -32.951400 -63.937784 2467.483856
v -32.905976 -63.854945 2467.483856
v -32.860551 -63.772106 2467.483856
v -32.815127 -63.689267 2467.483856
v -32.769703 -63.606428 2467.483856
v -32.724279 -63.523589 2467.483856
v -32.678855 -63.440750 2467.483856
v -32.633431 -63.357911 2467.483856
v -32.588006 -63.275072 2467.483856
v -32.542582 -63.192234 2467.483856
v -32.497158 -63.109395 2467.483856
v -32.451734 -63.026556 2467.483856
v -32.406310 -62.943717 2467.483856
v -32.360886 -62.860878 2467.483856
vt -0.099990 -0.057748 0.000000
vt 0.099663 -0.057748 0.000000
vt 0.000328 0.115495 0.000000
vt -182.672778 20.052941 0.000000
vt -146.087422 -0.887629 0.000000
vt -182.632582 22.052537 0.000000
vt -146.453380 42.950397 0.000000
vt -139.796232 41.964340 0.000000
vt -110.274178 63.848258 0.000000
vt -96.919686 41.959412 0.000000
vt -74.094976 84.746119 0.000000
vt -54.043140 41.954485 0.000000
vt -54.043140 84.035675 0.000000
vt -11.166595 83.926985 0.000000
vt -37.915774 105.643980 0.000000
vt -1.736572 126.541841 0.000000
vt 31.709951 83.818295 0.000000
vt 31.709951 126.393783 0.000000
vt 72.448284 125.488382 0.000000
vt 34.442630 147.439701 0.000000
vt 72.093134 167.262639 0.000000
vt 70.621832 168.337562 0.000000
vt -139.796232 -0.147677 0.000000
vt -109.502066 -21.828199 0.000000
vt -96.919686 -0.084704 0.000000
vt -72.916710 -42.768769 0.000000
vt -54.043140 -0.021732 0.000000
vt -54.043140 -42.282874 0.000000
vt -11.166595 -42.282874 0.000000
vt -36.331354 -63.709339 0.000000
vt 0.254003 -84.649908 0.000000
vt 36.839359 -105.590478 0.000000
vt 31.709951 -84.546607 0.000000
vt 31.709951 -42.282874 0.000000
vt -11.166595 0.041241 0.000000
vt 73.424715 -126.531048 0.000000
vt 74.579183 -125.157162 0.000000
vt 74.224033 -83.382905 0.000000
vt 74.586497 -126.017468 0.000000
vt 73.868883 -41.608647 0.000000
vt 31.709951 0.104213 0.000000
vt -11.166595 41.949558 0.000000
vt 73.513733 0.165610 0.000000
vt 73.158583 41.939867 0.000000
vt 31.709951 41.944630 0.000000
vt 72.803434 83.714125 0.000000
vt -1.000000 -0.000000 0.000000
vt 1.000000 0.000000 0.000000
vt 0.080711 42.755390 0.000000
vt 1.794997 42.755390 0.000000
vt 1.161423 85.510779 0.000000
vt 2.589994 85.510779 0.000000
vt 2.242134 128.266169 0.000000
vt 3.384991 128.266169 0.000000
vt 3.322846 171.021559 0.000000
vt 4.179989 171.021559 0.000000
vt 4.403557 213.776948 0.000000
vt 4.974986 213.776948 0.000000
vt 5.484269 256.532338 0.000000
vt 5.769983 256.532338 0.000000
vt 6.564980 299.287728 0.000000
vt -0.911069 0.000000 0.000000
vt 0.911069 -0.000000 0.000000
vt 1.509046 42.549333 0.000000
vt 3.070880 42.549333 0.000000
vt 3.929162 85.098666 0.000000
vt 5.230690 85.098666 0.000000
vt 6.349278 127.647999 0.000000
vt 7.390500 127.647999 0.000000
vt 8.769394 170.197332 0.000000
vt 9.550311 170.197332 0.000000
vt 11.189510 212.746665 0.000000
vt 11.710121 212.746665 0.000000
vt 13.609626 255.295998 0.000000
vt 13.869931 255.295998 0.000000
vt 16.029741 297.845330 0.000000
vt 0.430169 -0.000000 0.000000
vt -21.115050 37.446061 0.000000
vt -0.430169 -0.000000 0.000000
vt -21.852482 37.446061 0.000000
vt -42.660269 74.892122 0.000000
vt -43.274796 74.892122 0.000000
vt -64.205488 112.338182 0.000000
vt -64.697109 112.338182 0.000000
vt -85.750706 149.784243 0.000000
vt -86.119422 149.784243 0.000000
vt -107.295925 187.230304 0.000000
vt -107.541736 187.230304 0.000000
vt -128.841144 224.676365 0.000000
vt -128.964049 224.676365 0.000000
vt -150.386363 262.122426 0.000000
vt -0.635119 -0.000000 0.000000
vt 0.635119 0.000000 0.000000
vt 2.243266 43.105902 0.000000
vt 3.332041 43.105902 0.000000
vt 5.121651 86.211805 0.000000
vt 6.028963 86.211805 0.000000
vt 8.000035 129.317707 0.000000
vt 8.725885 129.317707 0.000000
vt 10.878420 172.423610 0.000000
vt 11.422807 172.423610 0.000000
vt 13.756804 215.529512 0.000000
vt 14.119729 215.529512 0.000000
vt 16.635189 258.635414 0.000000
vt 16.816651 258.635414 0.000000
vt 19.513574 301.741317 0.000000
vt 20.902870 0.000000 0.000000
vt 10.974007 32.582220 0.000000
vt 0.000000 0.000000 0.000000
vt 9.145005 32.582220 0.000000
vt 7.316004 32.582220 0.000000
vt 7.316004 65.164440 0.000000
vt 5.487003 65.164440 0.000000
vt 5.487003 97.746660 0.000000
vt 3.658002 97.746660 0.000000
vt 3.658002 130.328879 0.000000
vt 1.829001 130.328879 0.000000
vt 1.829001 162.911099 0.000000
vt 0.000000 148.947291 0.000000
vt 0.000000 186.184114 0.000000
vt 1.829001 195.493319 0.000000
vt 0.000000 223.420936 0.000000
vt 1.829001 228.075539 0.000000
vt 1.829001 244.366649 0.000000
vt 3.658002 228.075539 0.000000
vt 3.658002 244.366649 0.000000
vt 5.487003 228.075539 0.000000
vt 5.487003 244.366649 0.000000
vt 7.316004 228.075539 0.000000
vt 7.316004 244.366649 0.000000
vt 9.145005 228.075539 0.000000
vt 9.145005 244.366649 0.000000
vt 10.974007 228.075539 0.000000
vt 10.974007 244.366649 0.000000
vt 12.803008 228.075539 0.000000
vt 12.803008 244.366649 0.000000
vt 14.632009 228.075539 0.000000
vt 14.632009 244.366649 0.000000
vt 16.461010 228.075539 0.000000
vt 16.461010 244.366649 0.000000
vt 18.290011 228.075539 0.000000
vt 18.290011 244.366649 0.000000
vt 20.119012 228.075539 0.000000
vt 20.119012 244.366649 0.000000
vt 21.948013 228.075539 0.000000
vt 21.948013 244.366649 0.000000
vt 23.777014 228.075539 0.000000
vt 23.777014 244.366649 0.000000
vt 25.606015 228.075539 0.000000
vt 25.606015 244.366649 0.000000
vt 27.435016 228.075539 0.000000
vt 27.435016 244.366649 0.000000
vt 29.264018 228.075539 0.000000
vt 29.264018 244.366649 0.000000
vt 31.093019 228.075539 0.000000
vt 31.093019 244.366649 0.000000
vt 32.922020 228.075539 0.000000
vt 32.922020 244.366649 0.000000
vt 34.751021 228.075539 0.000000
vt 34.751021 244.366649 0.000000
vt 36.580022 228.075539 0.000000
vt 36.580022 244.366649 0.000000
vt 38.409023 228.075539 0.000000
vt 38.409023 244.366649 0.000000
vt 40.238024 228.075539 0.000000
vt 40.238024 244.366649 0.000000
vt 42.067025 228.075539 0.000000
vt 42.067025 244.366649 0.000000
vt 43.896026 228.075539 0.000000
vt 43.896026 244.366649 0.000000
vt 45.725027 228.075539 0.000000
vt 45.725027 244.366649 0.000000
vt 47.554029 228.075539 0.000000
vt 47.554029 244.366649 0.000000
vt 49.383030 228.075539 0.000000
vt 49.383030 244.366649 0.000000
vt 51.212031 228.075539 0.000000
vt 51.212031 244.366649 0.000000
vt 53.041032 228.075539 0.000000
vt 53.041032 244.366649 0.000000
vt 54.870033 228.075539 0.000000
vt 54.870033 244.366649 0.000000
vt 56.699034 228.075539 0.000000
vt 56.699034 244.366649 0.000000
vt 58.528035 228.075539 0.000000
vt 58.528035 244.366649 0.000000
vt 60.357036 228.075539 0.000000
vt 60.357036 244.366649 0.000000
vt 62.186037 228.075539 0.000000
vt 62.186037 244.366649 0.000000
vt 64.015038 228.075539 0.000000
vt 64.015038 244.366649 0.000000
vt 65.844040 228.075539 0.000000
vt 65.844040 244.366649 0.000000
vt 67.673041 228.075539 0.000000
vt 67.673041 244.366649 0.000000
vt 69.502042 228.075539 0.000000
vt 69.502042 244.366649 0.000000
vt 71.331043 228.075539 0.000000
vt 71.331043 244.366649 0.000000
vt 73.160044 228.075539 0.000000
vt 73.160044 244.366649 0.000000
vt 74.989045 228.075539 0.000000
vt 74.989045 244.366649 0.000000
vt 76.818046 228.075539 0.000000
vt 76.818046 244.366649 0.000000
vt 78.647047 228.075539 0.000000
vt 78.647047 244.366649 0.000000
vt 80.476048 228.075539 0.000000
vt 80.476048 244.366649 0.000000
vt 82.305049 228.075539 0.000000
vt 82.305049 244.366649 0.000000
vt 84.134051 228.075539 0.000000
vt 84.134051 244.366649 0.000000
vt 85.963052 228.075539 0.000000
vt 85.963052 244.366649 0.000000
vt 87.792053 228.075539 0.000000
vt 87.792053 244.366649 0.000000
vt 89.621054 228.075539 0.000000
vt 89.621054 244.366649 0.000000
vt 91.450055 228.075539 0.000000
vt 91.450055 244.366649 0.000000
vt 93.279056 228.075539 0.000000
vt 93.279056 244.366649 0.000000
vt 95.108057 228.075539 0.000000
vt 95.108057 244.366649 0.000000
vt 96.937058 228.075539 0.000000
vt 96.937058 244.366649 0.000000
vt 98.766059 228.075539 0.000000
vt 98.766059 244.366649 0.000000
vt 100.595060 228.075539 0.000000
vt 100.595060 244.366649 0.000000
vt 102.424062 228.075539 0.000000
vt 102.424062 244.366649 0.000000
vt 104.253063 228.075539 0.000000
vt 104.253063 244.366649 0.000000
vt 106.082064 228.075539 0.000000
vt 106.082064 244.366649 0.000000
vt 107.911065 228.075539 0.000000
vt 107.911065 244.366649 0.000000
vt 109.740066 228.075539 0.000000
vt 109.740066 244.366649 0.000000
vt 111.569067 228.075539 0.000000
vt 111.569067 244.366649 0.000000
vt 113.398068 228.075539 0.000000
vt 113.398068 244.366649 0.000000
vt 115.227069 228.075539 0.000000
vt 115.227069 244.366649 0.000000
vt 117.056070 228.075539 0.000000
vt 117.056070 244.366649 0.000000
vt 118.885071 228.075539 0.000000
vt 118.885071 244.366649 0.000000
vt 120.714073 228.075539 0.000000
vt 120.714073 244.366649 0.000000
vt 122.543074 228.075539 0.000000
vt 122.543074 244.366649 0.000000
vt 124.372075 228.075539 0.000000
vt 124.372075 244.366649 0.000000
vt 126.201076 228.075539 0.000000
vt 126.201076 244.366649 0.000000
vt 128.030077 228.075539 0.000000
vt 128.030077 244.366649 0.000000
vt 129.859078 228.075539 0.000000
vt 129.859078 244.366649 0.000000
vt 131.688079 228.075539 0.000000
vt 131.688079 244.366649 0.000000
vt 133.517080 228.075539 0.000000
vt 133.517080 244.366649 0.000000
vt 135.346081 228.075539 0.000000
vt 135.346081 244.366649 0.000000
vt 137.175082 228.075539 0.000000
vt 137.175082 244.366649 0.000000
vt 139.004084 228.075539 0.000000
vt 139.004084 244.366649 0.000000
vt 140.833085 228.075539 0.000000
vt 140.833085 244.366649 0.000000
vt 142.662086 228.075539 0.000000
vt 142.662086 244.366649 0.000000
vt 144.491087 228.075539 0.000000
vt 144.491087 244.366649 0.000000
vt 146.320088 223.420936 0.000000
vt 146.320088 260.657759 0.000000
vt 41.805739 0.000000 0.000000
vt 31.093019 32.582220 0.000000
vt 29.264018 32.582220 0.000000
vt 27.435016 32.582220 0.000000
vt 27.435016 65.164440 0.000000
vt 25.606015 65.164440 0.000000
vt 25.606015 97.746660 0.000000
vt 23.777014 97.746660 0.000000
vt 23.777014 130.328879 0.000000
vt 21.948013 130.328879 0.000000
vt 21.948013 162.911099 0.000000
vt 20.119012 162.911099 0.000000
vt 20.119012 195.493319 0.000000
vt 18.290011 195.493319 0.000000
vt 62.708609 0.000000 0.000000
vt 53.041032 32.582220 0.000000
vt 51.212031 32.582220 0.000000
vt 49.383030 32.582220 0.000000
vt 49.383030 65.164440 0.000000
vt 47.554029 65.164440 0.000000
vt 47.554029 97.746660 0.000000
vt 45.725027 97.746660 0.000000
vt 45.725027 130.328879 0.000000
vt 43.896026 130.328879 0.000000
vt 43.896026 162.911099 0.000000
vt 42.067025 162.911099 0.000000
vt 42.067025 195.493319 0.000000
vt 40.238024 195.493319 0.000000
vt 83.611479 0.000000 0.000000
vt 73.160044 32.582220 0.000000
vt 71.331043 32.582220 0.000000
vt 69.502042 32.582220 0.000000
vt 69.502042 65.164440 0.000000
vt 67.673041 65.164440 0.000000
vt 67.673041 97.746660 0.000000
vt 65.844040 97.746660 0.000000
vt 65.844040 130.328879 0.000000
vt 64.015038 130.328879 0.000000
vt 64.015038 162.911099 0.000000
vt 62.186037 162.911099 0.000000
vt 62.186037 195.493319 0.000000
vt 60.357036 195.493319 0.000000
vt 104.514349 0.000000 0.000000
vt 93.279056 32.582220 0.000000
vt 91.450055 32.582220 0.000000
vt 89.621054 32.582220 0.000000
vt 89.621054 65.164440 0.000000
vt 87.792053 65.164440 0.000000
vt 87.792053 97.746660 0.000000
vt 85.963052 97.746660 0.000000
vt 85.963052 130.328879 0.000000
vt 84.134051 130.328879 0.000000
vt 84.134051 162.911099 0.000000
vt 82.305049 162.911099 0.000000
vt 82.305049 195.493319 0.000000
vt 80.476048 195.493319 0.000000
vt 125.417218 0.000000 0.000000
vt 115.227069 32.582220 0.000000
vt 113.398068 32.582220 0.000000
vt 111.569067 32.582220 0.000000
vt 111.569067 65.164440 0.000000
vt 109.740066 65.164440 0.000000
vt 109.740066 97.746660 0.000000
vt 107.911065 97.746660 0.000000
vt 107.911065 130.328879 0.000000
vt 106.082064 130.328879 0.000000
vt 106.082064 162.911099 0.000000
vt 104.253063 162.911099 0.000000
vt 104.253063 195.493319 0.000000
vt 102.424062 195.493319 0.000000
vt 146.320088 0.000000 0.000000
vt 135.346081 32.582220 0.000000
vt 133.517080 32.582220 0.000000
vt 131.688079 32.582220 0.000000
vt 131.688079 65.164440 0.000000
vt 129.859078 65.164440 0.000000
vt 129.859078 97.746660 0.000000
vt 128.030077 97.746660 0.000000
vt 128.030077 130.328879 0.000000
vt 126.201076 130.328879 0.000000
vt 126.201076 162.911099 0.000000
vt 124.372075 162.911099 0.000000
vt 124.372075 195.493319 0.000000
vt 122.543074 195.493319 0.000000
vt 146.320088 37.236823 0.000000
vt 144.491087 32.582220 0.000000
vt 142.662086 32.582220 0.000000
vt 140.833085 32.582220 0.000000
vt 140.833085 65.164440 0.000000
vt 139.004084 65.164440 0.000000
vt 139.004084 97.746660 0.000000
vt 137.175082 97.746660 0.000000
vt 137.175082 130.328879 0.000000
vt 135.346081 130.328879 0.000000
vt 135.346081 162.911099 0.000000
vt 133.517080 162.911099 0.000000
vt 133.517080 195.493319 0.000000
vt 131.688079 195.493319 0.000000
vt 144.491087 65.164440 0.000000
vt 146.320088 74.473645 0.000000
vt 144.491087 97.746660 0.000000
vt 146.320088 111.710468 0.000000
vt 144.491087 130.328879 0.000000
vt 146.320088 148.947291 0.000000
vt 144.491087 162.911099 0.000000
vt 146.320088 186.184114 0.000000
vt 144.491087 195.493319 0.000000
vt 0.000000 260.657759 0.000000
vt 73.160044 260.403210 0.000000
vt 74.989045 260.403210 0.000000
vt 76.818046 260.403210 0.000000
vt 76.818046 260.148662 0.000000
vt 78.647047 260.148662 0.000000
vt 78.647047 259.639565 0.000000
vt 80.476048 259.639565 0.000000
vt 80.476048 258.621370 0.000000
vt 82.305049 258.621370 0.000000
vt 82.305049 256.584981 0.000000
vt 84.134051 256.584981 0.000000
vt 84.134051 252.512204 0.000000
vt 85.963052 252.512204 0.000000
vt 1.829001 258.621370 0.000000
vt 1.829001 259.639565 0.000000
vt 1.829001 260.148662 0.000000
vt 3.658002 259.639565 0.000000
vt 3.658002 260.148662 0.000000
vt 5.487003 259.639565 0.000000
vt 5.487003 260.148662 0.000000
vt 7.316004 259.639565 0.000000
vt 7.316004 260.148662 0.000000
vt 9.145005 259.639565 0.000000
vt 9.145005 260.148662 0.000000
vt 10.974007 259.639565 0.000000
vt 10.974007 260.148662 0.000000
vt 12.803008 259.639565 0.000000
vt 12.803008 260.148662 0.000000
vt 14.632009 259.639565 0.000000
vt 14.632009 260.148662 0.000000
vt 16.461010 259.639565 0.000000
vt 16.461010 260.148662 0.000000
vt 18.290011 259.639565 0.000000
vt 18.290011 260.148662 0.000000
vt 20.119012 259.639565 0.000000
vt 20.119012 260.148662 0.000000
vt 21.948013 259.639565 0.000000
vt 21.948013 260.148662 0.000000
vt 23.777014 259.639565 0.000000
vt 23.777014 260.148662 0.000000
vt 25.606015 259.639565 0.000000
vt 25.606015 260.148662 0.000000
vt 27.435016 259.639565 0.000000
vt 27.435016 260.148662 0.000000
vt 29.264018 259.639565 0.000000
vt 29.264018 260.148662 0.000000
vt 31.093019 259.639565 0.000000
vt 31.093019 260.148662 0.000000
vt 32.922020 259.639565 0.000000
vt 32.922020 260.148662 0.000000
vt 34.751021 259.639565 0.000000
vt 34.751021 260.148662 0.000000
vt 36.580022 259.639565 0.000000
vt 36.580022 260.148662 0.000000
vt 38.409023 259.639565 0.000000
vt 38.409023 260.148662 0.000000
vt 40.238024 259.639565 0.000000
vt 40.238024 260.148662 0.000000
vt 42.067025 259.639565 0.000000
vt 42.067025 260.148662 0.000000
vt 43.896026 259.639565 0.000000
vt 43.896026 260.148662 0.000000
vt 45.725027 259.639565 0.000000
vt 45.725027 260.148662 0.000000
vt 47.554029 259.639565 0.000000
vt 47.554029 260.148662 0.000000
vt 49.383030 259.639565 0.000000
vt 49.383030 260.148662 0.000000
vt 51.212031 259.639565 0.000000
vt 51.212031 260.148662 0.000000
vt 53.041032 259.639565 0.000000
vt 53.041032 260.148662 0.000000
vt 54.870033 259.639565 0.000000
vt 54.870033 260.148662 0.000000
vt 56.699034 259.639565 0.000000
vt 56.699034 260.148662 0.000000
vt 58.528035 259.639565 0.000000
vt 58.528035 260.148662 0.000000
vt 60.357036 259.639565 0.000000
vt 60.357036 260.148662 0.000000
vt 62.186037 259.639565 0.000000
vt 62.186037 260.148662 0.000000
vt 64.015038 259.639565 0.000000
vt 64.015038 260.148662 0.000000
vt 65.844040 259.639565 0.000000
vt 65.844040 260.148662 0.000000
vt 67.673041 259.639565 0.000000
vt 67.673041 260.148662 0.000000
vt 69.502042 259.639565 0.000000
vt 69.502042 260.148662 0.000000
vt 71.331043 259.639565 0.000000
vt 71.331043 260.148662 0.000000
vt 73.160044 259.639565 0.000000
vt 73.160044 260.148662 0.000000
vt 74.989045 259.639565 0.000000
vt 74.989045 260.148662 0.000000
vt 76.818046 259.639565 0.000000
vt 0.000000 111.710468 0.000000
vt 1.829001 97.746660 0.000000
vt 3.658002 65.164440 0.000000
vt 5.487003 32.582220 0.000000
vt 0.000000 74.473645 0.000000
vt 1.829001 65.164440 0.000000
vt 3.658002 32.582220 0.000000
vt 0.000000 37.236823 0.000000
vt 1.829001 32.582220 0.000000
vt 1.829001 256.584981 0.000000
vt 3.658002 256.584981 0.000000
vt 3.658002 258.621370 0.000000
vt 5.487003 256.584981 0.000000
vt 5.487003 258.621370 0.000000
vt 7.316004 256.584981 0.000000
vt 7.316004 258.621370 0.000000
vt 9.145005 256.584981 0.000000
vt 9.145005 258.621370 0.000000
vt 10.974007 256.584981 0.000000
vt 10.974007 258.621370 0.000000
vt 12.803008 256.584981 0.000000
vt 12.803008 258.621370 0.000000
vt 14.632009 256.584981 0.000000
vt 14.632009 258.621370 0.000000
vt 16.461010 256.584981 0.000000
vt 16.461010 258.621370 0.000000
vt 18.290011 256.584981 0.000000
vt 18.290011 258.621370 0.000000
vt 20.119012 256.584981 0.000000
vt 20.119012 258.621370 0.000000
vt 21.948013 256.584981 0.000000
vt 21.948013 258.621370 0.000000
vt 23.777014 256.584981 0.000000
vt 23.777014 258.621370 0.000000
vt 25.606015 256.584981 0.000000
vt 25.606015 258.621370 0.000000
vt 27.435016 256.584981 0.000000
vt 27.435016 258.621370 0.000000
vt 29.264018 256.584981 0.000000
vt 29.264018 258.621370 0.000000
vt 31.093019 256.584981 0.000000
vt 31.093019 258.621370 0.000000
vt 32.922020 256.584981 0.000000
vt 32.922020 258.621370 0.000000
vt 34.751021 256.584981 0.000000
vt 34.751021 258.621370 0.000000
vt 36.580022 256.584981 0.000000
vt 36.580022 258.621370 0.000000
vt 38.409023 256.584981 0.000000
vt 38.409023 258.621370 0.000000
vt 40.238024 256.584981 0.000000
vt 40.238024 258.621370 0.000000
vt 42.067025 256.584981 0.000000
vt 42.067025 258.621370 0.000000
vt 43.896026 256.584981 0.000000
vt 43.896026 258.621370 0.000000
vt 45.725027 256.584981 0.000000
vt 45.725027 258.621370 0.000000
vt 47.554029 256.584981 0.000000
vt 47.554029 258.621370 0.000000
vt 49.383030 256.584981 0.000000
vt 49.383030 258.621370 0.000000
vt 51.212031 256.584981 0.000000
vt 51.212031 258.621370 0.000000
vt 53.041032 256.584981 0.000000
vt 53.041032 258.621370 0.000000
vt 54.870033 256.584981 0.000000
vt 54.870033 258.621370 0.000000
vt 56.699034 256.584981 0.000000
vt 56.699034 258.621370 0.000000
vt 58.528035 256.584981 0.000000
vt 58.528035 258.621370 0.000000
vt 60.357036 256.584981 0.000000
vt 60.357036 258.621370 0.000000
vt 62.186037 256.584981 0.000000
vt 62.186037 258.621370 0.000000
vt 64.015038 256.584981 0.000000
vt 64.015038 258.621370 0.000000
vt 65.844040 256.584981 0.000000
vt 65.844040 258.621370 0.000000
vt 67.673041 256.584981 0.000000
vt 67.673041 258.621370 0.000000
vt 69.502042 256.584981 0.000000
vt 69.502042 258.621370 0.000000
vt 71.331043 256.584981 0.000000
vt 71.331043 258.621370 0.000000
vt 73.160044 256.584981 0.000000
vt 73.160044 258.621370 0.000000
vt 74.989045 256.584981 0.000000
vt 74.989045 258.621370 0.000000
vt 76.818046 256.584981 0.000000
vt 76.818046 258.621370 0.000000
vt 78.647047 256.584981 0.000000
vt 78.647047 258.621370 0.000000
vt 80.476048 256.584981 0.000000
vt 1.829001 260.403210 0.000000
vt 3.658002 260.403210 0.000000
vt 5.487003 260.403210 0.000000
vt 7.316004 260.403210 0.000000
vt 9.145005 260.403210 0.000000
vt 10.974007 260.403210 0.000000
vt 12.803008 260.403210 0.000000
vt 14.632009 260.403210 0.000000
vt 16.461010 260.403210 0.000000
vt 18.290011 260.403210 0.000000
vt 20.119012 260.403210 0.000000
vt 21.948013 260.403210 0.000000
vt 23.777014 260.403210 0.000000
vt 25.606015 260.403210 0.000000
vt 27.435016 260.403210 0.000000
vt 29.264018 260.403210 0.000000
vt 31.093019 260.403210 0.000000
vt 32.922020 260.403210 0.000000
vt 34.751021 260.403210 0.000000
vt 36.580022 260.403210 0.000000
vt 38.409023 260.403210 0.000000
vt 40.238024 260.403210 0.000000
vt 42.067025 260.403210 0.000000
vt 43.896026 260.403210 0.000000
vt 45.725027 260.403210 0.000000
vt 47.554029 260.403210 0.000000
vt 49.383030 260.403210 0.000000
vt 51.212031 260.403210 0.000000
vt 53.041032 260.403210 0.000000
vt 54.870033 260.403210 0.000000
vt 56.699034 260.403210 0.000000
vt 58.528035 260.403210 0.000000
vt 60.357036 260.403210 0.000000
vt 62.186037 260.403210 0.000000
vt 64.015038 260.403210 0.000000
vt 65.844040 260.403210 0.000000
vt 67.673041 260.403210 0.000000
vt 69.502042 260.403210 0.000000
vt 71.331043 260.403210 0.000000
vt 144.491087 252.512204 0.000000
vt 144.491087 256.584981 0.000000
vt 144.491087 258.621370 0.000000
vt 142.662086 258.621370 0.000000
vt 142.662086 259.639565 0.000000
vt 140.833085 259.639565 0.000000
vt 140.833085 260.148662 0.000000
vt 139.004084 260.148662 0.000000
vt 139.004084 260.403210 0.000000
vt 137.175082 260.403210 0.000000
vt 135.346081 260.403210 0.000000
vt 133.517080 260.403210 0.000000
vt 135.346081 260.148662 0.000000
vt 133.517080 260.148662 0.000000
vt 135.346081 259.639565 0.000000
vt 133.517080 259.639565 0.000000
vt 135.346081 258.621370 0.000000
vt 133.517080 258.621370 0.000000
vt 135.346081 256.584981 0.000000
vt 133.517080 256.584981 0.000000
vt 135.346081 252.512204 0.000000
vt 133.517080 252.512204 0.000000
vt 144.491087 260.148662 0.000000
vt 144.491087 260.403210 0.000000
vt 142.662086 260.403210 0.000000
vt 142.662086 260.148662 0.000000
vt 144.491087 259.639565 0.000000
vt 142.662086 65.164440 0.000000
vt 142.662086 97.746660 0.000000
vt 142.662086 130.328879 0.000000
vt 142.662086 162.911099 0.000000
vt 142.662086 195.493319 0.000000
vt 139.004084 32.582220 0.000000
vt 137.175082 32.582220 0.000000
vt 135.346081 65.164440 0.000000
vt 133.517080 65.164440 0.000000
vt 133.517080 97.746660 0.000000
vt 131.688079 97.746660 0.000000
vt 131.688079 130.328879 0.000000
vt 129.859078 130.328879 0.000000
vt 129.859078 162.911099 0.000000
vt 128.030077 162.911099 0.000000
vt 128.030077 195.493319 0.000000
vt 126.201076 195.493319 0.000000
vt 137.175082 65.164440 0.000000
vt 129.859078 32.582220 0.000000
vt 128.030077 32.582220 0.000000
vt 126.201076 32.582220 0.000000
vt 126.201076 65.164440 0.000000
vt 124.372075 65.164440 0.000000
vt 124.372075 97.746660 0.000000
vt 122.543074 97.746660 0.000000
vt 122.543074 130.328879 0.000000
vt 120.714073 130.328879 0.000000
vt 120.714073 162.911099 0.000000
vt 118.885071 162.911099 0.000000
vt 118.885071 195.493319 0.000000
vt 117.056070 195.493319 0.000000
vt 128.030077 65.164440 0.000000
vt 124.372075 32.582220 0.000000
vt 122.543074 32.582220 0.000000
vt 120.714073 32.582220 0.000000
vt 120.714073 65.164440 0.000000
vt 118.885071 65.164440 0.000000
vt 118.885071 97.746660 0.000000
vt 117.056070 97.746660 0.000000
vt 117.056070 130.328879 0.000000
vt 115.227069 130.328879 0.000000
vt 115.227069 162.911099 0.000000
vt 113.398068 162.911099 0.000000
vt 113.398068 195.493319 0.000000
vt 111.569067 195.493319 0.000000
vt 122.543074 65.164440 0.000000
vt 118.885071 32.582220 0.000000
vt 117.056070 32.582220 0.000000
vt 115.227069 65.164440 0.000000
vt 113.398068 65.164440 0.000000
vt 113.398068 97.746660 0.000000
vt 111.569067 97.746660 0.000000
vt 111.569067 130.328879 0.000000
vt 109.740066 130.328879 0.000000
vt 109.740066 162.911099 0.000000
vt 107.911065 162.911099 0.000000
vt 107.911065 195.493319 0.000000
vt 106.082064 195.493319 0.000000
vt 117.056070 65.164440 0.000000
vt 109.740066 32.582220 0.000000
vt 107.911065 32.582220 0.000000
vt 106.082064 32.582220 0.000000
vt 106.082064 65.164440 0.000000
vt 104.253063 65.164440 0.000000
vt 104.253063 97.746660 0.000000
vt 102.424062 97.746660 0.000000
vt 102.424062 130.328879 0.000000
vt 100.595060 130.328879 0.000000
vt 100.595060 162.911099 0.000000
vt 98.766059 162.911099 0.000000
vt 98.766059 195.493319 0.000000
vt 96.937058 195.493319 0.000000
vt 107.911065 65.164440 0.000000
vt 104.253063 32.582220 0.000000
vt 102.424062 32.582220 0.000000
vt 100.595060 32.582220 0.000000
vt 100.595060 65.164440 0.000000
vt 98.766059 65.164440 0.000000
vt 98.766059 97.746660 0.000000
vt 96.937058 97.746660 0.000000
vt 96.937058 130.328879 0.000000
vt 95.108057 130.328879 0.000000
vt 95.108057 162.911099 0.000000
vt 93.279056 162.911099 0.000000
vt 93.279056 195.493319 0.000000
vt 91.450055 195.493319 0.000000
vt 102.424062 65.164440 0.000000
vt 98.766059 32.582220 0.000000
vt 96.937058 32.582220 0.000000
vt 95.108057 32.582220 0.000000
vt 95.108057 65.164440 0.000000
vt 93.279056 65.164440 0.000000
vt 93.279056 97.746660 0.000000
vt 91.450055 97.746660 0.000000
vt 91.450055 130.328879 0.000000
vt 89.621054 130.328879 0.000000
vt 89.621054 162.911099 0.000000
vt 87.792053 162.911099 0.000000
vt 87.792053 195.493319 0.000000
vt 85.963052 195.493319 0.000000
vt 96.937058 65.164440 0.000000
vt 91.450055 65.164440 0.000000
vt 87.792053 32.582220 0.000000
vt 85.963052 32.582220 0.000000
vt 84.134051 32.582220 0.000000
vt 84.134051 65.164440 0.000000
vt 82.305049 65.164440 0.000000
vt 82.305049 97.746660 0.000000
vt 80.476048 97.746660 0.000000
vt 80.476048 130.328879 0.000000
vt 78.647047 130.328879 0.000000
vt 78.647047 162.911099 0.000000
vt 76.818046 162.911099 0.000000
vt 76.818046 195.493319 0.000000
vt 74.989045 195.493319 0.000000
vt 85.963052 65.164440 0.000000
vt 82.305049 32.582220 0.000000
vt 80.476048 32.582220 0.000000
vt 78.647047 32.582220 0.000000
vt 78.647047 65.164440 0.000000
vt 76.818046 65.164440 0.000000
vt 76.818046 97.746660 0.000000
vt 74.989045 97.746660 0.000000
vt 74.989045 130.328879 0.000000
vt 73.160044 130.328879 0.000000
vt 73.160044 162.911099 0.000000
vt 71.331043 162.911099 0.000000
vt 71.331043 195.493319 0.000000
vt 69.502042 195.493319 0.000000
vt 80.476048 65.164440 0.000000
vt 76.818046 32.582220 0.000000
vt 74.989045 32.582220 0.000000
vt 73.160044 65.164440 0.000000
vt 71.331043 65.164440 0.000000
vt 71.331043 97.746660 0.000000
vt 69.502042 97.746660 0.000000
vt 69.502042 130.328879 0.000000
vt 67.673041 130.328879 0.000000
vt 67.673041 162.911099 0.000000
vt 65.844040 162.911099 0.000000
vt 65.844040 195.493319 0.000000
vt 64.015038 195.493319 0.000000
vt 74.989045 65.164440 0.000000
vt 67.673041 32.582220 0.000000
vt 65.844040 32.582220 0.000000
vt 64.015038 32.582220 0.000000
vt 64.015038 65.164440 0.000000
vt 62.186037 65.164440 0.000000
vt 62.186037 97.746660 0.000000
vt 60.357036 97.746660 0.000000
vt 60.357036 130.328879 0.000000
vt 58.528035 130.328879 0.000000
vt 58.528035 162.911099 0.000000
vt 56.699034 162.911099 0.000000
vt 56.699034 195.493319 0.000000
vt 54.870033 195.493319 0.000000
vt 65.844040 65.164440 0.000000
vt 62.186037 32.582220 0.000000
vt 60.357036 32.582220 0.000000
vt 58.528035 32.582220 0.000000
vt 58.528035 65.164440 0.000000
vt 56.699034 65.164440 0.000000
vt 56.699034 97.746660 0.000000
vt 54.870033 97.746660 0.000000
vt 54.870033 130.328879 0.000000
vt 53.041032 130.328879 0.000000
vt 53.041032 162.911099 0.000000
vt 51.212031 162.911099 0.000000
vt 51.212031 195.493319 0.000000
vt 49.383030 195.493319 0.000000
vt 60.357036 65.164440 0.000000
vt 56.699034 32.582220 0.000000
vt 54.870033 32.582220 0.000000
vt 53.041032 65.164440 0.000000
vt 51.212031 65.164440 0.000000
vt 51.212031 97.746660 0.000000
vt 49.383030 97.746660 0.000000
vt 49.383030 130.328879 0.000000
vt 47.554029 130.328879 0.000000
vt 47.554029 162.911099 0.000000
vt 45.725027 162.911099 0.000000
vt 45.725027 195.493319 0.000000
vt 43.896026 195.493319 0.000000
vt 54.870033 65.164440 0.000000
vt 47.554029 32.582220 0.000000
vt 45.725027 32.582220 0.000000
vt 43.896026 32.582220 0.000000
vt 43.896026 65.164440 0.000000
vt 42.067025 65.164440 0.000000
vt 42.067025 97.746660 0.000000
vt 40.238024 97.746660 0.000000
vt 40.238024 130.328879 0.000000
vt 38.409023 130.328879 0.000000
vt 38.409023 162.911099 0.000000
vt 36.580022 162.911099 0.000000
vt 36.580022 195.493319 0.000000
vt 34.751021 195.493319 0.000000
vt 45.725027 65.164440 0.000000
vt 42.067025 32.582220 0.000000
vt 40.238024 32.582220 0.000000
vt 38.409023 32.582220 0.000000
vt 38.409023 65.164440 0.000000
vt 36.580022 65.164440 0.000000
vt 36.580022 97.746660 0.000000
vt 34.751021 97.746660 0.000000
vt 34.751021 130.328879 0.000000
vt 32.922020 130.328879 0.000000
vt 32.922020 162.911099 0.000000
vt 31.093019 162.911099 0.000000
vt 31.093019 195.493319 0.000000
vt 29.264018 195.493319 0.000000
vt 40.238024 65.164440 0.000000
vt 36.580022 32.582220 0.000000
vt 34.751021 32.582220 0.000000
vt 32.922020 32.582220 0.000000
vt 32.922020 65.164440 0.000000
vt 31.093019 65.164440 0.000000
vt 31.093019 97.746660 0.000000
vt 29.264018 97.746660 0.000000
vt 29.264018 130.328879 0.000000
vt 27.435016 130.328879 0.000000
vt 27.435016 162.911099 0.000000
vt 25.606015 162.911099 0.000000
vt 25.606015 195.493319 0.000000
vt 23.777014 195.493319 0.000000
vt 34.751021 65.164440 0.000000
vt 29.264018 65.164440 0.000000
vt 25.606015 32.582220 0.000000
vt 23.777014 32.582220 0.000000
vt 21.948013 32.582220 0.000000
vt 21.948013 65.164440 0.000000
vt 20.119012 65.164440 0.000000
vt 20.119012 97.746660 0.000000
vt 18.290011 97.746660 0.000000
vt 18.290011 130.328879 0.000000
vt 16.461010 130.328879 0.000000
vt 16.461010 162.911099 0.000000
vt 14.632009 162.911099 0.000000
vt 14.632009 195.493319 0.000000
vt 12.803008 195.493319 0.000000
vt 23.777014 65.164440 0.000000
vt 20.119012 32.582220 0.000000
vt 18.290011 32.582220 0.000000
vt 16.461010 32.582220 0.000000
vt 16.461010 65.164440 0.000000
vt 14.632009 65.164440 0.000000
vt 14.632009 97.746660 0.000000
vt 12.803008 97.746660 0.000000
vt 12.803008 130.328879 0.000000
vt 10.974007 130.328879 0.000000
vt 10.974007 162.911099 0.000000
vt 9.145005 162.911099 0.000000
vt 9.145005 195.493319 0.000000
vt 7.316004 195.493319 0.000000
vt 18.290011 65.164440 0.000000
vt 14.632009 32.582220 0.000000
vt 12.803008 32.582220 0.000000
vt 10.974007 65.164440 0.000000
vt 9.145005 65.164440 0.000000
vt 9.145005 97.746660 0.000000
vt 7.316004 97.746660 0.000000
vt 7.316004 130.328879 0.000000
vt 5.487003 130.328879 0.000000
vt 5.487003 162.911099 0.000000
vt 3.658002 162.911099 0.000000
vt 3.658002 195.493319 0.000000
vt 12.803008 65.164440 0.000000
vt 140.833085 97.746660 0.000000
vt 139.004084 130.328879 0.000000
vt 137.175082 162.911099 0.000000
vt 135.346081 195.493319 0.000000
vt 135.346081 97.746660 0.000000
vt 126.201076 97.746660 0.000000
vt 120.714073 97.746660 0.000000
vt 115.227069 97.746660 0.000000
vt 106.082064 97.746660 0.000000
vt 100.595060 97.746660 0.000000
vt 95.108057 97.746660 0.000000
vt 89.621054 97.746660 0.000000
vt 84.134051 97.746660 0.000000
vt 78.647047 97.746660 0.000000
vt 73.160044 97.746660 0.000000
vt 64.015038 97.746660 0.000000
vt 58.528035 97.746660 0.000000
vt 53.041032 97.746660 0.000000
vt 43.896026 97.746660 0.000000
vt 38.409023 97.746660 0.000000
vt 32.922020 97.746660 0.000000
vt 27.435016 97.746660 0.000000
vt 21.948013 97.746660 0.000000
vt 16.461010 97.746660 0.000000
vt 10.974007 97.746660 0.000000
vt 140.833085 130.328879 0.000000
vt 140.833085 162.911099 0.000000
vt 140.833085 195.493319 0.000000
vt 133.517080 130.328879 0.000000
vt 124.372075 130.328879 0.000000
vt 118.885071 130.328879 0.000000
vt 113.398068 130.328879 0.000000
vt 104.253063 130.328879 0.000000
vt 98.766059 130.328879 0.000000
vt 93.279056 130.328879 0.000000
vt 87.792053 130.328879 0.000000
vt 82.305049 130.328879 0.000000
vt 76.818046 130.328879 0.000000
vt 71.331043 130.328879 0.000000
vt 62.186037 130.328879 0.000000
vt 56.699034 130.328879 0.000000
vt 51.212031 130.328879 0.000000
vt 42.067025 130.328879 0.000000
vt 36.580022 130.328879 0.000000
vt 31.093019 130.328879 0.000000
vt 25.606015 130.328879 0.000000
vt 20.119012 130.328879 0.000000
vt 14.632009 130.328879 0.000000
vt 9.145005 130.328879 0.000000
vt 139.004084 162.911099 0.000000
vt 137.175082 195.493319 0.000000
vt 131.688079 162.911099 0.000000
vt 122.543074 162.911099 0.000000
vt 117.056070 162.911099 0.000000
vt 111.569067 162.911099 0.000000
vt 102.424062 162.911099 0.000000
vt 96.937058 162.911099 0.000000
vt 91.450055 162.911099 0.000000
vt 85.963052 162.911099 0.000000
vt 80.476048 162.911099 0.000000
vt 74.989045 162.911099 0.000000
vt 69.502042 162.911099 0.000000
vt 60.357036 162.911099 0.000000
vt 54.870033 162.911099 0.000000
vt 49.383030 162.911099 0.000000
vt 40.238024 162.911099 0.000000
vt 34.751021 162.911099 0.000000
vt 29.264018 162.911099 0.000000
vt 23.777014 162.911099 0.000000
vt 18.290011 162.911099 0.000000
vt 12.803008 162.911099 0.000000
vt 7.316004 162.911099 0.000000
vt 139.004084 195.493319 0.000000
vt 129.859078 195.493319 0.000000
vt 120.714073 195.493319 0.000000
vt 115.227069 195.493319 0.000000
vt 109.740066 195.493319 0.000000
vt 100.595060 195.493319 0.000000
vt 95.108057 195.493319 0.000000
vt 89.621054 195.493319 0.000000
vt 84.134051 195.493319 0.000000
vt 78.647047 195.493319 0.000000
vt 73.160044 195.493319 0.000000
vt 67.673041 195.493319 0.000000
vt 58.528035 195.493319 0.000000
vt 53.041032 195.493319 0.000000
vt 47.554029 195.493319 0.000000
vt 38.409023 195.493319 0.000000
vt 32.922020 195.493319 0.000000
vt 27.435016 195.493319 0.000000
vt 21.948013 195.493319 0.000000
vt 16.461010 195.493319 0.000000
vt 10.974007 195.493319 0.000000
vt 5.487003 195.493319 0.000000
vt 1.829001 252.512204 0.000000
vt 3.658002 252.512204 0.000000
vt 5.487003 252.512204 0.000000
vt 7.316004 252.512204 0.000000
vt 9.145005 252.512204 0.000000
vt 10.974007 252.512204 0.000000
vt 12.803008 252.512204 0.000000
vt 14.632009 252.512204 0.000000
vt 16.461010 252.512204 0.000000
vt 18.290011 252.512204 0.000000
vt 20.119012 252.512204 0.000000
vt 21.948013 252.512204 0.000000
vt 23.777014 252.512204 0.000000
vt 25.606015 252.512204 0.000000
vt 27.435016 252.512204 0.000000
vt 29.264018 252.512204 0.000000
vt 31.093019 252.512204 0.000000
vt 32.922020 252.512204 0.000000
vt 34.751021 252.512204 0.000000
vt 36.580022 252.512204 0.000000
vt 38.409023 252.512204 0.000000
vt 40.238024 252.512204 0.000000
vt 42.067025 252.512204 0.000000
vt 43.896026 252.512204 0.000000
vt 45.725027 252.512204 0.000000
vt 47.554029 252.512204 0.000000
vt 49.383030 252.512204 0.000000
vt 51.212031 252.512204 0.000000
vt 53.041032 252.512204 0.000000
vt 54.870033 252.512204 0.000000
vt 56.699034 252.512204 0.000000
vt 58.528035 252.512204 0.000000
vt 60.357036 252.512204 0.000000
vt 62.186037 252.512204 0.000000
vt 64.015038 252.512204 0.000000
vt 65.844040 252.512204 0.000000
vt 67.673041 252.512204 0.000000
vt 69.502042 252.512204 0.000000
vt 71.331043 252.512204 0.000000
vt 73.160044 252.512204 0.000000
vt 74.989045 252.512204 0.000000
vt 76.818046 252.512204 0.000000
vt 78.647047 252.512204 0.000000
vt 80.476048 252.512204 0.000000
vt 82.305049 252.512204 0.000000
vt 78.647047 260.403210 0.000000
vt 80.476048 260.403210 0.000000
vt 82.305049 260.403210 0.000000
vt 82.305049 260.148662 0.000000
vt 84.134051 260.148662 0.000000
vt 84.134051 259.639565 0.000000
vt 85.963052 259.639565 0.000000
vt 85.963052 258.621370 0.000000
vt 87.792053 258.621370 0.000000
vt 87.792053 256.584981 0.000000
vt 89.621054 256.584981 0.000000
vt 89.621054 252.512204 0.000000
vt 91.450055 252.512204 0.000000
vt 80.476048 260.148662 0.000000
vt 84.134051 260.403210 0.000000
vt 85.963052 260.403210 0.000000
vt 87.792053 260.403210 0.000000
vt 87.792053 260.148662 0.000000
vt 89.621054 260.148662 0.000000
vt 89.621054 259.639565 0.000000
vt 91.450055 259.639565 0.000000
vt 91.450055 258.621370 0.000000
vt 93.279056 258.621370 0.000000
vt 93.279056 256.584981 0.000000
vt 95.108057 256.584981 0.000000
vt 95.108057 252.512204 0.000000
vt 96.937058 252.512204 0.000000
vt 85.963052 260.148662 0.000000
vt 89.621054 260.403210 0.000000
vt 91.450055 260.403210 0.000000
vt 93.279056 260.403210 0.000000
vt 93.279056 260.148662 0.000000
vt 95.108057 260.148662 0.000000
vt 95.108057 259.639565 0.000000
vt 96.937058 259.639565 0.000000
vt 96.937058 258.621370 0.000000
vt 98.766059 258.621370 0.000000
vt 98.766059 256.584981 0.000000
vt 100.595060 256.584981 0.000000
vt 100.595060 252.512204 0.000000
vt 102.424062 252.512204 0.000000
vt 91.450055 260.148662 0.000000
vt 95.108057 260.403210 0.000000
vt 96.937058 260.403210 0.000000
vt 98.766059 260.403210 0.000000
vt 98.766059 260.148662 0.000000
vt 100.595060 260.148662 0.000000
vt 100.595060 259.639565 0.000000
vt 102.424062 259.639565 0.000000
vt 102.424062 258.621370 0.000000
vt 104.253063 258.621370 0.000000
vt 104.253063 256.584981 0.000000
vt 106.082064 256.584981 0.000000
vt 106.082064 252.512204 0.000000
vt 107.911065 252.512204 0.000000
vt 96.937058 260.148662 0.000000
vt 100.595060 260.403210 0.000000
vt 102.424062 260.403210 0.000000
vt 104.253063 260.403210 0.000000
vt 104.253063 260.148662 0.000000
vt 106.082064 260.148662 0.000000
vt 106.082064 259.639565 0.000000
vt 107.911065 259.639565 0.000000
vt 107.911065 258.621370 0.000000
vt 109.740066 258.621370 0.000000
vt 109.740066 256.584981 0.000000
vt 111.569067 256.584981 0.000000
vt 111.569067 252.512204 0.000000
vt 113.398068 252.512204 0.000000
vt 102.424062 260.148662 0.000000
vt 106.082064 260.403210 0.000000
vt 107.911065 260.403210 0.000000
vt 109.740066 260.403210 0.000000
vt 109.740066 260.148662 0.000000
vt 111.569067 260.148662 0.000000
vt 111.569067 259.639565 0.000000
vt 113.398068 259.639565 0.000000
vt 113.398068 258.621370 0.000000
vt 115.227069 258.621370 0.000000
vt 115.227069 256.584981 0.000000
vt 117.056070 256.584981 0.000000
vt 117.056070 252.512204 0.000000
vt 118.885071 252.512204 0.000000
vt 107.911065 260.148662 0.000000
vt 111.569067 260.403210 0.000000
vt 113.398068 260.403210 0.000000
vt 115.227069 260.403210 0.000000
vt 115.227069 260.148662 0.000000
vt 117.056070 260.148662 0.000000
vt 117.056070 259.639565 0.000000
vt 118.885071 259.639565 0.000000
vt 118.885071 258.621370 0.000000
vt 120.714073 258.621370 0.000000
vt 120.714073 256.584981 0.000000
vt 122.543074 256.584981 0.000000
vt 122.543074 252.512204 0.000000
vt 124.372075 252.512204 0.000000
vt 113.398068 260.148662 0.000000
vt 117.056070 260.403210 0.000000
vt 118.885071 260.403210 0.000000
vt 120.714073 260.403210 0.000000
vt 120.714073 260.148662 0.000000
vt 122.543074 260.148662 0.000000
vt 122.543074 259.639565 0.000000
vt 124.372075 259.639565 0.000000
vt 124.372075 258.621370 0.000000
vt 126.201076 258.621370 0.000000
vt 126.201076 256.584981 0.000000
vt 128.030077 256.584981 0.000000
vt 128.030077 252.512204 0.000000
vt 129.859078 252.512204 0.000000
vt 118.885071 260.148662 0.000000
vt 122.543074 260.403210 0.000000
vt 124.372075 260.403210 0.000000
vt 126.201076 260.403210 0.000000
vt 126.201076 260.148662 0.000000
vt 128.030077 260.148662 0.000000
vt 128.030077 259.639565 0.000000
vt 129.859078 259.639565 0.000000
vt 129.859078 258.621370 0.000000
vt 131.688079 258.621370 0.000000
vt 131.688079 256.584981 0.000000
vt 124.372075 260.148662 0.000000
vt 128.030077 260.403210 0.000000
vt 129.859078 260.403210 0.000000
vt 131.688079 260.403210 0.000000
vt 131.688079 260.148662 0.000000
vt 129.859078 260.148662 0.000000
vt 137.175082 260.148662 0.000000
vt 137.175082 259.639565 0.000000
vt 137.175082 258.621370 0.000000
vt 137.175082 256.584981 0.000000
vt 137.175082 252.512204 0.000000
vt 140.833085 260.403210 0.000000
vt 142.662086 252.512204 0.000000
vt 142.662086 256.584981 0.000000
vt 140.833085 252.512204 0.000000
vt 140.833085 256.584981 0.000000
vt 140.833085 258.621370 0.000000
vt 139.004084 252.512204 0.000000
vt 139.004084 256.584981 0.000000
vt 139.004084 258.621370 0.000000
vt 139.004084 259.639565 0.000000
vt 131.688079 252.512204 0.000000
vt 126.201076 252.512204 0.000000
vt 120.714073 252.512204 0.000000
vt 115.227069 252.512204 0.000000
vt 109.740066 252.512204 0.000000
vt 104.253063 252.512204 0.000000
vt 98.766059 252.512204 0.000000
vt 93.279056 252.512204 0.000000
vt 87.792053 252.512204 0.000000
vt 129.859078 256.584981 0.000000
vt 128.030077 258.621370 0.000000
vt 126.201076 259.639565 0.000000
vt 124.372075 256.584981 0.000000
vt 118.885071 256.584981 0.000000
vt 113.398068 256.584981 0.000000
vt 107.911065 256.584981 0.000000
vt 102.424062 256.584981 0.000000
vt 96.937058 256.584981 0.000000
vt 91.450055 256.584981 0.000000
vt 85.963052 256.584981 0.000000
vt 122.543074 258.621370 0.000000
vt 117.056070 258.621370 0.000000
vt 111.569067 258.621370 0.000000
vt 106.082064 258.621370 0.000000
vt 100.595060 258.621370 0.000000
vt 95.108057 258.621370 0.000000
vt 89.621054 258.621370 0.000000
vt 84.134051 258.621370 0.000000
vt 131.688079 259.639565 0.000000
vt 120.714073 259.639565 0.000000
vt 115.227069 259.639565 0.000000
vt 109.740066 259.639565 0.000000
vt 104.253063 259.639565 0.000000
vt 98.766059 259.639565 0.000000
vt 93.279056 259.639565 0.000000
vt 87.792053 259.639565 0.000000
vt 82.305049 259.639565 0.000000
vt 20.900198 0.000000 0.000000
vt 10.972604 32.766703 0.000000
vt 0.000000 0.000000 0.000000
vt 9.143837 32.766703 0.000000
vt 7.315069 32.766703 0.000000
vt 7.315069 65.533406 0.000000
vt 5.486302 65.533406 0.000000
vt 5.486302 98.300109 0.000000
vt 3.657535 98.300109 0.000000
vt 3.657535 131.066812 0.000000
vt 1.828767 131.066812 0.000000
vt 1.828767 163.833515 0.000000
vt 0.000000 149.790642 0.000000
vt 0.000000 187.238303 0.000000
vt 1.828767 196.600218 0.000000
vt 0.000000 224.685963 0.000000
vt 1.828767 229.366921 0.000000
vt 1.828767 245.750273 0.000000
vt 3.657535 229.366921 0.000000
vt 3.657535 245.750273 0.000000
vt 5.486302 229.366921 0.000000
vt 5.486302 245.750273 0.000000
vt 7.315069 229.366921 0.000000
vt 7.315069 245.750273 0.000000
vt 9.143837 229.366921 0.000000
vt 9.143837 245.750273 0.000000
vt 10.972604 229.366921 0.000000
vt 10.972604 245.750273 0.000000
vt 12.801372 229.366921 0.000000
vt 12.801372 245.750273 0.000000
vt 14.630139 229.366921 0.000000
vt 14.630139 245.750273 0.000000
vt 16.458906 229.366921 0.000000
vt 16.458906 245.750273 0.000000
vt 18.287674 229.366921 0.000000
vt 18.287674 245.750273 0.000000
vt 20.116441 229.366921 0.000000
vt 20.116441 245.750273 0.000000
vt 21.945208 229.366921 0.000000
vt 21.945208 245.750273 0.000000
vt 23.773976 229.366921 0.000000
vt 23.773976 245.750273 0.000000
vt 25.602743 229.366921 0.000000
vt 25.602743 245.750273 0.000000
vt 27.431510 229.366921 0.000000
vt 27.431510 245.750273 0.000000
vt 29.260278 229.366921 0.000000
vt 29.260278 245.750273 0.000000
vt 31.089045 229.366921 0.000000
vt 31.089045 245.750273 0.000000
vt 32.917813 229.366921 0.000000
vt 32.917813 245.750273 0.000000
vt 34.746580 229.366921 0.000000
vt 34.746580 245.750273 0.000000
vt 36.575347 229.366921 0.000000
vt 36.575347 245.750273 0.000000
vt 38.404115 229.366921 0.000000
vt 38.404115 245.750273 0.000000
vt 40.232882 229.366921 0.000000
vt 40.232882 245.750273 0.000000
vt 42.061649 229.366921 0.000000
vt 42.061649 245.750273 0.000000
vt 43.890417 229.366921 0.000000
vt 43.890417 245.750273 0.000000
vt 45.719184 229.366921 0.000000
vt 45.719184 245.750273 0.000000
vt 47.547951 229.366921 0.000000
vt 47.547951 245.750273 0.000000
vt 49.376719 229.366921 0.000000
vt 49.376719 245.750273 0.000000
vt 51.205486 229.366921 0.000000
vt 51.205486 245.750273 0.000000
vt 53.034254 229.366921 0.000000
vt 53.034254 245.750273 0.000000
vt 54.863021 229.366921 0.000000
vt 54.863021 245.750273 0.000000
vt 56.691788 229.366921 0.000000
vt 56.691788 245.750273 0.000000
vt 58.520556 229.366921 0.000000
vt 58.520556 245.750273 0.000000
vt 60.349323 229.366921 0.000000
vt 60.349323 245.750273 0.000000
vt 62.178090 229.366921 0.000000
vt 62.178090 245.750273 0.000000
vt 64.006858 229.366921 0.000000
vt 64.006858 245.750273 0.000000
vt 65.835625 229.366921 0.000000
vt 65.835625 245.750273 0.000000
vt 67.664392 229.366921 0.000000
vt 67.664392 245.750273 0.000000
vt 69.493160 229.366921 0.000000
vt 69.493160 245.750273 0.000000
vt 71.321927 229.366921 0.000000
vt 71.321927 245.750273 0.000000
vt 73.150695 229.366921 0.000000
vt 73.150695 245.750273 0.000000
vt 74.979462 229.366921 0.000000
vt 74.979462 245.750273 0.000000
vt 76.808229 229.366921 0.000000
vt 76.808229 245.750273 0.000000
vt 78.636997 229.366921 0.000000
vt 78.636997 245.750273 0.000000
vt 80.465764 229.366921 0.000000
vt 80.465764 245.750273 0.000000
vt 82.294531 229.366921 0.000000
vt 82.294531 245.750273 0.000000
vt 84.123299 229.366921 0.000000
vt 84.123299 245.750273 0.000000
vt 85.952066 229.366921 0.000000
vt 85.952066 245.750273 0.000000
vt 87.780834 229.366921 0.000000
vt 87.780834 245.750273 0.000000
vt 89.609601 229.366921 0.000000
vt 89.609601 245.750273 0.000000
vt 91.438368 229.366921 0.000000
vt 91.438368 245.750273 0.000000
vt 93.267136 229.366921 0.000000
vt 93.267136 245.750273 0.000000
vt 95.095903 229.366921 0.000000
vt 95.095903 245.750273 0.000000
vt 96.924670 229.366921 0.000000
vt 96.924670 245.750273 0.000000
vt 98.753438 229.366921 0.000000
vt 98.753438 245.750273 0.000000
vt 100.582205 229.366921 0.000000
vt 100.582205 245.750273 0.000000
vt 102.410972 229.366921 0.000000
vt 102.410972 245.750273 0.000000
vt 104.239740 229.366921 0.000000
vt 104.239740 245.750273 0.000000
vt 106.068507 229.366921 0.000000
vt 106.068507 245.750273 0.000000
vt 107.897275 229.366921 0.000000
vt 107.897275 245.750273 0.000000
vt 109.726042 229.366921 0.000000
vt 109.726042 245.750273 0.000000
vt 111.554809 229.366921 0.000000
vt 111.554809 245.750273 0.000000
vt 113.383577 229.366921 0.000000
vt 113.383577 245.750273 0.000000
vt 115.212344 229.366921 0.000000
vt 115.212344 245.750273 0.000000
vt 117.041111 229.366921 0.000000
vt 117.041111 245.750273 0.000000
vt 118.869879 229.366921 0.000000
vt 118.869879 245.750273 0.000000
vt 120.698646 229.366921 0.000000
vt 120.698646 245.750273 0.000000
vt 122.527413 229.366921 0.000000
vt 122.527413 245.750273 0.000000
vt 124.356181 229.366921 0.000000
vt 124.356181 245.750273 0.000000
vt 126.184948 229.366921 0.000000
vt 126.184948 245.750273 0.000000
vt 128.013716 229.366921 0.000000
vt 128.013716 245.750273 0.000000
vt 129.842483 229.366921 0.000000
vt 129.842483 245.750273 0.000000
vt 131.671250 229.366921 0.000000
vt 131.671250 245.750273 0.000000
vt 133.500018 229.366921 0.000000
vt 133.500018 245.750273 0.000000
vt 135.328785 229.366921 0.000000
vt 135.328785 245.750273 0.000000
vt 137.157552 229.366921 0.000000
vt 137.157552 245.750273 0.000000
vt 138.986320 229.366921 0.000000
vt 138.986320 245.750273 0.000000
vt 140.815087 229.366921 0.000000
vt 140.815087 245.750273 0.000000
vt 142.643854 229.366921 0.000000
vt 142.643854 245.750273 0.000000
vt 144.472622 229.366921 0.000000
vt 144.472622 245.750273 0.000000
vt 146.301389 224.685963 0.000000
vt 146.301389 262.133624 0.000000
vt 41.800397 0.000000 0.000000
vt 31.089045 32.766703 0.000000
vt 29.260278 32.766703 0.000000
vt 27.431510 32.766703 0.000000
vt 27.431510 65.533406 0.000000
vt 25.602743 65.533406 0.000000
vt 25.602743 98.300109 0.000000
vt 23.773976 98.300109 0.000000
vt 23.773976 131.066812 0.000000
vt 21.945208 131.066812 0.000000
vt 21.945208 163.833515 0.000000
vt 20.116441 163.833515 0.000000
vt 20.116441 196.600218 0.000000
vt 18.287674 196.600218 0.000000
vt 62.700595 0.000000 0.000000
vt 53.034254 32.766703 0.000000
vt 51.205486 32.766703 0.000000
vt 49.376719 32.766703 0.000000
vt 49.376719 65.533406 0.000000
vt 47.547951 65.533406 0.000000
vt 47.547951 98.300109 0.000000
vt 45.719184 98.300109 0.000000
vt 45.719184 131.066812 0.000000
vt 43.890417 131.066812 0.000000
vt 43.890417 163.833515 0.000000
vt 42.061649 163.833515 0.000000
vt 42.061649 196.600218 0.000000
vt 40.232882 196.600218 0.000000
vt 83.600794 0.000000 0.000000
vt 73.150695 32.766703 0.000000
vt 71.321927 32.766703 0.000000
vt 69.493160 32.766703 0.000000
vt 69.493160 65.533406 0.000000
vt 67.664392 65.533406 0.000000
vt 67.664392 98.300109 0.000000
vt 65.835625 98.300109 0.000000
vt 65.835625 131.066812 0.000000
vt 64.006858 131.066812 0.000000
vt 64.006858 163.833515 0.000000
vt 62.178090 163.833515 0.000000
vt 62.178090 196.600218 0.000000
vt 60.349323 196.600218 0.000000
vt 104.500992 0.000000 0.000000
vt 93.267136 32.766703 0.000000
vt 91.438368 32.766703 0.000000
vt 89.609601 32.766703 0.000000
vt 89.609601 65.533406 0.000000
vt 87.780834 65.533406 0.000000
vt 87.780834 98.300109 0.000000
vt 85.952066 98.300109 0.000000
vt 85.952066 131.066812 0.000000
vt 84.123299 131.066812 0.000000
vt 84.123299 163.833515 0.000000
vt 82.294531 163.833515 0.000000
vt 82.294531 196.600218 0.000000
vt 80.465764 196.600218 0.000000
vt 125.401191 0.000000 0.000000
vt 115.212344 32.766703 0.000000
vt 113.383577 32.766703 0.000000
vt 111.554809 32.766703 0.000000
vt 111.554809 65.533406 0.000000
vt 109.726042 65.533406 0.000000
vt 109.726042 98.300109 0.000000
vt 107.897275 98.300109 0.000000
vt 107.897275 131.066812 0.000000
vt 106.068507 131.066812 0.000000
vt 106.068507 163.833515 0.000000
vt 104.239740 163.833515 0.000000
vt 104.239740 196.600218 0.000000
vt 102.410972 196.600218 0.000000
vt 146.301389 0.000000 0.000000
vt 135.328785 32.766703 0.000000
vt 133.500018 32.766703 0.000000
vt 131.671250 32.766703 0.000000
vt 131.671250 65.533406 0.000000
vt 129.842483 65.533406 0.000000
vt 129.842483 98.300109 0.000000
vt 128.013716 98.300109 0.000000
vt 128.013716 131.066812 0.000000
vt 126.184948 131.066812 0.000000
vt 126.184948 163.833515 0.000000
vt 124.356181 163.833515 0.000000
vt 124.356181 196.600218 0.000000
vt 122.527413 196.600218 0.000000
vt 146.301389 37.447661 0.000000
vt 144.472622 32.766703 0.000000
vt 142.643854 32.766703 0.000000
vt 140.815087 32.766703 0.000000
vt 140.815087 65.533406 0.000000
vt 138.986320 65.533406 0.000000
vt 138.986320 98.300109 0.000000
vt 137.157552 98.300109 0.000000
vt 137.157552 131.066812 0.000000
vt 135.328785 131.066812 0.000000
vt 135.328785 163.833515 0.000000
vt 133.500018 163.833515 0.000000
vt 133.500018 196.600218 0.000000
vt 131.671250 196.600218 0.000000
vt 144.472622 65.533406 0.000000
vt 146.301389 74.895321 0.000000
vt 144.472622 98.300109 0.000000
vt 146.301389 112.342982 0.000000
vt 144.472622 131.066812 0.000000
vt 146.301389 149.790642 0.000000
vt 144.472622 163.833515 0.000000
vt 146.301389 187.238303 0.000000
vt 144.472622 196.600218 0.000000
vt 0.000000 262.133624 0.000000
vt 73.150695 261.877634 0.000000
vt 74.979462 261.877634 0.000000
vt 76.808229 261.877634 0.000000
vt 76.808229 261.621644 0.000000
vt 78.636997 261.621644 0.000000
vt 78.636997 261.109665 0.000000
vt 80.465764 261.109665 0.000000
vt 80.465764 260.085705 0.000000
vt 82.294531 260.085705 0.000000
vt 82.294531 258.037786 0.000000
vt 84.123299 258.037786 0.000000
vt 84.123299 253.941948 0.000000
vt 85.952066 253.941948 0.000000
vt 1.828767 260.085705 0.000000
vt 1.828767 261.109665 0.000000
vt 1.828767 261.621644 0.000000
vt 3.657535 261.109665 0.000000
vt 3.657535 261.621644 0.000000
vt 5.486302 261.109665 0.000000
vt 5.486302 261.621644 0.000000
vt 7.315069 261.109665 0.000000
vt 7.315069 261.621644 0.000000
vt 9.143837 261.109665 0.000000
vt 9.143837 261.621644 0.000000
vt 10.972604 261.109665 0.000000
vt 10.972604 261.621644 0.000000
vt 12.801372 261.109665 0.000000
vt 12.801372 261.621644 0.000000
vt 14.630139 261.109665 0.000000
vt 14.630139 261.621644 0.000000
vt 16.458906 261.109665 0.000000
vt 16.458906 261.621644 0.000000
vt 18.287674 261.109665 0.000000
vt 18.287674 261.621644 0.000000
vt 20.116441 261.109665 0.000000
vt 20.116441 261.621644 0.000000
vt 21.945208 261.109665 0.000000
vt 21.945208 261.621644 0.000000
vt 23.773976 261.109665 0.000000
vt 23.773976 261.621644 0.000000
vt 25.602743 261.109665 0.000000
vt 25.602743 261.621644 0.000000
vt 27.431510 261.109665 0.000000
vt 27.431510 261.621644 0.000000
vt 29.260278 261.109665 0.000000
vt 29.260278 261.621644 0.000000
vt 31.089045 261.109665 0.000000
vt 31.089045 261.621644 0.000000
vt 32.917813 261.109665 0.000000
vt 32.917813 261.621644 0.000000
vt 34.746580 261.109665 0.000000
vt 34.746580 261.621644 0.000000
vt 36.575347 261.109665 0.000000
vt 36.575347 261.621644 0.000000
vt 38.404115 261.109665 0.000000
vt 38.404115 261.621644 0.000000
vt 40.232882 261.109665 0.000000
vt 40.232882 261.621644 0.000000
vt 42.061649 261.109665 0.000000
vt 42.061649 261.621644 0.000000
vt 43.890417 261.109665 0.000000
vt 43.890417 261.621644 0.000000
vt 45.719184 261.109665 0.000000
vt 45.719184 261.621644 0.000000
vt 47.547951 261.109665 0.000000
vt 47.547951 261.621644 0.000000
vt 49.376719 261.109665 0.000000
vt 49.376719 261.621644 0.000000
vt 51.205486 261.109665 0.000000
vt 51.205486 261.621644 0.000000
vt 53.034254 261.109665 0.000000
vt 53.034254 261.621644 0.000000
vt 54.863021 261.109665 0.000000
vt 54.863021 261.621644 0.000000
vt 56.691788 261.109665 0.000000
vt 56.691788 261.621644 0.000000
vt 58.520556 261.109665 0.000000
vt 58.520556 261.621644 0.000000
vt 60.349323 261.109665 0.000000
vt 60.349323 261.621644 0.000000
vt 62.178090 261.109665 0.000000
vt 62.178090 261.621644 0.000000
vt 64.006858 261.109665 0.000000
vt 64.006858 261.621644 0.000000
vt 65.835625 261.109665 0.000000
vt 65.835625 261.621644 0.000000
vt 67.664392 261.109665 0.000000
vt 67.664392 261.621644 0.000000
vt 69.493160 261.109665 0.000000
vt 69.493160 261.621644 0.000000
vt 71.321927 261.109665 0.000000
vt 71.321927 261.621644 0.000000
vt 73.150695 261.109665 0.000000
vt 73.150695 261.621644 0.000000
vt 74.979462 261.109665 0.000000
vt 74.979462 261.621644 0.000000
vt 76.808229 261.109665 0.000000
vt 0.000000 112.342982 0.000000
vt 1.828767 98.300109 0.000000
vt 3.657535 65.533406 0.000000
vt 5.486302 32.766703 0.000000
vt 0.000000 74.895321 0.000000
vt 1.828767 65.533406 0.000000
vt 3.657535 32.766703 0.000000
vt 0.000000 37.447661 0.000000
vt 1.828767 32.766703 0.000000
vt 1.828767 258.037786 0.000000
vt 3.657535 258.037786 0.000000
vt 3.657535 260.085705 0.000000
vt 5.486302 258.037786 0.000000
vt 5.486302 260.085705 0.000000
vt 7.315069 258.037786 0.000000
vt 7.315069 260.085705 0.000000
vt 9.143837 258.037786 0.000000
vt 9.143837 260.085705 0.000000
vt 10.972604 258.037786 0.000000
vt 10.972604 260.085705 0.000000
vt 12.801372 258.037786 0.000000
vt 12.801372 260.085705 0.000000
vt 14.630139 258.037786 0.000000
vt 14.630139 260.085705 0.000000
vt 16.458906 258.037786 0.000000
vt 16.458906 260.085705 0.000000
vt 18.287674 258.037786 0.000000
vt 18.287674 260.085705 0.000000
vt 20.116441 258.037786 0.000000
vt 20.116441 260.085705 0.000000
vt 21.945208 258.037786 0.000000
vt 21.945208 260.085705 0.000000
vt 23.773976 258.037786 0.000000
vt 23.773976 260.085705 0.000000
vt 25.602743 258.037786 0.000000
vt 25.602743 260.085705 0.000000
vt 27.431510 258.037786 0.000000
vt 27.431510 260.085705 0.000000
vt 29.260278 258.037786 0.000000
vt 29.260278 260.085705 0.000000
vt 31.089045 258.037786 0.000000
vt 31.089045 260.085705 0.000000
vt 32.917813 258.037786 0.000000
vt 32.917813 260.085705 0.000000
vt 34.746580 258.037786 0.000000
vt 34.746580 260.085705 0.000000
vt 36.575347 258.037786 0.000000
vt 36.575347 260.085705 0.000000
vt 38.404115 258.037786 0.000000
vt 38.404115 260.085705 0.000000
vt 40.232882 258.037786 0.000000
vt 40.232882 260.085705 0.000000
vt 42.061649 258.037786 0.000000
vt 42.061649 260.085705 0.000000
vt 43.890417 258.037786 0.000000
vt 43.890417 260.085705 0.000000
vt 45.719184 258.037786 0.000000
vt 45.719184 260.085705 0.000000
vt 47.547951 258.037786 0.000000
vt 47.547951 260.085705 0.000000
vt 49.376719 258.037786 0.000000
vt 49.376719 260.085705 0.000000
vt 51.205486 258.037786 0.000000
vt 51.205486 260.085705 0.000000
vt 53.034254 258.037786 0.000000
vt 53.034254 260.085705 0.000000
vt 54.863021 258.037786 0.000000
vt 54.863021 260.085705 0.000000
vt 56.691788 258.037786 0.000000
vt 56.691788 260.085705 0.000000
vt 58.520556 258.037786 0.000000
vt 58.520556 260.085705 0.000000
vt 60.349323 258.037786 0.000000
vt 60.349323 260.085705 0.000000
vt 62.178090 258.037786 0.000000
vt 62.178090 260.085705 0.000000
vt 64.006858 258.037786 0.000000
vt 64.006858 260.085705 0.000000
vt 65.835625 258.037786 0.000000
vt 65.835625 260.085705 0.000000
vt 67.664392 258.037786 0.000000
vt 67.664392 260.085705 0.000000
vt 69.493160 258.037786 0.000000
vt 69.493160 260.085705 0.000000
vt 71.321927 258.037786 0.000000
vt 71.321927 260.085705 0.000000
vt 73.150695 258.037786 0.000000
vt 73.150695 260.085705 0.000000
vt 74.979462 258.037786 0.000000
vt 74.979462 260.085705 0.000000
vt 76.808229 258.037786 0.000000
vt 76.808229 260.085705 0.000000
vt 78.636997 258.037786 0.000000
vt 78.636997 260.085705 0.000000
vt 80.465764 258.037786 0.000000
vt 1.828767 261.877634 0.000000
vt 3.657535 261.877634 0.000000
vt 5.486302 261.877634 0.000000
vt 7.315069 261.877634 0.000000
vt 9.143837 261.877634 0.000000
vt 10.972604 261.877634 0.000000
vt 12.801372 261.877634 0.000000
vt 14.630139 261.877634 0.000000
vt 16.458906 261.877634 0.000000
vt 18.287674 261.877634 0.000000
vt 20.116441 261.877634 0.000000
vt 21.945208 261.877634 0.000000
vt 23.773976 261.877634 0.000000
vt 25.602743 261.877634 0.000000
vt 27.431510 261.877634 0.000000
vt 29.260278 261.877634 0.000000
vt 31.089045 261.877634 0.000000
vt 32.917813 261.877634 0.000000
vt 34.746580 261.877634 0.000000
vt 36.575347 261.877634 0.000000
vt 38.404115 261.877634 0.000000
vt 40.232882 261.877634 0.000000
vt 42.061649 261.877634 0.000000
vt 43.890417 261.877634 0.000000
vt 45.719184 261.877634 0.000000
vt 47.547951 261.877634 0.000000
vt 49.376719 261.877634 0.000000
vt 51.205486 261.877634 0.000000
vt 53.034254 261.877634 0.000000
vt 54.863021 261.877634 0.000000
vt 56.691788 261.877634 0.000000
vt 58.520556 261.877634 0.000000
vt 60.349323 261.877634 0.000000
vt 62.178090 261.877634 0.000000
vt 64.006858 261.877634 0.000000
vt 65.835625 261.877634 0.000000
vt 67.664392 261.877634 0.000000
vt 69.493160 261.877634 0.000000
vt 71.321927 261.877634 0.000000
vt 144.472622 253.941948 0.000000
vt 144.472622 258.037786 0.000000
vt 144.472622 260.085705 0.000000
vt 142.643854 260.085705 0.000000
vt 142.643854 261.109665 0.000000
vt 140.815087 261.109665 0.000000
vt 140.815087 261.621644 0.000000
vt 138.986320 261.621644 0.000000
vt 138.986320 261.877634 0.000000
vt 137.157552 261.877634 0.000000
vt 135.328785 261.877634 0.000000
vt 133.500018 261.877634 0.000000
vt 135.328785 261.621644 0.000000
vt 133.500018 261.621644 0.000000
vt 135.328785 261.109665 0.000000
vt 133.500018 261.109665 0.000000
vt 135.328785 260.085705 0.000000
vt 133.500018 260.085705 0.000000
vt 135.328785 258.037786 0.000000
vt 133.500018 258.037786 0.000000
vt 135.328785 253.941948 0.000000
vt 133.500018 253.941948 0.000000
vt 144.472622 261.621644 0.000000
vt 144.472622 261.877634 0.000000
vt 142.643854 261.877634 0.000000
vt 142.643854 261.621644 0.000000
vt 144.472622 261.109665 0.000000
vt 142.643854 65.533406 0.000000
vt 142.643854 98.300109 0.000000
vt 142.643854 131.066812 0.000000
vt 142.643854 163.833515 0.000000
vt 142.643854 196.600218 0.000000
vt 138.986320 32.766703 0.000000
vt 137.157552 32.766703 0.000000
vt 135.328785 65.533406 0.000000
vt 133.500018 65.533406 0.000000
vt 133.500018 98.300109 0.000000
vt 131.671250 98.300109 0.000000
vt 131.671250 131.066812 0.000000
vt 129.842483 131.066812 0.000000
vt 129.842483 163.833515 0.000000
vt 128.013716 163.833515 0.000000
vt 128.013716 196.600218 0.000000
vt 126.184948 196.600218 0.000000
vt 137.157552 65.533406 0.000000
vt 129.842483 32.766703 0.000000
vt 128.013716 32.766703 0.000000
vt 126.184948 32.766703 0.000000
vt 126.184948 65.533406 0.000000
vt 124.356181 65.533406 0.000000
vt 124.356181 98.300109 0.000000
vt 122.527413 98.300109 0.000000
vt 122.527413 131.066812 0.000000
vt 120.698646 131.066812 0.000000
vt 120.698646 163.833515 0.000000
vt 118.869879 163.833515 0.000000
vt 118.869879 196.600218 0.000000
vt 117.041111 196.600218 0.000000
vt 128.013716 65.533406 0.000000
vt 124.356181 32.766703 0.000000
vt 122.527413 32.766703 0.000000
vt 120.698646 32.766703 0.000000
vt 120.698646 65.533406 0.000000
vt 118.869879 65.533406 0.000000
vt 118.869879 98.300109 0.000000
vt 117.041111 98.300109 0.000000
vt 117.041111 131.066812 0.000000
vt 115.212344 131.066812 0.000000
vt 115.212344 163.833515 0.000000
vt 113.383577 163.833515 0.000000
vt 113.383577 196.600218 0.000000
vt 111.554809 196.600218 0.000000
vt 122.527413 65.533406 0.000000
vt 118.869879 32.766703 0.000000
vt 117.041111 32.766703 0.000000
vt 115.212344 65.533406 0.000000
vt 113.383577 65.533406 0.000000
vt 113.383577 98.300109 0.000000
vt 111.554809 98.300109 0.000000
vt 111.554809 131.066812 0.000000
vt 109.726042 131.066812 0.000000
vt 109.726042 163.833515 0.000000
vt 107.897275 163.833515 0.000000
vt 107.897275 196.600218 0.000000
vt 106.068507 196.600218 0.000000
vt 117.041111 65.533406 0.000000
vt 109.726042 32.766703 0.000000
vt 107.897275 32.766703 0.000000
vt 106.068507 32.766703 0.000000
vt 106.068507 65.533406 0.000000
vt 104.239740 65.533406 0.000000
vt 104.239740 98.300109 0.000000
vt 102.410972 98.300109 0.000000
vt 102.410972 131.066812 0.000000
vt 100.582205 131.066812 0.000000
vt 100.582205 163.833515 0.000000
vt 98.753438 163.833515 0.000000
vt 98.753438 196.600218 0.000000
vt 96.924670 196.600218 0.000000
vt 107.897275 65.533406 0.000000
vt 104.239740 32.766703 0.000000
vt 102.410972 32.766703 0.000000
vt 100.582205 32.766703 0.000000
vt 100.582205 65.533406 0.000000
vt 98.753438 65.533406 0.000000
vt 98.753438 98.300109 0.000000
vt 96.924670 98.300109 0.000000
vt 96.924670 131.066812 0.000000
vt 95.095903 131.066812 0.000000
vt 95.095903 163.833515 0.000000
vt 93.267136 163.833515 0.000000
vt 93.267136 196.600218 0.000000
vt 91.438368 196.600218 0.000000
vt 102.410972 65.533406 0.000000
vt 98.753438 32.766703 0.000000
vt 96.924670 32.766703 0.000000
vt 95.095903 32.766703 0.000000
vt 95.095903 65.533406 0.000000
vt 93.267136 65.533406 0.000000
vt 93.267136 98.300109 0.000000
vt 91.438368 98.300109 0.000000
vt 91.438368 131.066812 0.000000
vt 89.609601 131.066812 0.000000
vt 89.609601 163.833515 0.000000
vt 87.780834 163.833515 0.000000
vt 87.780834 196.600218 0.000000
vt 85.952066 196.600218 0.000000
vt 96.924670 65.533406 0.000000
vt 91.438368 65.533406 0.000000
vt 87.780834 32.766703 0.000000
vt 85.952066 32.766703 0.000000
vt 84.123299 32.766703 0.000000
vt 84.123299 65.533406 0.000000
vt 82.294531 65.533406 0.000000
vt 82.294531 98.300109 0.000000
vt 80.465764 98.300109 0.000000
vt 80.465764 131.066812 0.000000
vt 78.636997 131.066812 0.000000
vt 78.636997 163.833515 0.000000
vt 76.808229 163.833515 0.000000
vt 76.808229 196.600218 0.000000
vt 74.979462 196.600218 0.000000
vt 85.952066 65.533406 0.000000
vt 82.294531 32.766703 0.000000
vt 80.465764 32.766703 0.000000
vt 78.636997 32.766703 0.000000
vt 78.636997 65.533406 0.000000
vt 76.808229 65.533406 0.000000
vt 76.808229 98.300109 0.000000
vt 74.979462 98.300109 0.000000
vt 74.979462 131.066812 0.000000
vt 73.150695 131.066812 0.000000
vt 73.150695 163.833515 0.000000
vt 71.321927 163.833515 0.000000
vt 71.321927 196.600218 0.000000
vt 69.493160 196.600218 0.000000
vt 80.465764 65.533406 0.000000
vt 76.808229 32.766703 0.000000
vt 74.979462 32.766703 0.000000
vt 73.150695 65.533406 0.000000
vt 71.321927 65.533406 0.000000
vt 71.321927 98.300109 0.000000
vt 69.493160 98.300109 0.000000
vt 69.493160 131.066812 0.000000
vt 67.664392 131.066812 0.000000
vt 67.664392 163.833515 0.000000
vt 65.835625 163.833515 0.000000
vt 65.835625 196.600218 0.000000
vt 64.006858 196.600218 0.000000
vt 74.979462 65.533406 0.000000
vt 67.664392 32.766703 0.000000
vt 65.835625 32.766703 0.000000
vt 64.006858 32.766703 0.000000
vt 64.006858 65.533406 0.000000
vt 62.178090 65.533406 0.000000
vt 62.178090 98.300109 0.000000
vt 60.349323 98.300109 0.000000
vt 60.349323 131.066812 0.000000
vt 58.520556 131.066812 0.000000
vt 58.520556 163.833515 0.000000
vt 56.691788 163.833515 0.000000
vt 56.691788 196.600218 0.000000
vt 54.863021 196.600218 0.000000
vt 65.835625 65.533406 0.000000
vt 62.178090 32.766703 0.000000
vt 60.349323 32.766703 0.000000
vt 58.520556 32.766703 0.000000
vt 58.520556 65.533406 0.000000
vt 56.691788 65.533406 0.000000
vt 56.691788 98.300109 0.000000
vt 54.863021 98.300109 0.000000
vt 54.863021 131.066812 0.000000
vt 53.034254 131.066812 0.000000
vt 53.034254 163.833515 0.000000
vt 51.205486 163.833515 0.000000
vt 51.205486 196.600218 0.000000
vt 49.376719 196.600218 0.000000
vt 60.349323 65.533406 0.000000
vt 56.691788 32.766703 0.000000
vt 54.863021 32.766703 0.000000
vt 53.034254 65.533406 0.000000
vt 51.205486 65.533406 0.000000
vt 51.205486 98.300109 0.000000
vt 49.376719 98.300109 0.000000
vt 49.376719 131.066812 0.000000
vt 47.547951 131.066812 0.000000
vt 47.547951 163.833515 0.000000
vt 45.719184 163.833515 0.000000
vt 45.719184 196.600218 0.000000
vt 43.890417 196.600218 0.000000
vt 54.863021 65.533406 0.000000
vt 47.547951 32.766703 0.000000
vt 45.719184 32.766703 0.000000
vt 43.890417 32.766703 0.000000
vt 43.890417 65.533406 0.000000
vt 42.061649 65.533406 0.000000
vt 42.061649 98.300109 0.000000
vt 40.232882 98.300109 0.000000
vt 40.232882 131.066812 0.000000
vt 38.404115 131.066812 0.000000
vt 38.404115 163.833515 0.000000
vt 36.575347 163.833515 0.000000
vt 36.575347 196.600218 0.000000
vt 34.746580 196.600218 0.000000
vt 45.719184 65.533406 0.000000
vt 42.061649 32.766703 0.000000
vt 40.232882 32.766703 0.000000
vt 38.404115 32.766703 0.000000
vt 38.404115 65.533406 0.000000
vt 36.575347 65.533406 0.000000
vt 36.575347 98.300109 0.000000
vt 34.746580 98.300109 0.000000
vt 34.746580 131.066812 0.000000
vt 32.917813 131.066812 0.000000
vt 32.917813 163.833515 0.000000
vt 31.089045 163.833515 0.000000
vt 31.089045 196.600218 0.000000
vt 29.260278 196.600218 0.000000
vt 40.232882 65.533406 0.000000
vt 36.575347 32.766703 0.000000
vt 34.746580 32.766703 0.000000
vt 32.917813 32.766703 0.000000
vt 32.917813 65.533406 0.000000
vt 31.089045 65.533406 0.000000
vt 31.089045 98.300109 0.000000
vt 29.260278 98.300109 0.000000
vt 29.260278 131.066812 0.000000
vt 27.431510 131.066812 0.000000
vt 27.431510 163.833515 0.000000
vt 25.602743 163.833515 0.000000
vt 25.602743 196.600218 0.000000
vt 23.773976 196.600218 0.000000
vt 34.746580 65.533406 0.000000
vt 29.260278 65.533406 0.000000
vt 25.602743 32.766703 0.000000
vt 23.773976 32.766703 0.000000
vt 21.945208 32.766703 0.000000
vt 21.945208 65.533406 0.000000
vt 20.116441 65.533406 0.000000
vt 20.116441 98.300109 0.000000
vt 18.287674 98.300109 0.000000
vt 18.287674 131.066812 0.000000
vt 16.458906 131.066812 0.000000
vt 16.458906 163.833515 0.000000
vt 14.630139 163.833515 0.000000
vt 14.630139 196.600218 0.000000
vt 12.801372 196.600218 0.000000
vt 23.773976 65.533406 0.000000
vt 20.116441 32.766703 0.000000
vt 18.287674 32.766703 0.000000
vt 16.458906 32.766703 0.000000
vt 16.458906 65.533406 0.000000
vt 14.630139 65.533406 0.000000
vt 14.630139 98.300109 0.000000
vt 12.801372 98.300109 0.000000
vt 12.801372 131.066812 0.000000
vt 10.972604 131.066812 0.000000
vt 10.972604 163.833515 0.000000
vt 9.143837 163.833515 0.000000
vt 9.143837 196.600218 0.000000
vt 7.315069 196.600218 0.000000
vt 18.287674 65.533406 0.000000
vt 14.630139 32.766703 0.000000
vt 12.801372 32.766703 0.000000
vt 10.972604 65.533406 0.000000
vt 9.143837 65.533406 0.000000
vt 9.143837 98.300109 0.000000
vt 7.315069 98.300109 0.000000
vt 7.315069 131.066812 0.000000
vt 5.486302 131.066812 0.000000
vt 5.486302 163.833515 0.000000
vt 3.657535 163.833515 0.000000
vt 3.657535 196.600218 0.000000
vt 12.801372 65.533406 0.000000
vt 140.815087 98.300109 0.000000
vt 138.986320 131.066812 0.000000
vt 137.157552 163.833515 0.000000
vt 135.328785 196.600218 0.000000
vt 135.328785 98.300109 0.000000
vt 126.184948 98.300109 0.000000
vt 120.698646 98.300109 0.000000
vt 115.212344 98.300109 0.000000
vt 106.068507 98.300109 0.000000
vt 100.582205 98.300109 0.000000
vt 95.095903 98.300109 0.000000
vt 89.609601 98.300109 0.000000
vt 84.123299 98.300109 0.000000
vt 78.636997 98.300109 0.000000
vt 73.150695 98.300109 0.000000
vt 64.006858 98.300109 0.000000
vt 58.520556 98.300109 0.000000
vt 53.034254 98.300109 0.000000
vt 43.890417 98.300109 0.000000
vt 38.404115 98.300109 0.000000
vt 32.917813 98.300109 0.000000
vt 27.431510 98.300109 0.000000
vt 21.945208 98.300109 0.000000
vt 16.458906 98.300109 0.000000
vt 10.972604 98.300109 0.000000
vt 140.815087 131.066812 0.000000
vt 140.815087 163.833515 0.000000
vt 140.815087 196.600218 0.000000
vt 133.500018 131.066812 0.000000
vt 124.356181 131.066812 0.000000
vt 118.869879 131.066812 0.000000
vt 113.383577 131.066812 0.000000
vt 104.239740 131.066812 0.000000
vt 98.753438 131.066812 0.000000
vt 93.267136 131.066812 0.000000
vt 87.780834 131.066812 0.000000
vt 82.294531 131.066812 0.000000
vt 76.808229 131.066812 0.000000
vt 71.321927 131.066812 0.000000
vt 62.178090 131.066812 0.000000
vt 56.691788 131.066812 0.000000
vt 51.205486 131.066812 0.000000
vt 42.061649 131.066812 0.000000
vt 36.575347 131.066812 0.000000
vt 31.089045 131.066812 0.000000
vt 25.602743 131.066812 0.000000
vt 20.116441 131.066812 0.000000
vt 14.630139 131.066812 0.000000
vt 9.143837 131.066812 0.000000
vt 138.986320 163.833515 0.000000
vt 137.157552 196.600218 0.000000
vt 131.671250 163.833515 0.000000
vt 122.527413 163.833515 0.000000
vt 117.041111 163.833515 0.000000
vt 111.554809 163.833515 0.000000
vt 102.410972 163.833515 0.000000
vt 96.924670 163.833515 0.000000
vt 91.438368 163.833515 0.000000
vt 85.952066 163.833515 0.000000
vt 80.465764 163.833515 0.000000
vt 74.979462 163.833515 0.000000
vt 69.493160 163.833515 0.000000
vt 60.349323 163.833515 0.000000
vt 54.863021 163.833515 0.000000
vt 49.376719 163.833515 0.000000
vt 40.232882 163.833515 0.000000
vt 34.746580 163.833515 0.000000
vt 29.260278 163.833515 0.000000
vt 23.773976 163.833515 0.000000
vt 18.287674 163.833515 0.000000
vt 12.801372 163.833515 0.000000
vt 7.315069 163.833515 0.000000
vt 138.986320 196.600218 0.000000
vt 129.842483 196.600218 0.000000
vt 120.698646 196.600218 0.000000
vt 115.212344 196.600218 0.000000
vt 109.726042 196.600218 0.000000
vt 100.582205 196.600218 0.000000
vt 95.095903 196.600218 0.000000
vt 89.609601 196.600218 0.000000
vt 84.123299 196.600218 0.000000
vt 78.636997 196.600218 0.000000
vt 73.150695 196.600218 0.000000
vt 67.664392 196.600218 0.000000
vt 58.520556 196.600218 0.000000
vt 53.034254 196.600218 0.000000
vt 47.547951 196.600218 0.000000
vt 38.404115 196.600218 0.000000
vt 32.917813 196.600218 0.000000
vt 27.431510 196.600218 0.000000
vt 21.945208 196.600218 0.000000
vt 16.458906 196.600218 0.000000
vt 10.972604 196.600218 0.000000
vt 5.486302 196.600218 0.000000
vt 1.828767 253.941948 0.000000
vt 3.657535 253.941948 0.000000
vt 5.486302 253.941948 0.000000
vt 7.315069 253.941948 0.000000
vt 9.143837 253.941948 0.000000
vt 10.972604 253.941948 0.000000
vt 12.801372 253.941948 0.000000
vt 14.630139 253.941948 0.000000
vt 16.458906 253.941948 0.000000
vt 18.287674 253.941948 0.000000
vt 20.116441 253.941948 0.000000
vt 21.945208 253.941948 0.000000
vt 23.773976 253.941948 0.000000
vt 25.602743 253.941948 0.000000
vt 27.431510 253.941948 0.000000
vt 29.260278 253.941948 0.000000
vt 31.089045 253.941948 0.000000
vt 32.917813 253.941948 0.000000
vt 34.746580 253.941948 0.000000
vt 36.575347 253.941948 0.000000
vt 38.404115 253.941948 0.000000
vt 40.232882 253.941948 0.000000
vt 42.061649 253.941948 0.000000
vt 43.890417 253.941948 0.000000
vt 45.719184 253.941948 0.000000
vt 47.547951 253.941948 0.000000
vt 49.376719 253.941948 0.000000
vt 51.205486 253.941948 0.000000
vt 53.034254 253.941948 0.000000
vt 54.863021 253.941948 0.000000
vt 56.691788 253.941948 0.000000
vt 58.520556 253.941948 0.000000
vt 60.349323 253.941948 0.000000
vt 62.178090 253.941948 0.000000
vt 64.006858 253.941948 0.000000
vt 65.835625 253.941948 0.000000
vt 67.664392 253.941948 0.000000
vt 69.493160 253.941948 0.000000
vt 71.321927 253.941948 0.000000
vt 73.150695 253.941948 0.000000
vt 74.979462 253.941948 0.000000
vt 76.808229 253.941948 0.000000
vt 78.636997 253.941948 0.000000
vt 80.465764 253.941948 0.000000
vt 82.294531 253.941948 0.000000
vt 78.636997 261.877634 0.000000
vt 80.465764 261.877634 0.000000
vt 82.294531 261.877634 0.000000
vt 82.294531 261.621644 0.000000
vt 84.123299 261.621644 0.000000
vt 84.123299 261.109665 0.000000
vt 85.952066 261.109665 0.000000
vt 85.952066 260.085705 0.000000
vt 87.780834 260.085705 0.000000
vt 87.780834 258.037786 0.000000
vt 89.609601 258.037786 0.000000
vt 89.609601 253.941948 0.000000
vt 91.438368 253.941948 0.000000
vt 80.465764 261.621644 0.000000
vt 84.123299 261.877634 0.000000
vt 85.952066 261.877634 0.000000
vt 87.780834 261.877634 0.000000
vt 87.780834 261.621644 0.000000
vt 89.609601 261.621644 0.000000
vt 89.609601 261.109665 0.000000
vt 91.438368 261.109665 0.000000
vt 91.438368 260.085705 0.000000
vt 93.267136 260.085705 0.000000
vt 93.267136 258.037786 0.000000
vt 95.095903 258.037786 0.000000
vt 95.095903 253.941948 0.000000
vt 96.924670 253.941948 0.000000
vt 85.952066 261.621644 0.000000
vt 89.609601 261.877634 0.000000
vt 91.438368 261.877634 0.000000
vt 93.267136 261.877634 0.000000
vt 93.267136 261.621644 0.000000
vt 95.095903 261.621644 0.000000
vt 95.095903 261.109665 0.000000
vt 96.924670 261.109665 0.000000
vt 96.924670 260.085705 0.000000
vt 98.753438 260.085705 0.000000
vt 98.753438 258.037786 0.000000
vt 100.582205 258.037786 0.000000
vt 100.582205 253.941948 0.000000
vt 102.410972 253.941948 0.000000
vt 91.438368 261.621644 0.000000
vt 95.095903 261.877634 0.000000
vt 96.924670 261.877634 0.000000
vt 98.753438 261.877634 0.000000
vt 98.753438 261.621644 0.000000
vt 100.582205 261.621644 0.000000
vt 100.582205 261.109665 0.000000
vt 102.410972 261.109665 0.000000
vt 102.410972 260.085705 0.000000
vt 104.239740 260.085705 0.000000
vt 104.239740 258.037786 0.000000
vt 106.068507 258.037786 0.000000
vt 106.068507 253.941948 0.000000
vt 107.897275 253.941948 0.000000
vt 96.924670 261.621644 0.000000
vt 100.582205 261.877634 0.000000
vt 102.410972 261.877634 0.000000
vt 104.239740 261.877634 0.000000
vt 104.239740 261.621644 0.000000
vt 106.068507 261.621644 0.000000
vt 106.068507 261.109665 0.000000
vt 107.897275 261.109665 0.000000
vt 107.897275 260.085705 0.000000
vt 109.726042 260.085705 0.000000
vt 109.726042 258.037786 0.000000
vt 111.554809 258.037786 0.000000
vt 111.554809 253.941948 0.000000
vt 113.383577 253.941948 0.000000
vt 102.410972 261.621644 0.000000
vt 106.068507 261.877634 0.000000
vt 107.897275 261.877634 0.000000
vt 109.726042 261.877634 0.000000
vt 109.726042 261.621644 0.000000
vt 111.554809 261.621644 0.000000
vt 111.554809 261.109665 0.000000
vt 113.383577 261.109665 0.000000
vt 113.383577 260.085705 0.000000
vt 115.212344 260.085705 0.000000
vt 115.212344 258.037786 0.000000
vt 117.041111 258.037786 0.000000
vt 117.041111 253.941948 0.000000
vt 118.869879 253.941948 0.000000
vt 107.897275 261.621644 0.000000
vt 111.554809 261.877634 0.000000
vt 113.383577 261.877634 0.000000
vt 115.212344 261.877634 0.000000
vt 115.212344 261.621644 0.000000
vt 117.041111 261.621644 0.000000
vt 117.041111 261.109665 0.000000
vt 118.869879 261.109665 0.000000
vt 118.869879 260.085705 0.000000
vt 120.698646 260.085705 0.000000
vt 120.698646 258.037786 0.000000
vt 122.527413 258.037786 0.000000
vt 122.527413 253.941948 0.000000
vt 124.356181 253.941948 0.000000
vt 113.383577 261.621644 0.000000
vt 117.041111 261.877634 0.000000
vt 118.869879 261.877634 0.000000
vt 120.698646 261.877634 0.000000
vt 120.698646 261.621644 0.000000
vt 122.527413 261.621644 0.000000
vt 122.527413 261.109665 0.000000
vt 124.356181 261.109665 0.000000
vt 124.356181 260.085705 0.000000
vt 126.184948 260.085705 0.000000
vt 126.184948 258.037786 0.000000
vt 128.013716 258.037786 0.000000
vt 128.013716 253.941948 0.000000
vt 129.842483 253.941948 0.000000
vt 118.869879 261.621644 0.000000
vt 122.527413 261.877634 0.000000
vt 124.356181 261.877634 0.000000
vt 126.184948 261.877634 0.000000
vt 126.184948 261.621644 0.000000
vt 128.013716 261.621644 0.000000
vt 128.013716 261.109665 0.000000
vt 129.842483 261.109665 0.000000
vt 129.842483 260.085705 0.000000
vt 131.671250 260.085705 0.000000
vt 131.671250 258.037786 0.000000
vt 124.356181 261.621644 0.000000
vt 128.013716 261.877634 0.000000
vt 129.842483 261.877634 0.000000
vt 131.671250 261.877634 0.000000
vt 131.671250 261.621644 0.000000
vt 129.842483 261.621644 0.000000
vt 137.157552 261.621644 0.000000
vt 137.157552 261.109665 0.000000
vt 137.157552 260.085705 0.000000
vt 137.157552 258.037786 0.000000
vt 137.157552 253.941948 0.000000
vt 140.815087 261.877634 0.000000
vt 142.643854 253.941948 0.000000
vt 142.643854 258.037786 0.000000
vt 140.815087 253.941948 0.000000
vt 140.815087 258.037786 0.000000
vt 140.815087 260.085705 0.000000
vt 138.986320 253.941948 0.000000
vt 138.986320 258.037786 0.000000
vt 138.986320 260.085705 0.000000
vt 138.986320 261.109665 0.000000
vt 131.671250 253.941948 0.000000
vt 126.184948 253.941948 0.000000
vt 120.698646 253.941948 0.000000
vt 115.212344 253.941948 0.000000
vt 109.726042 253.941948 0.000000
vt 104.239740 253.941948 0.000000
vt 98.753438 253.941948 0.000000
vt 93.267136 253.941948 0.000000
vt 87.780834 253.941948 0.000000
vt 129.842483 258.037786 0.000000
vt 128.013716 260.085705 0.000000
vt 126.184948 261.109665 0.000000
vt 124.356181 258.037786 0.000000
vt 118.869879 258.037786 0.000000
vt 113.383577 258.037786 0.000000
vt 107.897275 258.037786 0.000000
vt 102.410972 258.037786 0.000000
vt 96.924670 258.037786 0.000000
vt 91.438368 258.037786 0.000000
vt 85.952066 258.037786 0.000000
vt 122.527413 260.085705 0.000000
vt 117.041111 260.085705 0.000000
vt 111.554809 260.085705 0.000000
vt 106.068507 260.085705 0.000000
vt 100.582205 260.085705 0.000000
vt 95.095903 260.085705 0.000000
vt 89.609601 260.085705 0.000000
vt 84.123299 260.085705 0.000000
vt 131.671250 261.109665 0.000000
vt 120.698646 261.109665 0.000000
vt 115.212344 261.109665 0.000000
vt 109.726042 261.109665 0.000000
vt 104.239740 261.109665 0.000000
vt 98.753438 261.109665 0.000000
vt 93.267136 261.109665 0.000000
vt 87.780834 261.109665 0.000000
vt 82.294531 261.109665 0.000000
vt 21.089581 0.000000 0.000000
vt 11.072030 32.781147 0.000000
vt 0.000000 0.000000 0.000000
vt 9.226692 32.781147 0.000000
vt 7.381353 32.781147 0.000000
vt 7.381353 65.562294 0.000000
vt 5.536015 65.562294 0.000000
vt 5.536015 98.343441 0.000000
vt 3.690677 98.343441 0.000000
vt 3.690677 131.124588 0.000000
vt 1.845338 131.124588 0.000000
vt 1.845338 163.905735 0.000000
vt 0.000000 149.856672 0.000000
vt 0.000000 187.320840 0.000000
vt 1.845338 196.686883 0.000000
vt 0.000000 224.785009 0.000000
vt 1.845338 229.468030 0.000000
vt 1.845338 245.858603 0.000000
vt 3.690677 229.468030 0.000000
vt 3.690677 245.858603 0.000000
vt 5.536015 229.468030 0.000000
vt 5.536015 245.858603 0.000000
vt 7.381353 229.468030 0.000000
vt 7.381353 245.858603 0.000000
vt 9.226692 229.468030 0.000000
vt 9.226692 245.858603 0.000000
vt 11.072030 229.468030 0.000000
vt 11.072030 245.858603 0.000000
vt 12.917368 229.468030 0.000000
vt 12.917368 245.858603 0.000000
vt 14.762707 229.468030 0.000000
vt 14.762707 245.858603 0.000000
vt 16.608045 229.468030 0.000000
vt 16.608045 245.858603 0.000000
vt 18.453383 229.468030 0.000000
vt 18.453383 245.858603 0.000000
vt 20.298722 229.468030 0.000000
vt 20.298722 245.858603 0.000000
vt 22.144060 229.468030 0.000000
vt 22.144060 245.858603 0.000000
vt 23.989398 229.468030 0.000000
vt 23.989398 245.858603 0.000000
vt 25.834737 229.468030 0.000000
vt 25.834737 245.858603 0.000000
vt 27.680075 229.468030 0.000000
vt 27.680075 245.858603 0.000000
vt 29.525413 229.468030 0.000000
vt 29.525413 245.858603 0.000000
vt 31.370752 229.468030 0.000000
vt 31.370752 245.858603 0.000000
vt 33.216090 229.468030 0.000000
vt 33.216090 245.858603 0.000000
vt 35.061428 229.468030 0.000000
vt 35.061428 245.858603 0.000000
vt 36.906767 229.468030 0.000000
vt 36.906767 245.858603 0.000000
vt 38.752105 229.468030 0.000000
vt 38.752105 245.858603 0.000000
vt 40.597443 229.468030 0.000000
vt 40.597443 245.858603 0.000000
vt 42.442782 229.468030 0.000000
vt 42.442782 245.858603 0.000000
vt 44.288120 229.468030 0.000000
vt 44.288120 245.858603 0.000000
vt 46.133458 229.468030 0.000000
vt 46.133458 245.858603 0.000000
vt 47.978797 229.468030 0.000000
vt 47.978797 245.858603 0.000000
vt 49.824135 229.468030 0.000000
vt 49.824135 245.858603 0.000000
vt 51.669473 229.468030 0.000000
vt 51.669473 245.858603 0.000000
vt 53.514812 229.468030 0.000000
vt 53.514812 245.858603 0.000000
vt 55.360150 229.468030 0.000000
vt 55.360150 245.858603 0.000000
vt 57.205488 229.468030 0.000000
vt 57.205488 245.858603 0.000000
vt 59.050827 229.468030 0.000000
vt 59.050827 245.858603 0.000000
vt 60.896165 229.468030 0.000000
vt 60.896165 245.858603 0.000000
vt 62.741503 229.468030 0.000000
vt 62.741503 245.858603 0.000000
vt 64.586842 229.468030 0.000000
vt 64.586842 245.858603 0.000000
vt 66.432180 229.468030 0.000000
vt 66.432180 245.858603 0.000000
vt 68.277518 229.468030 0.000000
vt 68.277518 245.858603 0.000000
vt 70.122857 229.468030 0.000000
vt 70.122857 245.858603 0.000000
vt 71.968195 229.468030 0.000000
vt 71.968195 245.858603 0.000000
vt 73.813533 229.468030 0.000000
vt 73.813533 245.858603 0.000000
vt 75.658872 229.468030 0.000000
vt 75.658872 245.858603 0.000000
vt 77.504210 229.468030 0.000000
vt 77.504210 245.858603 0.000000
vt 79.349548 229.468030 0.000000
vt 79.349548 245.858603 0.000000
vt 81.194887 229.468030 0.000000
vt 81.194887 245.858603 0.000000
vt 83.040225 229.468030 0.000000
vt 83.040225 245.858603 0.000000
vt 84.885563 229.468030 0.000000
vt 84.885563 245.858603 0.000000
vt 86.730902 229.468030 0.000000
vt 86.730902 245.858603 0.000000
vt 88.576240 229.468030 0.000000
vt 88.576240 245.858603 0.000000
vt 90.421578 229.468030 0.000000
vt 90.421578 245.858603 0.000000
vt 92.266917 229.468030 0.000000
vt 92.266917 245.858603 0.000000
vt 94.112255 229.468030 0.000000
vt 94.112255 245.858603 0.000000
vt 95.957593 229.468030 0.000000
vt 95.957593 245.858603 0.000000
vt 97.802932 229.468030 0.000000
vt 97.802932 245.858603 0.000000
vt 99.648270 229.468030 0.000000
vt 99.648270 245.858603 0.000000
vt 101.493608 229.468030 0.000000
vt 101.493608 245.858603 0.000000
vt 103.338947 229.468030 0.000000
vt 103.338947 245.858603 0.000000
vt 105.184285 229.468030 0.000000
vt 105.184285 245.858603 0.000000
vt 107.029623 229.468030 0.000000
vt 107.029623 245.858603 0.000000
vt 108.874962 229.468030 0.000000
vt 108.874962 245.858603 0.000000
vt 110.720300 229.468030 0.000000
vt 110.720300 245.858603 0.000000
vt 112.565638 229.468030 0.000000
vt 112.565638 245.858603 0.000000
vt 114.410977 229.468030 0.000000
vt 114.410977 245.858603 0.000000
vt 116.256315 229.468030 0.000000
vt 116.256315 245.858603 0.000000
vt 118.101653 229.468030 0.000000
vt 118.101653 245.858603 0.000000
vt 119.946992 229.468030 0.000000
vt 119.946992 245.858603 0.000000
vt 121.792330 229.468030 0.000000
vt 121.792330 245.858603 0.000000
vt 123.637668 229.468030 0.000000
vt 123.637668 245.858603 0.000000
vt 125.483007 229.468030 0.000000
vt 125.483007 245.858603 0.000000
vt 127.328345 229.468030 0.000000
vt 127.328345 245.858603 0.000000
vt 129.173683 229.468030 0.000000
vt 129.173683 245.858603 0.000000
vt 131.019022 229.468030 0.000000
vt 131.019022 245.858603 0.000000
vt 132.864360 229.468030 0.000000
vt 132.864360 245.858603 0.000000
vt 134.709698 229.468030 0.000000
vt 134.709698 245.858603 0.000000
vt 136.555037 229.468030 0.000000
vt 136.555037 245.858603 0.000000
vt 138.400375 229.468030 0.000000
vt 138.400375 245.858603 0.000000
vt 140.245713 229.468030 0.000000
vt 140.245713 245.858603 0.000000
vt 142.091052 229.468030 0.000000
vt 142.091052 245.858603 0.000000
vt 143.936390 229.468030 0.000000
vt 143.936390 245.858603 0.000000
vt 145.781728 229.468030 0.000000
vt 145.781728 245.858603 0.000000
vt 147.627067 224.785009 0.000000
vt 147.627067 262.249177 0.000000
vt 42.179162 0.000000 0.000000
vt 31.370752 32.781147 0.000000
vt 29.525413 32.781147 0.000000
vt 27.680075 32.781147 0.000000
vt 27.680075 65.562294 0.000000
vt 25.834737 65.562294 0.000000
vt 25.834737 98.343441 0.000000
vt 23.989398 98.343441 0.000000
vt 23.989398 131.124588 0.000000
vt 22.144060 131.124588 0.000000
vt 22.144060 163.905735 0.000000
vt 20.298722 163.905735 0.000000
vt 20.298722 196.686883 0.000000
vt 18.453383 196.686883 0.000000
vt 63.268743 0.000000 0.000000
vt 53.514812 32.781147 0.000000
vt 51.669473 32.781147 0.000000
vt 49.824135 32.781147 0.000000
vt 49.824135 65.562294 0.000000
vt 47.978797 65.562294 0.000000
vt 47.978797 98.343441 0.000000
vt 46.133458 98.343441 0.000000
vt 46.133458 131.124588 0.000000
vt 44.288120 131.124588 0.000000
vt 44.288120 163.905735 0.000000
vt 42.442782 163.905735 0.000000
vt 42.442782 196.686883 0.000000
vt 40.597443 196.686883 0.000000
vt 84.358324 0.000000 0.000000
vt 73.813533 32.781147 0.000000
vt 71.968195 32.781147 0.000000
vt 70.122857 32.781147 0.000000
vt 70.122857 65.562294 0.000000
vt 68.277518 65.562294 0.000000
vt 68.277518 98.343441 0.000000
vt 66.432180 98.343441 0.000000
vt 66.432180 131.124588 0.000000
vt 64.586842 131.124588 0.000000
vt 64.586842 163.905735 0.000000
vt 62.741503 163.905735 0.000000
vt 62.741503 196.686883 0.000000
vt 60.896165 196.686883 0.000000
vt 105.447905 0.000000 0.000000
vt 94.112255 32.781147 0.000000
vt 92.266917 32.781147 0.000000
vt 90.421578 32.781147 0.000000
vt 90.421578 65.562294 0.000000
vt 88.576240 65.562294 0.000000
vt 88.576240 98.343441 0.000000
vt 86.730902 98.343441 0.000000
vt 86.730902 131.124588 0.000000
vt 84.885563 131.124588 0.000000
vt 84.885563 163.905735 0.000000
vt 83.040225 163.905735 0.000000
vt 83.040225 196.686883 0.000000
vt 81.194887 196.686883 0.000000
vt 126.537486 0.000000 0.000000
vt 116.256315 32.781147 0.000000
vt 114.410977 32.781147 0.000000
vt 112.565638 32.781147 0.000000
vt 112.565638 65.562294 0.000000
vt 110.720300 65.562294 0.000000
vt 110.720300 98.343441 0.000000
vt 108.874962 98.343441 0.000000
vt 108.874962 131.124588 0.000000
vt 107.029623 131.124588 0.000000
vt 107.029623 163.905735 0.000000
vt 105.184285 163.905735 0.000000
vt 105.184285 196.686883 0.000000
vt 103.338947 196.686883 0.000000
vt 147.627067 0.000000 0.000000
vt 136.555037 32.781147 0.000000
vt 134.709698 32.781147 0.000000
vt 132.864360 32.781147 0.000000
vt 132.864360 65.562294 0.000000
vt 131.019022 65.562294 0.000000
vt 131.019022 98.343441 0.000000
vt 129.173683 98.343441 0.000000
vt 129.173683 131.124588 0.000000
vt 127.328345 131.124588 0.000000
vt 127.328345 163.905735 0.000000
vt 125.483007 163.905735 0.000000
vt 125.483007 196.686883 0.000000
vt 123.637668 196.686883 0.000000
vt 147.627067 37.464168 0.000000
vt 145.781728 32.781147 0.000000
vt 143.936390 32.781147 0.000000
vt 142.091052 32.781147 0.000000
vt 142.091052 65.562294 0.000000
vt 140.245713 65.562294 0.000000
vt 140.245713 98.343441 0.000000
vt 138.400375 98.343441 0.000000
vt 138.400375 131.124588 0.000000
vt 136.555037 131.124588 0.000000
vt 136.555037 163.905735 0.000000
vt 134.709698 163.905735 0.000000
vt 134.709698 196.686883 0.000000
vt 132.864360 196.686883 0.000000
vt 145.781728 65.562294 0.000000
vt 147.627067 74.928336 0.000000
vt 145.781728 98.343441 0.000000
vt 147.627067 112.392504 0.000000
vt 145.781728 131.124588 0.000000
vt 147.627067 149.856672 0.000000
vt 145.781728 163.905735 0.000000
vt 147.627067 187.320840 0.000000
vt 145.781728 196.686883 0.000000
vt 0.000000 262.249177 0.000000
vt 73.813533 261.993074 0.000000
vt 75.658872 261.993074 0.000000
vt 77.504210 261.993074 0.000000
vt 77.504210 261.736971 0.000000
vt 79.349548 261.736971 0.000000
vt 79.349548 261.224766 0.000000
vt 81.194887 261.224766 0.000000
vt 81.194887 260.200355 0.000000
vt 83.040225 260.200355 0.000000
vt 83.040225 258.151533 0.000000
vt 84.885563 258.151533 0.000000
vt 84.885563 254.053890 0.000000
vt 86.730902 254.053890 0.000000
vt 1.845338 260.200355 0.000000
vt 1.845338 261.224766 0.000000
vt 1.845338 261.736971 0.000000
vt 3.690677 261.224766 0.000000
vt 3.690677 261.736971 0.000000
vt 5.536015 261.224766 0.000000
vt 5.536015 261.736971 0.000000
vt 7.381353 261.224766 0.000000
vt 7.381353 261.736971 0.000000
vt 9.226692 261.224766 0.000000
vt 9.226692 261.736971 0.000000
vt 11.072030 261.224766 0.000000
vt 11.072030 261.736971 0.000000
vt 12.917368 261.224766 0.000000
vt 12.917368 261.736971 0.000000
vt 14.762707 261.224766 0.000000
vt 14.762707 261.736971 0.000000
vt 16.608045 261.224766 0.000000
vt 16.608045 261.736971 0.000000
vt 18.453383 261.224766 0.000000
vt 18.453383 261.736971 0.000000
vt 20.298722 261.224766 0.000000
vt 20.298722 261.736971 0.000000
vt 22.144060 261.224766 0.000000
vt 22.144060 261.736971 0.000000
vt 23.989398 261.224766 0.000000
vt 23.989398 261.736971 0.000000
vt 25.834737 261.224766 0.000000
vt 25.834737 261.736971 0.000000
vt 27.680075 261.224766 0.000000
vt 27.680075 261.736971 0.000000
vt 29.525413 261.224766 0.000000
vt 29.525413 261.736971 0.000000
vt 31.370752 261.224766 0.000000
vt 31.370752 261.736971 0.000000
vt 33.216090 261.224766 0.000000
vt 33.216090 261.736971 0.000000
vt 35.061428 261.224766 0.000000
vt 35.061428 261.736971 0.000000
vt 36.906767 261.224766 0.000000
vt 36.906767 261.736971 0.000000
vt 38.752105 261.224766 0.000000
vt 38.752105 261.736971 0.000000
vt 40.597443 261.224766 0.000000
vt 40.597443 261.736971 0.000000
vt 42.442782 261.224766 0.000000
vt 42.442782 261.736971 0.000000
vt 44.288120 261.224766 0.000000
vt 44.288120 261.736971 0.000000
vt 46.133458 261.224766 0.000000
vt 46.133458 261.736971 0.000000
vt 47.978797 261.224766 0.000000
vt 47.978797 261.736971 0.000000
vt 49.824135 261.224766 0.000000
vt 49.824135 261.736971 0.000000
vt 51.669473 261.224766 0.000000
vt 51.669473 261.736971 0.000000
vt 53.514812 261.224766 0.000000
vt 53.514812 261.736971 0.000000
vt 55.360150 261.224766 0.000000
vt 55.360150 261.736971 0.000000
vt 57.205488 261.224766 0.000000
vt 57.205488 261.736971 0.000000
vt 59.050827 261.224766 0.000000
vt 59.050827 261.736971 0.000000
vt 60.896165 261.224766 0.000000
vt 60.896165 261.736971 0.000000
vt 62.741503 261.224766 0.000000
vt 62.741503 261.736971 0.000000
vt 64.586842 261.224766 0.000000
vt 64.586842 261.736971 0.000000
vt 66.432180 261.224766 0.000000
vt 66.432180 261.736971 0.000000
vt 68.277518 261.224766 0.000000
vt 68.277518 261.736971 0.000000
vt 70.122857 261.224766 0.000000
vt 70.122857 261.736971 0.000000
vt 71.968195 261.224766 0.000000
vt 71.968195 261.736971 0.000000
vt 73.813533 261.224766 0.000000
vt 73.813533 261.736971 0.000000
vt 75.658872 261.224766 0.000000
vt 75.658872 261.736971 0.000000
vt 77.504210 261.224766 0.000000
vt 0.000000 112.392504 0.000000
vt 1.845338 98.343441 0.000000
vt 3.690677 65.562294 0.000000
vt 5.536015 32.781147 0.000000
vt 0.000000 74.928336 0.000000
vt 1.845338 65.562294 0.000000
vt 3.690677 32.781147 0.000000
vt 0.000000 37.464168 0.000000
vt 1.845338 32.781147 0.000000
vt 1.845338 258.151533 0.000000
vt 3.690677 258.151533 0.000000
vt 3.690677 260.200355 0.000000
vt 5.536015 258.151533 0.000000
vt 5.536015 260.200355 0.000000
vt 7.381353 258.151533 0.000000
vt 7.381353 260.200355 0.000000
vt 9.226692 258.151533 0.000000
vt 9.226692 260.200355 0.000000
vt 11.072030 258.151533 0.000000
vt 11.072030 260.200355 0.000000
vt 12.917368 258.151533 0.000000
vt 12.917368 260.200355 0.000000
vt 14.762707 258.151533 0.000000
vt 14.762707 260.200355 0.000000
vt 16.608045 258.151533 0.000000
vt 16.608045 260.200355 0.000000
vt 18.453383 258.151533 0.000000
vt 18.453383 260.200355 0.000000
vt 20.298722 258.151533 0.000000
vt 20.298722 260.200355 0.000000
vt 22.144060 258.151533 0.000000
vt 22.144060 260.200355 0.000000
vt 23.989398 258.151533 0.000000
vt 23.989398 260.200355 0.000000
vt 25.834737 258.151533 0.000000
vt 25.834737 260.200355 0.000000
vt 27.680075 258.151533 0.000000
vt 27.680075 260.200355 0.000000
vt 29.525413 258.151533 0.000000
vt 29.525413 260.200355 0.000000
vt 31.370752 258.151533 0.000000
vt 31.370752 260.200355 0.000000
vt 33.216090 258.151533 0.000000
vt 33.216090 260.200355 0.000000
vt 35.061428 258.151533 0.000000
vt 35.061428 260.200355 0.000000
vt 36.906767 258.151533 0.000000
vt 36.906767 260.200355 0.000000
vt 38.752105 258.151533 0.000000
vt 38.752105 260.200355 0.000000
vt 40.597443 258.151533 0.000000
vt 40.597443 260.200355 0.000000
vt 42.442782 258.151533 0.000000
vt 42.442782 260.200355 0.000000
vt 44.288120 258.151533 0.000000
vt 44.288120 260.200355 0.000000
vt 46.133458 258.151533 0.000000
vt 46.133458 260.200355 0.000000
vt 47.978797 258.151533 0.000000
vt 47.978797 260.200355 0.000000
vt 49.824135 258.151533 0.000000
vt 49.824135 260.200355 0.000000
vt 51.669473 258.151533 0.000000
vt 51.669473 260.200355 0.000000
vt 53.514812 258.151533 0.000000
vt 53.514812 260.200355 0.000000
vt 55.360150 258.151533 0.000000
vt 55.360150 260.200355 0.000000
vt 57.205488 258.151533 0.000000
vt 57.205488 260.200355 0.000000
vt 59.050827 258.151533 0.000000
vt 59.050827 260.200355 0.000000
vt 60.896165 258.151533 0.000000
vt 60.896165 260.200355 0.000000
vt 62.741503 258.151533 0.000000
vt 62.741503 260.200355 0.000000
vt 64.586842 258.151533 0.000000
vt 64.586842 260.200355 0.000000
vt 66.432180 258.151533 0.000000
vt 66.432180 260.200355 0.000000
vt 68.277518 258.151533 0.000000
vt 68.277518 260.200355 0.000000
vt 70.122857 258.151533 0.000000
vt 70.122857 260.200355 0.000000
vt 71.968195 258.151533 0.000000
vt 71.968195 260.200355 0.000000
vt 73.813533 258.151533 0.000000
vt 73.813533 260.200355 0.000000
vt 75.658872 258.151533 0.000000
vt 75.658872 260.200355 0.000000
vt 77.504210 258.151533 0.000000
vt 77.504210 260.200355 0.000000
vt 79.349548 258.151533 0.000000
vt 79.349548 260.200355 0.000000
vt 81.194887 258.151533 0.000000
vt 1.845338 261.993074 0.000000
vt 3.690677 261.993074 0.000000
vt 5.536015 261.993074 0.000000
vt 7.381353 261.993074 0.000000
vt 9.226692 261.993074 0.000000
vt 11.072030 261.993074 0.000000
vt 12.917368 261.993074 0.000000
vt 14.762707 261.993074 0.000000
vt 16.608045 261.993074 0.000000
vt 18.453383 261.993074 0.000000
vt 20.298722 261.993074 0.000000
vt 22.144060 261.993074 0.000000
vt 23.989398 261.993074 0.000000
vt 25.834737 261.993074 0.000000
vt 27.680075 261.993074 0.000000
vt 29.525413 261.993074 0.000000
vt 31.370752 261.993074 0.000000
vt 33.216090 261.993074 0.000000
vt 35.061428 261.993074 0.000000
vt 36.906767 261.993074 0.000000
vt 38.752105 261.993074 0.000000
vt 40.597443 261.993074 0.000000
vt 42.442782 261.993074 0.000000
vt 44.288120 261.993074 0.000000
vt 46.133458 261.993074 0.000000
vt 47.978797 261.993074 0.000000
vt 49.824135 261.993074 0.000000
vt 51.669473 261.993074 0.000000
vt 53.514812 261.993074 0.000000
vt 55.360150 261.993074 0.000000
vt 57.205488 261.993074 0.000000
vt 59.050827 261.993074 0.000000
vt 60.896165 261.993074 0.000000
vt 62.741503 261.993074 0.000000
vt 64.586842 261.993074 0.000000
vt 66.432180 261.993074 0.000000
vt 68.277518 261.993074 0.000000
vt 70.122857 261.993074 0.000000
vt 71.968195 261.993074 0.000000
vt 145.781728 254.053890 0.000000
vt 145.781728 258.151533 0.000000
vt 145.781728 260.200355 0.000000
vt 143.936390 260.200355 0.000000
vt 143.936390 261.224766 0.000000
vt 142.091052 261.224766 0.000000
vt 142.091052 261.736971 0.000000
vt 140.245713 261.736971 0.000000
vt 140.245713 261.993074 0.000000
vt 138.400375 261.993074 0.000000
vt 136.555037 261.993074 0.000000
vt 134.709698 261.993074 0.000000
vt 136.555037 261.736971 0.000000
vt 134.709698 261.736971 0.000000
vt 136.555037 261.224766 0.000000
vt 134.709698 261.224766 0.000000
vt 136.555037 260.200355 0.000000
vt 134.709698 260.200355 0.000000
vt 136.555037 258.151533 0.000000
vt 134.709698 258.151533 0.000000
vt 136.555037 254.053890 0.000000
vt 134.709698 254.053890 0.000000
vt 145.781728 261.736971 0.000000
vt 145.781728 261.993074 0.000000
vt 143.936390 261.993074 0.000000
vt 143.936390 261.736971 0.000000
vt 145.781728 261.224766 0.000000
vt 143.936390 65.562294 0.000000
vt 143.936390 98.343441 0.000000
vt 143.936390 131.124588 0.000000
vt 143.936390 163.905735 0.000000
vt 143.936390 196.686883 0.000000
vt 140.245713 32.781147 0.000000
vt 138.400375 32.781147 0.000000
vt 136.555037 65.562294 0.000000
vt 134.709698 65.562294 0.000000
vt 134.709698 98.343441 0.000000
vt 132.864360 98.343441 0.000000
vt 132.864360 131.124588 0.000000
vt 131.019022 131.124588 0.000000
vt 131.019022 163.905735 0.000000
vt 129.173683 163.905735 0.000000
vt 129.173683 196.686883 0.000000
vt 127.328345 196.686883 0.000000
vt 138.400375 65.562294 0.000000
vt 131.019022 32.781147 0.000000
vt 129.173683 32.781147 0.000000
vt 127.328345 32.781147 0.000000
vt 127.328345 65.562294 0.000000
vt 125.483007 65.562294 0.000000
vt 125.483007 98.343441 0.000000
vt 123.637668 98.343441 0.000000
vt 123.637668 131.124588 0.000000
vt 121.792330 131.124588 0.000000
vt 121.792330 163.905735 0.000000
vt 119.946992 163.905735 0.000000
vt 119.946992 196.686883 0.000000
vt 118.101653 196.686883 0.000000
vt 129.173683 65.562294 0.000000
vt 125.483007 32.781147 0.000000
vt 123.637668 32.781147 0.000000
vt 121.792330 32.781147 0.000000
vt 121.792330 65.562294 0.000000
vt 119.946992 65.562294 0.000000
vt 119.946992 98.343441 0.000000
vt 118.101653 98.343441 0.000000
vt 118.101653 131.124588 0.000000
vt 116.256315 131.124588 0.000000
vt 116.256315 163.905735 0.000000
vt 114.410977 163.905735 0.000000
vt 114.410977 196.686883 0.000000
vt 112.565638 196.686883 0.000000
vt 123.637668 65.562294 0.000000
vt 119.946992 32.781147 0.000000
vt 118.101653 32.781147 0.000000
vt 116.256315 65.562294 0.000000
vt 114.410977 65.562294 0.000000
vt 114.410977 98.343441 0.000000
vt 112.565638 98.343441 0.000000
vt 112.565638 131.124588 0.000000
vt 110.720300 131.124588 0.000000
vt 110.720300 163.905735 0.000000
vt 108.874962 163.905735 0.000000
vt 108.874962 196.686883 0.000000
vt 107.029623 196.686883 0.000000
vt 118.101653 65.562294 0.000000
vt 110.720300 32.781147 0.000000
vt 108.874962 32.781147 0.000000
vt 107.029623 32.781147 0.000000
vt 107.029623 65.562294 0.000000
vt 105.184285 65.562294 0.000000
vt 105.184285 98.343441 0.000000
vt 103.338947 98.343441 0.000000
vt 103.338947 131.124588 0.000000
vt 101.493608 131.124588 0.000000
vt 101.493608 163.905735 0.000000
vt 99.648270 163.905735 0.000000
vt 99.648270 196.686883 0.000000
vt 97.802932 196.686883 0.000000
vt 108.874962 65.562294 0.000000
vt 105.184285 32.781147 0.000000
vt 103.338947 32.781147 0.000000
vt 101.493608 32.781147 0.000000
vt 101.493608 65.562294 0.000000
vt 99.648270 65.562294 0.000000
vt 99.648270 98.343441 0.000000
vt 97.802932 98.343441 0.000000
vt 97.802932 131.124588 0.000000
vt 95.957593 131.124588 0.000000
vt 95.957593 163.905735 0.000000
vt 94.112255 163.905735 0.000000
vt 94.112255 196.686883 0.000000
vt 92.266917 196.686883 0.000000
vt 103.338947 65.562294 0.000000
vt 99.648270 32.781147 0.000000
vt 97.802932 32.781147 0.000000
vt 95.957593 32.781147 0.000000
vt 95.957593 65.562294 0.000000
vt 94.112255 65.562294 0.000000
vt 94.112255 98.343441 0.000000
vt 92.266917 98.343441 0.000000
vt 92.266917 131.124588 0.000000
vt 90.421578 131.124588 0.000000
vt 90.421578 163.905735 0.000000
vt 88.576240 163.905735 0.000000
vt 88.576240 196.686883 0.000000
vt 86.730902 196.686883 0.000000
vt 97.802932 65.562294 0.000000
vt 92.266917 65.562294 0.000000
vt 88.576240 32.781147 0.000000
vt 86.730902 32.781147 0.000000
vt 84.885563 32.781147 0.000000
vt 84.885563 65.562294 0.000000
vt 83.040225 65.562294 0.000000
vt 83.040225 98.343441 0.000000
vt 81.194887 98.343441 0.000000
vt 81.194887 131.124588 0.000000
vt 79.349548 131.124588 0.000000
vt 79.349548 163.905735 0.000000
vt 77.504210 163.905735 0.000000
vt 77.504210 196.686883 0.000000
vt 75.658872 196.686883 0.000000
vt 86.730902 65.562294 0.000000
vt 83.040225 32.781147 0.000000
vt 81.194887 32.781147 0.000000
vt 79.349548 32.781147 0.000000
vt 79.349548 65.562294 0.000000
vt 77.504210 65.562294 0.000000
vt 77.504210 98.343441 0.000000
vt 75.658872 98.343441 0.000000
vt 75.658872 131.124588 0.000000
vt 73.813533 131.124588 0.000000
vt 73.813533 163.905735 0.000000
vt 71.968195 163.905735 0.000000
vt 71.968195 196.686883 0.000000
vt 70.122857 196.686883 0.000000
vt 81.194887 65.562294 0.000000
vt 77.504210 32.781147 0.000000
vt 75.658872 32.781147 0.000000
vt 73.813533 65.562294 0.000000
vt 71.968195 65.562294 0.000000
vt 71.968195 98.343441 0.000000
vt 70.122857 98.343441 0.000000
vt 70.122857 131.124588 0.000000
vt 68.277518 131.124588 0.000000
vt 68.277518 163.905735 0.000000
vt 66.432180 163.905735 0.000000
vt 66.432180 196.686883 0.000000
vt 64.586842 196.686883 0.000000
vt 75.658872 65.562294 0.000000
vt 68.277518 32.781147 0.000000
vt 66.432180 32.781147 0.000000
vt 64.586842 32.781147 0.000000
vt 64.586842 65.562294 0.000000
vt 62.741503 65.562294 0.000000
vt 62.741503 98.343441 0.000000
vt 60.896165 98.343441 0.000000
vt 60.896165 131.124588 0.000000
vt 59.050827 131.124588 0.000000
vt 59.050827 163.905735 0.000000
vt 57.205488 163.905735 0.000000
vt 57.205488 196.686883 0.000000
vt 55.360150 196.686883 0.000000
vt 66.432180 65.562294 0.000000
vt 62.741503 32.781147 0.000000
vt 60.896165 32.781147 0.000000
vt 59.050827 32.781147 0.000000
vt 59.050827 65.562294 0.000000
vt 57.205488 65.562294 0.000000
vt 57.205488 98.343441 0.000000
vt 55.360150 98.343441 0.000000
vt 55.360150 131.124588 0.000000
vt 53.514812 131.124588 0.000000
vt 53.514812 163.905735 0.000000
vt 51.669473 163.905735 0.000000
vt 51.669473 196.686883 0.000000
vt 49.824135 196.686883 0.000000
vt 60.896165 65.562294 0.000000
vt 57.205488 32.781147 0.000000
vt 55.360150 32.781147 0.000000
vt 53.514812 65.562294 0.000000
vt 51.669473 65.562294 0.000000
vt 51.669473 98.343441 0.000000
vt 49.824135 98.343441 0.000000
vt 49.824135 131.124588 0.000000
vt 47.978797 131.124588 0.000000
vt 47.978797 163.905735 0.000000
vt 46.133458 163.905735 0.000000
vt 46.133458 196.686883 0.000000
vt 44.288120 196.686883 0.000000
vt 55.360150 65.562294 0.000000
vt 47.978797 32.781147 0.000000
vt 46.133458 32.781147 0.000000
vt 44.288120 32.781147 0.000000
vt 44.288120 65.562294 0.000000
vt 42.442782 65.562294 0.000000
vt 42.442782 98.343441 0.000000
vt 40.597443 98.343441 0.000000
vt 40.597443 131.124588 0.000000
vt 38.752105 131.124588 0.000000
vt 38.752105 163.905735 0.000000
vt 36.906767 163.905735 0.000000
vt 36.906767 196.686883 0.000000
vt 35.061428 196.686883 0.000000
vt 46.133458 65.562294 0.000000
vt 42.442782 32.781147 0.000000
vt 40.597443 32.781147 0.000000
vt 38.752105 32.781147 0.000000
vt 38.752105 65.562294 0.000000
vt 36.906767 65.562294 0.000000
vt 36.906767 98.343441 0.000000
vt 35.061428 98.343441 0.000000
vt 35.061428 131.124588 0.000000
vt 33.216090 131.124588 0.000000
vt 33.216090 163.905735 0.000000
vt 31.370752 163.905735 0.000000
vt 31.370752 196.686883 0.000000
vt 29.525413 196.686883 0.000000
vt 40.597443 65.562294 0.000000
vt 36.906767 32.781147 0.000000
vt 35.061428 32.781147 0.000000
vt 33.216090 32.781147 0.000000
vt 33.216090 65.562294 0.000000
vt 31.370752 65.562294 0.000000
vt 31.370752 98.343441 0.000000
vt 29.525413 98.343441 0.000000
vt 29.525413 131.124588 0.000000
vt 27.680075 131.124588 0.000000
vt 27.680075 163.905735 0.000000
vt 25.834737 163.905735 0.000000
vt 25.834737 196.686883 0.000000
vt 23.989398 196.686883 0.000000
vt 35.061428 65.562294 0.000000
vt 29.525413 65.562294 0.000000
vt 25.834737 32.781147 0.000000
vt 23.989398 32.781147 0.000000
vt 22.144060 32.781147 0.000000
vt 22.144060 65.562294 0.000000
vt 20.298722 65.562294 0.000000
vt 20.298722 98.343441 0.000000
vt 18.453383 98.343441 0.000000
vt 18.453383 131.124588 0.000000
vt 16.608045 131.124588 0.000000
vt 16.608045 163.905735 0.000000
vt 14.762707 163.905735 0.000000
vt 14.762707 196.686883 0.000000
vt 12.917368 196.686883 0.000000
vt 23.989398 65.562294 0.000000
vt 20.298722 32.781147 0.000000
vt 18.453383 32.781147 0.000000
vt 16.608045 32.781147 0.000000
vt 16.608045 65.562294 0.000000
vt 14.762707 65.562294 0.000000
vt 14.762707 98.343441 0.000000
vt 12.917368 98.343441 0.000000
vt 12.917368 131.124588 0.000000
vt 11.072030 131.124588 0.000000
vt 11.072030 163.905735 0.000000
vt 9.226692 163.905735 0.000000
vt 9.226692 196.686883 0.000000
vt 7.381353 196.686883 0.000000
vt 18.453383 65.562294 0.000000
vt 14.762707 32.781147 0.000000
vt 12.917368 32.781147 0.000000
vt 11.072030 65.562294 0.000000
vt 9.226692 65.562294 0.000000
vt 9.226692 98.343441 0.000000
vt 7.381353 98.343441 0.000000
vt 7.381353 131.124588 0.000000
vt 5.536015 131.124588 0.000000
vt 5.536015 163.905735 0.000000
vt 3.690677 163.905735 0.000000
vt 3.690677 196.686883 0.000000
vt 12.917368 65.562294 0.000000
vt 142.091052 98.343441 0.000000
vt 140.245713 131.124588 0.000000
vt 138.400375 163.905735 0.000000
vt 136.555037 196.686883 0.000000
vt 136.555037 98.343441 0.000000
vt 127.328345 98.343441 0.000000
vt 121.792330 98.343441 0.000000
vt 116.256315 98.343441 0.000000
vt 107.029623 98.343441 0.000000
vt 101.493608 98.343441 0.000000
vt 95.957593 98.343441 0.000000
vt 90.421578 98.343441 0.000000
vt 84.885563 98.343441 0.000000
vt 79.349548 98.343441 0.000000
vt 73.813533 98.343441 0.000000
vt 64.586842 98.343441 0.000000
vt 59.050827 98.343441 0.000000
vt 53.514812 98.343441 0.000000
vt 44.288120 98.343441 0.000000
vt 38.752105 98.343441 0.000000
vt 33.216090 98.343441 0.000000
vt 27.680075 98.343441 0.000000
vt 22.144060 98.343441 0.000000
vt 16.608045 98.343441 0.000000
vt 11.072030 98.343441 0.000000
vt 142.091052 131.124588 0.000000
vt 142.091052 163.905735 0.000000
vt 142.091052 196.686883 0.000000
vt 134.709698 131.124588 0.000000
vt 125.483007 131.124588 0.000000
vt 119.946992 131.124588 0.000000
vt 114.410977 131.124588 0.000000
vt 105.184285 131.124588 0.000000
vt 99.648270 131.124588 0.000000
vt 94.112255 131.124588 0.000000
vt 88.576240 131.124588 0.000000
vt 83.040225 131.124588 0.000000
vt 77.504210 131.124588 0.000000
vt 71.968195 131.124588 0.000000
vt 62.741503 131.124588 0.000000
vt 57.205488 131.124588 0.000000
vt 51.669473 131.124588 0.000000
vt 42.442782 131.124588 0.000000
vt 36.906767 131.124588 0.000000
vt 31.370752 131.124588 0.000000
vt 25.834737 131.124588 0.000000
vt 20.298722 131.124588 0.000000
vt 14.762707 131.124588 0.000000
vt 9.226692 131.124588 0.000000
vt 140.245713 163.905735 0.000000
vt 138.400375 196.686883 0.000000
vt 132.864360 163.905735 0.000000
vt 123.637668 163.905735 0.000000
vt 118.101653 163.905735 0.000000
vt 112.565638 163.905735 0.000000
vt 103.338947 163.905735 0.000000
vt 97.802932 163.905735 0.000000
vt 92.266917 163.905735 0.000000
vt 86.730902 163.905735 0.000000
vt 81.194887 163.905735 0.000000
vt 75.658872 163.905735 0.000000
vt 70.122857 163.905735 0.000000
vt 60.896165 163.905735 0.000000
vt 55.360150 163.905735 0.000000
vt 49.824135 163.905735 0.000000
vt 40.597443 163.905735 0.000000
vt 35.061428 163.905735 0.000000
vt 29.525413 163.905735 0.000000
vt 23.989398 163.905735 0.000000
vt 18.453383 163.905735 0.000000
vt 12.917368 163.905735 0.000000
vt 7.381353 163.905735 0.000000
vt 140.245713 196.686883 0.000000
vt 131.019022 196.686883 0.000000
vt 121.792330 196.686883 0.000000
vt 116.256315 196.686883 0.000000
vt 110.720300 196.686883 0.000000
vt 101.493608 196.686883 0.000000
vt 95.957593 196.686883 0.000000
vt 90.421578 196.686883 0.000000
vt 84.885563 196.686883 0.000000
vt 79.349548 196.686883 0.000000
vt 73.813533 196.686883 0.000000
vt 68.277518 196.686883 0.000000
vt 59.050827 196.686883 0.000000
vt 53.514812 196.686883 0.000000
vt 47.978797 196.686883 0.000000
vt 38.752105 196.686883 0.000000
vt 33.216090 196.686883 0.000000
vt 27.680075 196.686883 0.000000
vt 22.144060 196.686883 0.000000
vt 16.608045 196.686883 0.000000
vt 11.072030 196.686883 0.000000
vt 5.536015 196.686883 0.000000
vt 1.845338 254.053890 0.000000
vt 3.690677 254.053890 0.000000
vt 5.536015 254.053890 0.000000
vt 7.381353 254.053890 0.000000
vt 9.226692 254.053890 0.000000
vt 11.072030 254.053890 0.000000
vt 12.917368 254.053890 0.000000
vt 14.762707 254.053890 0.000000
vt 16.608045 254.053890 0.000000
vt 18.453383 254.053890 0.000000
vt 20.298722 254.053890 0.000000
vt 22.144060 254.053890 0.000000
vt 23.989398 254.053890 0.000000
vt 25.834737 254.053890 0.000000
vt 27.680075 254.053890 0.000000
vt 29.525413 254.053890 0.000000
vt 31.370752 254.053890 0.000000
vt 33.216090 254.053890 0.000000
vt 35.061428 254.053890 0.000000
vt 36.906767 254.053890 0.000000
vt 38.752105 254.053890 0.000000
vt 40.597443 254.053890 0.000000
vt 42.442782 254.053890 0.000000
vt 44.288120 254.053890 0.000000
vt 46.133458 254.053890 0.000000
vt 47.978797 254.053890 0.000000
vt 49.824135 254.053890 0.000000
vt 51.669473 254.053890 0.000000
vt 53.514812 254.053890 0.000000
vt 55.360150 254.053890 0.000000
vt 57.205488 254.053890 0.000000
vt 59.050827 254.053890 0.000000
vt 60.896165 254.053890 0.000000
vt 62.741503 254.053890 0.000000
vt 64.586842 254.053890 0.000000
vt 66.432180 254.053890 0.000000
vt 68.277518 254.053890 0.000000
vt 70.122857 254.053890 0.000000
vt 71.968195 254.053890 0.000000
vt 73.813533 254.053890 0.000000
vt 75.658872 254.053890 0.000000
vt 77.504210 254.053890 0.000000
vt 79.349548 254.053890 0.000000
vt 81.194887 254.053890 0.000000
vt 83.040225 254.053890 0.000000
vt 79.349548 261.993074 0.000000
vt 81.194887 261.993074 0.000000
vt 83.040225 261.993074 0.000000
vt 83.040225 261.736971 0.000000
vt 84.885563 261.736971 0.000000
vt 84.885563 261.224766 0.000000
vt 86.730902 261.224766 0.000000
vt 86.730902 260.200355 0.000000
vt 88.576240 260.200355 0.000000
vt 88.576240 258.151533 0.000000
vt 90.421578 258.151533 0.000000
vt 90.421578 254.053890 0.000000
vt 92.266917 254.053890 0.000000
vt 81.194887 261.736971 0.000000
vt 84.885563 261.993074 0.000000
vt 86.730902 261.993074 0.000000
vt 88.576240 261.993074 0.000000
vt 88.576240 261.736971 0.000000
vt 90.421578 261.736971 0.000000
vt 90.421578 261.224766 0.000000
vt 92.266917 261.224766 0.000000
vt 92.266917 260.200355 0.000000
vt 94.112255 260.200355 0.000000
vt 94.112255 258.151533 0.000000
vt 95.957593 258.151533 0.000000
vt 95.957593 254.053890 0.000000
vt 97.802932 254.053890 0.000000
vt 86.730902 261.736971 0.000000
vt 90.421578 261.993074 0.000000
vt 92.266917 261.993074 0.000000
vt 94.112255 261.993074 0.000000
vt 94.112255 261.736971 0.000000
vt 95.957593 261.736971 0.000000
vt 95.957593 261.224766 0.000000
vt 97.802932 261.224766 0.000000
vt 97.802932 260.200355 0.000000
vt 99.648270 260.200355 0.000000
vt 99.648270 258.151533 0.000000
vt 101.493608 258.151533 0.000000
vt 101.493608 254.053890 0.000000
vt 103.338947 254.053890 0.000000
vt 92.266917 261.736971 0.000000
vt 95.957593 261.993074 0.000000
vt 97.802932 261.993074 0.000000
vt 99.648270 261.993074 0.000000
vt 99.648270 261.736971 0.000000
vt 101.493608 261.736971 0.000000
vt 101.493608 261.224766 0.000000
vt 103.338947 261.224766 0.000000
vt 103.338947 260.200355 0.000000
vt 105.184285 260.200355 0.000000
vt 105.184285 258.151533 0.000000
vt 107.029623 258.151533 0.000000
vt 107.029623 254.053890 0.000000
vt 108.874962 254.053890 0.000000
vt 97.802932 261.736971 0.000000
vt 101.493608 261.993074 0.000000
vt 103.338947 261.993074 0.000000
vt 105.184285 261.993074 0.000000
vt 105.184285 261.736971 0.000000
vt 107.029623 261.736971 0.000000
vt 107.029623 261.224766 0.000000
vt 108.874962 261.224766 0.000000
vt 108.874962 260.200355 0.000000
vt 110.720300 260.200355 0.000000
vt 110.720300 258.151533 0.000000
vt 112.565638 258.151533 0.000000
vt 112.565638 254.053890 0.000000
vt 114.410977 254.053890 0.000000
vt 103.338947 261.736971 0.000000
vt 107.029623 261.993074 0.000000
vt 108.874962 261.993074 0.000000
vt 110.720300 261.993074 0.000000
vt 110.720300 261.736971 0.000000
vt 112.565638 261.736971 0.000000
vt 112.565638 261.224766 0.000000
vt 114.410977 261.224766 0.000000
vt 114.410977 260.200355 0.000000
vt 116.256315 260.200355 0.000000
vt 116.256315 258.151533 0.000000
vt 118.101653 258.151533 0.000000
vt 118.101653 254.053890 0.000000
vt 119.946992 254.053890 0.000000
vt 108.874962 261.736971 0.000000
vt 112.565638 261.993074 0.000000
vt 114.410977 261.993074 0.000000
vt 116.256315 261.993074 0.000000
vt 116.256315 261.736971 0.000000
vt 118.101653 261.736971 0.000000
vt 118.101653 261.224766 0.000000
vt 119.946992 261.224766 0.000000
vt 119.946992 260.200355 0.000000
vt 121.792330 260.200355 0.000000
vt 121.792330 258.151533 0.000000
vt 123.637668 258.151533 0.000000
vt 123.637668 254.053890 0.000000
vt 125.483007 254.053890 0.000000
vt 114.410977 261.736971 0.000000
vt 118.101653 261.993074 0.000000
vt 119.946992 261.993074 0.000000
vt 121.792330 261.993074 0.000000
vt 121.792330 261.736971 0.000000
vt 123.637668 261.736971 0.000000
vt 123.637668 261.224766 0.000000
vt 125.483007 261.224766 0.000000
vt 125.483007 260.200355 0.000000
vt 127.328345 260.200355 0.000000
vt 127.328345 258.151533 0.000000
vt 129.173683 258.151533 0.000000
vt 129.173683 254.053890 0.000000
vt 131.019022 254.053890 0.000000
vt 119.946992 261.736971 0.000000
vt 123.637668 261.993074 0.000000
vt 125.483007 261.993074 0.000000
vt 127.328345 261.993074 0.000000
vt 127.328345 261.736971 0.000000
vt 129.173683 261.736971 0.000000
vt 129.173683 261.224766 0.000000
vt 131.019022 261.224766 0.000000
vt 131.019022 260.200355 0.000000
vt 132.864360 260.200355 0.000000
vt 132.864360 258.151533 0.000000
vt 125.483007 261.736971 0.000000
vt 129.173683 261.993074 0.000000
vt 131.019022 261.993074 0.000000
vt 132.864360 261.993074 0.000000
vt 132.864360 261.736971 0.000000
vt 131.019022 261.736971 0.000000
vt 138.400375 261.736971 0.000000
vt 138.400375 261.224766 0.000000
vt 138.400375 260.200355 0.000000
vt 138.400375 258.151533 0.000000
vt 138.400375 254.053890 0.000000
vt 142.091052 261.993074 0.000000
vt 143.936390 254.053890 0.000000
vt 143.936390 258.151533 0.000000
vt 142.091052 254.053890 0.000000
vt 142.091052 258.151533 0.000000
vt 142.091052 260.200355 0.000000
vt 140.245713 254.053890 0.000000
vt 140.245713 258.151533 0.000000
vt 140.245713 260.200355 0.000000
vt 140.245713 261.224766 0.000000
vt 132.864360 254.053890 0.000000
vt 127.328345 254.053890 0.000000
vt 121.792330 254.053890 0.000000
vt 116.256315 254.053890 0.000000
vt 110.720300 254.053890 0.000000
vt 105.184285 254.053890 0.000000
vt 99.648270 254.053890 0.000000
vt 94.112255 254.053890 0.000000
vt 88.576240 254.053890 0.000000
vt 131.019022 258.151533 0.000000
vt 129.173683 260.200355 0.000000
vt 127.328345 261.224766 0.000000
vt 125.483007 258.151533 0.000000
vt 119.946992 258.151533 0.000000
vt 114.410977 258.151533 0.000000
vt 108.874962 258.151533 0.000000
vt 103.338947 258.151533 0.000000
vt 97.802932 258.151533 0.000000
vt 92.266917 258.151533 0.000000
vt 86.730902 258.151533 0.000000
vt 123.637668 260.200355 0.000000
vt 118.101653 260.200355 0.000000
vt 112.565638 260.200355 0.000000
vt 107.029623 260.200355 0.000000
vt 101.493608 260.200355 0.000000
vt 95.957593 260.200355 0.000000
vt 90.421578 260.200355 0.000000
vt 84.885563 260.200355 0.000000
vt 132.864360 261.224766 0.000000
vt 121.792330 261.224766 0.000000
vt 116.256315 261.224766 0.000000
vt 110.720300 261.224766 0.000000
vt 105.184285 261.224766 0.000000
vt 99.648270 261.224766 0.000000
vt 94.112255 261.224766 0.000000
vt 88.576240 261.224766 0.000000
vt 83.040225 261.224766 0.000000
vn 0.000000 0.000000 0.100000
vn 0.000000 0.000000 0.100000
vn 0.000000 0.000000 0.100000
vn -0.000000 0.000000 -0.100000
vn -0.000000 0.000000 -0.100000
vn -0.000000 0.000000 -0.100000
vn -0.000000 0.000000 -0.100000
vn -0.000000 0.000000 -0.100000
vn -0.000000 0.000000 -0.100000
vn -0.000000 0.000000 -0.100000
vn -0.000000 0.000000 -0.100000
vn -0.000000 0.000000 -0.100000
vn -0.000000 0.000000 -0.100000
vn -0.000000 0.000000 -0.100000
vn -0.000000 0.000000 -0.100000
vn -0.000000 0.000000 -0.100000
vn -0.000000 0.000000 -0.100000
vn -0.000000 0.000000 -0.100000
vn -0.000000 0.000000 -0.100000
vn -0.000000 0.000000 -0.100000
vn -0.000000 0.000000 -0.100000
vn -0.000000 0.000000 -0.100000
vn -0.000000 0.000000 -0.100000
vn -0.000000 0.000000 -0.100000
vn -0.000000 0.000000 -0.100000
vn -0.000000 0.000000 -0.100000
vn -0.000000 0.000000 -0.100000
vn -0.000000 0.000000 -0.100000
vn -0.000000 0.000000 -0.100000
vn -0.000000 0.000000 -0.100000
vn -0.000000 0.000000 -0.100000
vn -0.000000 0.000000 -0.100000
vn -0.000000 0.000000 -0.100000
vn -0.000000 0.000000 -0.100000
vn -0.000000 0.000000 -0.100000
vn -0.000000 0.000000 -0.100000
vn -0.000000 0.000000 -0.100000
vn -0.000000 0.000000 -0.100000
vn -0.000000 0.000000 -0.100000
vn -0.000000 0.000000 -0.100000
vn -0.000000 0.000000 -0.100000
vn -0.000000 0.000000 -0.100000
vn -0.000000 0.000000 -0.100000
vn -0.000000 0.000000 -0.100000
vn -0.000000 0.000000 -0.100000
vn -0.000000 0.000000 -0.100000
vn -0.074867 -0.034911 0.056357
vn -0.074867 -0.034911 0.056357
vn -0.074867 -0.034911 0.056357
vn -0.074867 -0.034911 0.056357
vn -0.074867 -0.034911 0.056357
vn -0.074867 -0.034911 0.056357
vn -0.074867 -0.034911 0.056357
vn -0.074867 -0.034911 0.056357
vn -0.074867 -0.034911 0.056357
vn -0.074867 -0.034911 0.056357
vn -0.074867 -0.034911 0.056357
vn -0.074867 -0.034911 0.056357
vn -0.074867 -0.034911 0.056357
vn -0.074867 -0.034911 0.056357
vn -0.074867 -0.034911 0.056357
vn 0.071886 -0.041503 0.055767
vn 0.071886 -0.041503 0.055767
vn 0.071886 -0.041503 0.055767
vn 0.071886 -0.041503 0.055767
vn 0.071886 -0.041503 0.055767
vn 0.071886 -0.041503 0.055767
vn 0.071886 -0.041503 0.055767
vn 0.071886 -0.041503 0.055767
vn 0.071886 -0.041503 0.055767
vn 0.071886 -0.041503 0.055767
vn 0.071886 -0.041503 0.055767
vn 0.071886 -0.041503 0.055767
vn 0.071886 -0.041503 0.055767
vn 0.071886 -0.041503 0.055767
vn 0.071886 -0.041503 0.055767
vn 0.086587 0.037400 0.033225
vn 0.086587 0.037400 0.033225
vn 0.086587 0.037400 0.033225
vn 0.086587 0.037400 0.033225
vn 0.086587 0.037400 0.033225
vn 0.086587 0.037400 0.033225
vn 0.086587 0.037400 0.033225
vn 0.086587 0.037400 0.033225
vn 0.086587 0.037400 0.033225
vn 0.086587 0.037400 0.033225
vn 0.086587 0.037400 0.033225
vn 0.086587 0.037400 0.033225
vn 0.086587 0.037400 0.033225
vn 0.086587 0.037400 0.033225
vn 0.086587 0.037400 0.033225
vn 0.000000 0.081935 0.057330
vn 0.000000 0.081935 0.057330
vn 0.000000 0.081935 0.057330
vn 0.000000 0.081935 0.057330
vn 0.000000 0.081935 0.057330
vn 0.000000 0.081935 0.057330
vn 0.000000 0.081935 0.057330
vn 0.000000 0.081935 0.057330
vn 0.000000 0.081935 0.057330
vn 0.000000 0.081935 0.057330
vn 0.000000 0.081935 0.057330
vn 0.000000 0.081935 0.057330
vn 0.000000 0.081935 0.057330
vn 0.000000 0.081935 0.057330
vn 0.000000 0.081935 0.057330
vn -0.010184 -0.094306 0.031666
vn -0.010179 -0.094308 0.031662
vn -0.010184 -0.094307 0.031661
vn -0.010179 -0.094308 0.031661
vn -0.010179 -0.094308 0.031661
vn -0.010173 -0.094310 0.031658
vn -0.010173 -0.094310 0.031657
vn -0.010165 -0.094312 0.031653
vn -0.010165 -0.094312 0.031652
vn -0.010152 -0.094316 0.031646
vn -0.010152 -0.094316 0.031645
vn -0.010131 -0.094322 0.031633
vn -0.010142 -0.094320 0.031638
vn -0.010105 -0.094330 0.031618
vn -0.010089 -0.094334 0.031611
vn -0.009995 -0.094362 0.031557
vn -0.009963 -0.094370 0.031543
vn -0.009713 -0.094441 0.031409
vn -0.009963 -0.094369 0.031547
vn -0.009713 -0.094439 0.031416
vn -0.009963 -0.094368 0.031550
vn -0.009713 -0.094437 0.031423
vn -0.009963 -0.094367 0.031554
vn -0.009713 -0.094434 0.031430
vn -0.009963 -0.094366 0.031557
vn -0.009713 -0.094432 0.031437
vn -0.009963 -0.094365 0.031561
vn -0.009712 -0.094430 0.031444
vn -0.009963 -0.094363 0.031564
vn -0.009712 -0.094427 0.031450
vn -0.009963 -0.094362 0.031568
vn -0.009712 -0.094425 0.031457
vn -0.009962 -0.094361 0.031571
vn -0.009712 -0.094423 0.031464
vn -0.009962 -0.094360 0.031574
vn -0.009711 -0.094421 0.031471
vn -0.009962 -0.094359 0.031578
vn -0.009711 -0.094418 0.031478
vn -0.009962 -0.094358 0.031581
vn -0.009711 -0.094416 0.031485
vn -0.009962 -0.094357 0.031585
vn -0.009711 -0.094414 0.031491
vn -0.009962 -0.094355 0.031588
vn -0.009710 -0.094412 0.031498
vn -0.009962 -0.094354 0.031592
vn -0.009710 -0.094409 0.031505
vn -0.009962 -0.094353 0.031595
vn -0.009710 -0.094407 0.031512
vn -0.009962 -0.094352 0.031598
vn -0.009710 -0.094405 0.031519
vn -0.009961 -0.094351 0.031602
vn -0.009710 -0.094403 0.031526
vn -0.009961 -0.094350 0.031605
vn -0.009709 -0.094400 0.031533
vn -0.009961 -0.094349 0.031609
vn -0.009709 -0.094398 0.031539
vn -0.009961 -0.094347 0.031612
vn -0.009709 -0.094396 0.031546
vn -0.009961 -0.094346 0.031616
vn -0.009709 -0.094394 0.031553
vn -0.009961 -0.094345 0.031619
vn -0.009708 -0.094391 0.031560
vn -0.009961 -0.094344 0.031622
vn -0.009708 -0.094389 0.031567
vn -0.009961 -0.094343 0.031626
vn -0.009708 -0.094387 0.031574
vn -0.009960 -0.094342 0.031629
vn -0.009708 -0.094385 0.031580
vn -0.009960 -0.094341 0.031633
vn -0.009707 -0.094382 0.031587
vn -0.009960 -0.094340 0.031636
vn -0.009707 -0.094380 0.031594
vn -0.009960 -0.094338 0.031640
vn -0.009707 -0.094378 0.031601
vn -0.009960 -0.094337 0.031643
vn -0.009707 -0.094375 0.031608
vn -0.009960 -0.094336 0.031647
vn -0.009707 -0.094373 0.031615
vn -0.009960 -0.094335 0.031650
vn -0.009706 -0.094371 0.031621
vn -0.009960 -0.094334 0.031653
vn -0.009706 -0.094369 0.031628
vn -0.009959 -0.094333 0.031657
vn -0.009706 -0.094366 0.031635
vn -0.009959 -0.094332 0.031660
vn -0.009706 -0.094364 0.031642
vn -0.009959 -0.094330 0.031664
vn -0.009705 -0.094362 0.031649
vn -0.009959 -0.094329 0.031667
vn -0.009705 -0.094360 0.031656
vn -0.009959 -0.094328 0.031671
vn -0.009705 -0.094357 0.031662
vn -0.009959 -0.094327 0.031674
vn -0.009705 -0.094355 0.031669
vn -0.009959 -0.094326 0.031677
vn -0.009704 -0.094353 0.031676
vn -0.009959 -0.094325 0.031681
vn -0.009704 -0.094351 0.031683
vn -0.009958 -0.094324 0.031684
vn -0.009704 -0.094348 0.031690
vn -0.009958 -0.094322 0.031688
vn -0.009704 -0.094346 0.031697
vn -0.009958 -0.094321 0.031691
vn -0.009703 -0.094344 0.031703
vn -0.009958 -0.094320 0.031695
vn -0.009703 -0.094341 0.031710
vn -0.009958 -0.094319 0.031698
vn -0.009703 -0.094339 0.031717
vn -0.009958 -0.094318 0.031701
vn -0.009703 -0.094337 0.031724
vn -0.009958 -0.094317 0.031705
vn -0.009703 -0.094335 0.031731
vn -0.009958 -0.094316 0.031708
vn -0.009702 -0.094332 0.031738
vn -0.009958 -0.094314 0.031712
vn -0.009702 -0.094330 0.031744
vn -0.009957 -0.094313 0.031715
vn -0.009702 -0.094328 0.031751
vn -0.009957 -0.094312 0.031719
vn -0.009702 -0.094326 0.031758
vn -0.009957 -0.094311 0.031722
vn -0.009701 -0.094323 0.031765
vn -0.009957 -0.094310 0.031725
vn -0.009701 -0.094321 0.031772
vn -0.009957 -0.094309 0.031729
vn -0.009701 -0.094319 0.031779
vn -0.009957 -0.094308 0.031732
vn -0.009701 -0.094316 0.031785
vn -0.009957 -0.094306 0.031736
vn -0.009700 -0.094314 0.031792
vn -0.009957 -0.094305 0.031739
vn -0.009700 -0.094312 0.031799
vn -0.009956 -0.094304 0.031743
vn -0.009700 -0.094310 0.031806
vn -0.009956 -0.094303 0.031746
vn -0.009700 -0.094307 0.031813
vn -0.009956 -0.094302 0.031749
vn -0.009699 -0.094305 0.031820
vn -0.009956 -0.094301 0.031753
vn -0.009699 -0.094303 0.031826
vn -0.009956 -0.094300 0.031756
vn -0.009699 -0.094300 0.031833
vn -0.009956 -0.094298 0.031760
vn -0.009699 -0.094298 0.031840
vn -0.009956 -0.094297 0.031763
vn -0.009699 -0.094296 0.031847
vn -0.009956 -0.094296 0.031767
vn -0.009698 -0.094294 0.031854
vn -0.009955 -0.094295 0.031770
vn -0.009698 -0.094291 0.031860
vn -0.009955 -0.094294 0.031773
vn -0.009698 -0.094289 0.031867
vn -0.009955 -0.094293 0.031777
vn -0.009698 -0.094287 0.031874
vn -0.009955 -0.094292 0.031780
vn -0.009697 -0.094285 0.031881
vn -0.009955 -0.094290 0.031784
vn -0.009697 -0.094282 0.031888
vn -0.009955 -0.094289 0.031787
vn -0.009697 -0.094280 0.031895
vn -0.009955 -0.094288 0.031791
vn -0.009697 -0.094278 0.031901
vn -0.009955 -0.094287 0.031794
vn -0.009696 -0.094275 0.031908
vn -0.009955 -0.094286 0.031797
vn -0.009696 -0.094273 0.031915
vn -0.009954 -0.094285 0.031801
vn -0.009696 -0.094271 0.031922
vn -0.009954 -0.094284 0.031804
vn -0.009696 -0.094269 0.031929
vn -0.009954 -0.094282 0.031808
vn -0.009696 -0.094266 0.031935
vn -0.009954 -0.094281 0.031811
vn -0.009695 -0.094264 0.031942
vn -0.009986 -0.094282 0.031798
vn 0.034931 -0.079018 0.050359
vn -0.010183 -0.094304 0.031671
vn -0.010179 -0.094306 0.031667
vn -0.010179 -0.094306 0.031667
vn -0.010179 -0.094306 0.031666
vn -0.010173 -0.094307 0.031664
vn -0.010173 -0.094308 0.031663
vn -0.010165 -0.094310 0.031660
vn -0.010165 -0.094310 0.031660
vn -0.010152 -0.094313 0.031655
vn -0.010152 -0.094313 0.031654
vn -0.010131 -0.094318 0.031646
vn -0.010131 -0.094318 0.031645
vn -0.010089 -0.094329 0.031628
vn -0.010089 -0.094329 0.031626
vn -0.010183 -0.094302 0.031676
vn -0.010179 -0.094304 0.031673
vn -0.010179 -0.094304 0.031672
vn -0.010179 -0.094304 0.031672
vn -0.010173 -0.094305 0.031671
vn -0.010173 -0.094305 0.031670
vn -0.010164 -0.094307 0.031669
vn -0.010164 -0.094307 0.031668
vn -0.010151 -0.094309 0.031665
vn -0.010152 -0.094310 0.031664
vn -0.010130 -0.094313 0.031660
vn -0.010130 -0.094314 0.031659
vn -0.010088 -0.094322 0.031649
vn -0.010088 -0.094322 0.031647
vn -0.010183 -0.094301 0.031681
vn -0.010179 -0.094302 0.031678
vn -0.010179 -0.094302 0.031678
vn -0.010179 -0.094302 0.031677
vn -0.010173 -0.094303 0.031677
vn -0.010173 -0.094303 0.031677
vn -0.010164 -0.094304 0.031676
vn -0.010164 -0.094305 0.031676
vn -0.010151 -0.094306 0.031675
vn -0.010151 -0.094306 0.031674
vn -0.010130 -0.094309 0.031672
vn -0.010130 -0.094310 0.031671
vn -0.010087 -0.094315 0.031668
vn -0.010087 -0.094316 0.031666
vn -0.010183 -0.094299 0.031686
vn -0.010178 -0.094300 0.031684
vn -0.010178 -0.094300 0.031683
vn -0.010178 -0.094301 0.031683
vn -0.010172 -0.094301 0.031683
vn -0.010172 -0.094301 0.031683
vn -0.010164 -0.094302 0.031684
vn -0.010164 -0.094302 0.031683
vn -0.010151 -0.094303 0.031684
vn -0.010151 -0.094303 0.031683
vn -0.010129 -0.094305 0.031685
vn -0.010129 -0.094305 0.031684
vn -0.010086 -0.094309 0.031687
vn -0.010087 -0.094310 0.031685
vn -0.010183 -0.094297 0.031691
vn -0.010178 -0.094298 0.031690
vn -0.010178 -0.094298 0.031689
vn -0.010178 -0.094299 0.031689
vn -0.010172 -0.094299 0.031690
vn -0.010172 -0.094299 0.031690
vn -0.010163 -0.094299 0.031692
vn -0.010163 -0.094299 0.031691
vn -0.010150 -0.094300 0.031695
vn -0.010150 -0.094300 0.031694
vn -0.010129 -0.094301 0.031699
vn -0.010129 -0.094301 0.031698
vn -0.010086 -0.094302 0.031707
vn -0.010086 -0.094303 0.031705
vn -0.010183 -0.094296 0.031696
vn -0.010178 -0.094297 0.031695
vn -0.010178 -0.094297 0.031695
vn -0.010178 -0.094297 0.031694
vn -0.010172 -0.094297 0.031697
vn -0.010172 -0.094297 0.031696
vn -0.010163 -0.094297 0.031700
vn -0.010163 -0.094297 0.031699
vn -0.010150 -0.094296 0.031704
vn -0.010150 -0.094297 0.031703
vn -0.010128 -0.094296 0.031711
vn -0.010128 -0.094297 0.031710
vn -0.010085 -0.094296 0.031726
vn -0.010085 -0.094297 0.031724
vn -0.010177 -0.094295 0.031698
vn -0.010178 -0.094296 0.031698
vn -0.010178 -0.094296 0.031697
vn -0.010178 -0.094296 0.031697
vn -0.010172 -0.094296 0.031700
vn -0.010172 -0.094296 0.031699
vn -0.010163 -0.094295 0.031703
vn -0.010163 -0.094296 0.031702
vn -0.010150 -0.094295 0.031708
vn -0.010150 -0.094295 0.031708
vn -0.010128 -0.094294 0.031717
vn -0.010128 -0.094295 0.031716
vn -0.010085 -0.094293 0.031735
vn -0.010085 -0.094294 0.031733
vn -0.010172 -0.094295 0.031701
vn -0.010169 -0.094295 0.031702
vn -0.010163 -0.094295 0.031705
vn -0.010158 -0.094294 0.031708
vn -0.010150 -0.094294 0.031712
vn -0.010139 -0.094293 0.031718
vn -0.010128 -0.094293 0.031723
vn -0.010101 -0.094290 0.031738
vn -0.010084 -0.094290 0.031745
vn 0.040430 -0.091458 -0.000879
vn 0.010132 -0.094550 0.030945
vn 0.010123 -0.094462 0.031216
vn 0.010114 -0.094374 0.031485
vn 0.002431 -0.094807 0.031713
vn 0.002430 -0.094751 0.031881
vn -0.003037 -0.094742 0.031856
vn -0.003036 -0.094710 0.031951
vn -0.006371 -0.094580 0.031845
vn -0.006369 -0.094562 0.031896
vn -0.008222 -0.094453 0.031797
vn -0.008222 -0.094444 0.031824
vn -0.009200 -0.094377 0.031754
vn -0.009200 -0.094373 0.031768
vn -0.006419 -0.095297 0.029620
vn -0.003078 -0.096019 0.027766
vn 0.002485 -0.096897 0.024592
vn -0.003077 -0.095990 0.027865
vn 0.002484 -0.096852 0.024771
vn -0.003077 -0.095961 0.027965
vn 0.002483 -0.096806 0.024950
vn -0.003076 -0.095932 0.028064
vn 0.002481 -0.096760 0.025128
vn -0.003075 -0.095903 0.028163
vn 0.002480 -0.096713 0.025307
vn -0.003074 -0.095874 0.028262
vn 0.002479 -0.096666 0.025485
vn -0.003073 -0.095845 0.028360
vn 0.002478 -0.096619 0.025663
vn -0.003072 -0.095816 0.028459
vn 0.002477 -0.096572 0.025840
vn -0.003071 -0.095786 0.028558
vn 0.002475 -0.096524 0.026017
vn -0.003070 -0.095757 0.028656
vn 0.002474 -0.096477 0.026194
vn -0.003069 -0.095727 0.028755
vn 0.002473 -0.096428 0.026371
vn -0.003068 -0.095698 0.028853
vn 0.002472 -0.096380 0.026548
vn -0.003067 -0.095668 0.028951
vn 0.002470 -0.096331 0.026724
vn -0.003066 -0.095638 0.029050
vn 0.002469 -0.096282 0.026900
vn -0.003065 -0.095609 0.029148
vn 0.002468 -0.096233 0.027075
vn -0.003064 -0.095579 0.029246
vn 0.002467 -0.096184 0.027251
vn -0.003063 -0.095549 0.029344
vn 0.002465 -0.096134 0.027426
vn -0.003062 -0.095519 0.029441
vn 0.002464 -0.096084 0.027601
vn -0.003061 -0.095489 0.029539
vn 0.002463 -0.096034 0.027775
vn -0.003060 -0.095458 0.029637
vn 0.002461 -0.095983 0.027950
vn -0.003059 -0.095428 0.029734
vn 0.002460 -0.095932 0.028124
vn -0.003058 -0.095398 0.029832
vn 0.002459 -0.095881 0.028298
vn -0.003057 -0.095367 0.029929
vn 0.002458 -0.095830 0.028471
vn -0.003057 -0.095337 0.030026
vn 0.002456 -0.095778 0.028644
vn -0.003056 -0.095306 0.030123
vn 0.002455 -0.095726 0.028817
vn -0.003055 -0.095275 0.030220
vn 0.002454 -0.095674 0.028990
vn -0.003054 -0.095245 0.030317
vn 0.002452 -0.095622 0.029162
vn -0.003053 -0.095214 0.030414
vn 0.002451 -0.095569 0.029334
vn -0.003052 -0.095183 0.030511
vn 0.002450 -0.095516 0.029506
vn -0.003051 -0.095152 0.030608
vn 0.002448 -0.095463 0.029678
vn -0.003050 -0.095121 0.030704
vn 0.002447 -0.095410 0.029849
vn -0.003049 -0.095090 0.030801
vn 0.002445 -0.095356 0.030020
vn -0.003048 -0.095058 0.030897
vn 0.002444 -0.095303 0.030190
vn -0.003047 -0.095027 0.030994
vn 0.002443 -0.095248 0.030361
vn -0.003046 -0.094996 0.031090
vn 0.002441 -0.095194 0.030531
vn -0.003045 -0.094964 0.031186
vn 0.002440 -0.095140 0.030701
vn -0.003044 -0.094933 0.031282
vn 0.002438 -0.095085 0.030870
vn -0.003043 -0.094901 0.031378
vn 0.002437 -0.095030 0.031039
vn -0.003042 -0.094869 0.031474
vn 0.002436 -0.094974 0.031208
vn -0.003041 -0.094837 0.031569
vn 0.002434 -0.094919 0.031377
vn -0.003039 -0.094806 0.031665
vn 0.002433 -0.094863 0.031545
vn -0.003038 -0.094774 0.031761
vn -0.010160 -0.094314 0.031648
vn -0.010165 -0.094313 0.031651
vn -0.010173 -0.094310 0.031656
vn -0.010179 -0.094308 0.031660
vn -0.010171 -0.094311 0.031654
vn -0.010173 -0.094310 0.031656
vn -0.010179 -0.094308 0.031660
vn -0.010179 -0.094309 0.031658
vn -0.010179 -0.094308 0.031659
vn -0.008256 -0.094837 0.030622
vn -0.008255 -0.094829 0.030649
vn -0.006418 -0.095281 0.029672
vn -0.008254 -0.094820 0.030676
vn -0.006417 -0.095264 0.029724
vn -0.008254 -0.094811 0.030703
vn -0.006416 -0.095248 0.029777
vn -0.008253 -0.094803 0.030730
vn -0.006414 -0.095232 0.029829
vn -0.008252 -0.094794 0.030757
vn -0.006413 -0.095215 0.029881
vn -0.008251 -0.094786 0.030783
vn -0.006412 -0.095199 0.029933
vn -0.008250 -0.094777 0.030810
vn -0.006411 -0.095183 0.029986
vn -0.008250 -0.094768 0.030837
vn -0.006410 -0.095166 0.030038
vn -0.008249 -0.094760 0.030864
vn -0.006409 -0.095150 0.030090
vn -0.008248 -0.094751 0.030891
vn -0.006408 -0.095134 0.030142
vn -0.008247 -0.094742 0.030917
vn -0.006407 -0.095117 0.030194
vn -0.008247 -0.094734 0.030944
vn -0.006406 -0.095101 0.030246
vn -0.008246 -0.094725 0.030971
vn -0.006405 -0.095084 0.030298
vn -0.008245 -0.094716 0.030998
vn -0.006403 -0.095068 0.030350
vn -0.008244 -0.094707 0.031025
vn -0.006402 -0.095051 0.030402
vn -0.008244 -0.094699 0.031051
vn -0.006401 -0.095035 0.030454
vn -0.008243 -0.094690 0.031078
vn -0.006400 -0.095018 0.030506
vn -0.008242 -0.094681 0.031105
vn -0.006399 -0.095002 0.030558
vn -0.008241 -0.094673 0.031132
vn -0.006398 -0.094985 0.030609
vn -0.008241 -0.094664 0.031158
vn -0.006397 -0.094968 0.030661
vn -0.008240 -0.094655 0.031185
vn -0.006396 -0.094952 0.030713
vn -0.008239 -0.094646 0.031212
vn -0.006394 -0.094935 0.030765
vn -0.008238 -0.094638 0.031238
vn -0.006393 -0.094918 0.030816
vn -0.008238 -0.094629 0.031265
vn -0.006392 -0.094902 0.030868
vn -0.008237 -0.094620 0.031292
vn -0.006391 -0.094885 0.030920
vn -0.008236 -0.094611 0.031318
vn -0.006390 -0.094868 0.030971
vn -0.008235 -0.094603 0.031345
vn -0.006389 -0.094851 0.031023
vn -0.008235 -0.094594 0.031372
vn -0.006388 -0.094834 0.031075
vn -0.008234 -0.094585 0.031398
vn -0.006387 -0.094818 0.031126
vn -0.008233 -0.094576 0.031425
vn -0.006385 -0.094801 0.031178
vn -0.008232 -0.094568 0.031452
vn -0.006384 -0.094784 0.031229
vn -0.008232 -0.094559 0.031478
vn -0.006383 -0.094767 0.031281
vn -0.008231 -0.094550 0.031505
vn -0.006382 -0.094750 0.031332
vn -0.008230 -0.094541 0.031532
vn -0.006381 -0.094733 0.031384
vn -0.008229 -0.094532 0.031558
vn -0.006380 -0.094716 0.031435
vn -0.008228 -0.094523 0.031585
vn -0.006379 -0.094699 0.031486
vn -0.008228 -0.094515 0.031611
vn -0.006377 -0.094682 0.031538
vn -0.008227 -0.094506 0.031638
vn -0.006376 -0.094665 0.031589
vn -0.008226 -0.094497 0.031665
vn -0.006375 -0.094648 0.031640
vn -0.008225 -0.094488 0.031691
vn -0.006374 -0.094631 0.031692
vn -0.008225 -0.094479 0.031718
vn -0.006373 -0.094614 0.031743
vn -0.008224 -0.094470 0.031744
vn -0.006372 -0.094597 0.031794
vn -0.008223 -0.094462 0.031771
vn 0.010443 -0.097450 0.019861
vn 0.010437 -0.097390 0.020157
vn 0.010430 -0.097329 0.020453
vn 0.010424 -0.097267 0.020748
vn 0.010417 -0.097204 0.021042
vn 0.010410 -0.097141 0.021336
vn 0.010403 -0.097077 0.021630
vn 0.010396 -0.097012 0.021922
vn 0.010389 -0.096946 0.022214
vn 0.010382 -0.096880 0.022506
vn 0.010375 -0.096813 0.022797
vn 0.010368 -0.096745 0.023087
vn 0.010360 -0.096676 0.023377
vn 0.010353 -0.096606 0.023666
vn 0.010345 -0.096536 0.023954
vn 0.010338 -0.096465 0.024242
vn 0.010330 -0.096393 0.024529
vn 0.010322 -0.096320 0.024816
vn 0.010314 -0.096247 0.025101
vn 0.010306 -0.096173 0.025387
vn 0.010298 -0.096099 0.025671
vn 0.010290 -0.096023 0.025955
vn 0.010282 -0.095947 0.026238
vn 0.010274 -0.095870 0.026521
vn 0.010266 -0.095793 0.026803
vn 0.010257 -0.095714 0.027084
vn 0.010249 -0.095636 0.027364
vn 0.010240 -0.095556 0.027644
vn 0.010232 -0.095476 0.027923
vn 0.010223 -0.095395 0.028202
vn 0.010214 -0.095313 0.028479
vn 0.010205 -0.095231 0.028756
vn 0.010197 -0.095148 0.029032
vn 0.010188 -0.095065 0.029308
vn 0.010179 -0.094980 0.029583
vn 0.010169 -0.094896 0.029857
vn 0.010160 -0.094810 0.030130
vn 0.010151 -0.094724 0.030403
vn 0.010142 -0.094637 0.030674
vn -0.009185 -0.094227 0.032200
vn -0.008196 -0.094148 0.032696
vn -0.006329 -0.093967 0.033619
vn -0.006330 -0.093984 0.033569
vn -0.003000 -0.093577 0.035134
vn -0.003001 -0.093611 0.035042
vn 0.002378 -0.092712 0.037400
vn 0.002379 -0.092776 0.037243
vn 0.009758 -0.091052 0.040179
vn 0.009769 -0.091157 0.039937
vn 0.009780 -0.091262 0.039694
vn 0.009791 -0.091367 0.039450
vn 0.002382 -0.092902 0.036927
vn 0.002384 -0.092964 0.036769
vn -0.003004 -0.093714 0.034766
vn -0.003006 -0.093748 0.034674
vn -0.006335 -0.094056 0.033368
vn -0.006336 -0.094073 0.033317
vn -0.008200 -0.094193 0.032564
vn -0.008200 -0.094202 0.032538
vn -0.009188 -0.094250 0.032132
vn -0.009188 -0.094255 0.032119
vn 0.002374 -0.092586 0.037713
vn 0.009724 -0.090734 0.040900
vn 0.009735 -0.090840 0.040661
vn 0.002376 -0.092649 0.037557
vn -0.002999 -0.093542 0.035226
vn -0.010172 -0.094295 0.031700
vn -0.010163 -0.094295 0.031704
vn -0.010150 -0.094294 0.031711
vn -0.010128 -0.094293 0.031722
vn -0.010084 -0.094290 0.031743
vn -0.010178 -0.094296 0.031696
vn -0.010178 -0.094296 0.031696
vn -0.010172 -0.094296 0.031698
vn -0.010172 -0.094296 0.031697
vn -0.010163 -0.094296 0.031701
vn -0.010163 -0.094296 0.031700
vn -0.010150 -0.094296 0.031706
vn -0.010150 -0.094296 0.031705
vn -0.010128 -0.094296 0.031714
vn -0.010128 -0.094296 0.031713
vn -0.010085 -0.094295 0.031730
vn -0.010085 -0.094295 0.031728
vn -0.010172 -0.094296 0.031698
vn -0.010178 -0.094297 0.031694
vn -0.010178 -0.094297 0.031693
vn -0.010178 -0.094297 0.031693
vn -0.010172 -0.094297 0.031695
vn -0.010172 -0.094297 0.031694
vn -0.010163 -0.094297 0.031698
vn -0.010163 -0.094297 0.031697
vn -0.010150 -0.094297 0.031701
vn -0.010150 -0.094298 0.031701
vn -0.010129 -0.094297 0.031708
vn -0.010129 -0.094298 0.031707
vn -0.010085 -0.094298 0.031721
vn -0.010085 -0.094298 0.031719
vn -0.010172 -0.094297 0.031696
vn -0.010178 -0.094297 0.031692
vn -0.010178 -0.094298 0.031692
vn -0.010178 -0.094298 0.031691
vn -0.010172 -0.094298 0.031693
vn -0.010172 -0.094298 0.031693
vn -0.010163 -0.094298 0.031696
vn -0.010163 -0.094298 0.031695
vn -0.010150 -0.094298 0.031699
vn -0.010150 -0.094298 0.031698
vn -0.010129 -0.094299 0.031705
vn -0.010129 -0.094299 0.031703
vn -0.010085 -0.094299 0.031716
vn -0.010085 -0.094300 0.031714
vn -0.010172 -0.094298 0.031694
vn -0.010178 -0.094298 0.031691
vn -0.010178 -0.094298 0.031690
vn -0.010172 -0.094298 0.031692
vn -0.010172 -0.094299 0.031691
vn -0.010163 -0.094299 0.031693
vn -0.010163 -0.094299 0.031693
vn -0.010150 -0.094299 0.031696
vn -0.010150 -0.094299 0.031695
vn -0.010129 -0.094300 0.031701
vn -0.010129 -0.094300 0.031700
vn -0.010086 -0.094301 0.031711
vn -0.010086 -0.094302 0.031709
vn -0.010172 -0.094298 0.031692
vn -0.010178 -0.094299 0.031688
vn -0.010178 -0.094299 0.031688
vn -0.010178 -0.094299 0.031687
vn -0.010172 -0.094299 0.031689
vn -0.010172 -0.094299 0.031688
vn -0.010163 -0.094300 0.031690
vn -0.010163 -0.094300 0.031689
vn -0.010151 -0.094300 0.031692
vn -0.010151 -0.094301 0.031691
vn -0.010129 -0.094302 0.031695
vn -0.010129 -0.094302 0.031694
vn -0.010086 -0.094304 0.031702
vn -0.010086 -0.094305 0.031700
vn -0.010172 -0.094299 0.031689
vn -0.010178 -0.094299 0.031687
vn -0.010178 -0.094299 0.031686
vn -0.010178 -0.094300 0.031686
vn -0.010172 -0.094300 0.031687
vn -0.010172 -0.094300 0.031686
vn -0.010164 -0.094300 0.031688
vn -0.010164 -0.094301 0.031687
vn -0.010151 -0.094301 0.031689
vn -0.010151 -0.094302 0.031689
vn -0.010129 -0.094303 0.031692
vn -0.010129 -0.094303 0.031691
vn -0.010086 -0.094306 0.031697
vn -0.010086 -0.094306 0.031695
vn -0.010172 -0.094300 0.031688
vn -0.010178 -0.094300 0.031685
vn -0.010178 -0.094300 0.031685
vn -0.010178 -0.094300 0.031684
vn -0.010172 -0.094300 0.031685
vn -0.010172 -0.094301 0.031685
vn -0.010164 -0.094301 0.031686
vn -0.010164 -0.094301 0.031685
vn -0.010151 -0.094302 0.031687
vn -0.010151 -0.094302 0.031686
vn -0.010129 -0.094304 0.031688
vn -0.010129 -0.094304 0.031687
vn -0.010086 -0.094307 0.031692
vn -0.010086 -0.094308 0.031690
vn -0.010172 -0.094300 0.031686
vn -0.010172 -0.094301 0.031684
vn -0.010178 -0.094301 0.031682
vn -0.010178 -0.094301 0.031682
vn -0.010178 -0.094301 0.031681
vn -0.010172 -0.094302 0.031682
vn -0.010172 -0.094302 0.031681
vn -0.010164 -0.094303 0.031682
vn -0.010164 -0.094303 0.031681
vn -0.010151 -0.094304 0.031682
vn -0.010151 -0.094304 0.031681
vn -0.010129 -0.094306 0.031682
vn -0.010130 -0.094307 0.031680
vn -0.010087 -0.094311 0.031681
vn -0.010087 -0.094311 0.031680
vn -0.010172 -0.094301 0.031682
vn -0.010179 -0.094301 0.031681
vn -0.010179 -0.094301 0.031680
vn -0.010179 -0.094302 0.031680
vn -0.010172 -0.094302 0.031680
vn -0.010172 -0.094302 0.031679
vn -0.010164 -0.094303 0.031680
vn -0.010164 -0.094303 0.031679
vn -0.010151 -0.094305 0.031679
vn -0.010151 -0.094305 0.031678
vn -0.010130 -0.094307 0.031678
vn -0.010130 -0.094308 0.031677
vn -0.010087 -0.094313 0.031676
vn -0.010087 -0.094313 0.031675
vn -0.010172 -0.094302 0.031681
vn -0.010179 -0.094302 0.031679
vn -0.010179 -0.094302 0.031679
vn -0.010172 -0.094303 0.031678
vn -0.010172 -0.094303 0.031678
vn -0.010164 -0.094304 0.031678
vn -0.010164 -0.094304 0.031677
vn -0.010151 -0.094306 0.031677
vn -0.010151 -0.094306 0.031676
vn -0.010130 -0.094309 0.031675
vn -0.010130 -0.094309 0.031674
vn -0.010087 -0.094314 0.031671
vn -0.010087 -0.094315 0.031669
vn -0.010172 -0.094303 0.031679
vn -0.010179 -0.094303 0.031677
vn -0.010179 -0.094303 0.031676
vn -0.010179 -0.094303 0.031676
vn -0.010173 -0.094304 0.031675
vn -0.010173 -0.094304 0.031675
vn -0.010164 -0.094305 0.031674
vn -0.010164 -0.094305 0.031673
vn -0.010151 -0.094307 0.031672
vn -0.010151 -0.094307 0.031671
vn -0.010130 -0.094310 0.031669
vn -0.010130 -0.094311 0.031668
vn -0.010087 -0.094317 0.031662
vn -0.010087 -0.094318 0.031661
vn -0.010173 -0.094303 0.031676
vn -0.010179 -0.094303 0.031675
vn -0.010179 -0.094303 0.031675
vn -0.010179 -0.094303 0.031674
vn -0.010173 -0.094304 0.031674
vn -0.010173 -0.094304 0.031673
vn -0.010164 -0.094306 0.031672
vn -0.010164 -0.094306 0.031671
vn -0.010151 -0.094308 0.031670
vn -0.010151 -0.094308 0.031669
vn -0.010130 -0.094312 0.031666
vn -0.010130 -0.094312 0.031664
vn -0.010088 -0.094319 0.031657
vn -0.010088 -0.094319 0.031656
vn -0.010173 -0.094304 0.031674
vn -0.010179 -0.094304 0.031674
vn -0.010179 -0.094304 0.031673
vn -0.010173 -0.094305 0.031672
vn -0.010173 -0.094305 0.031671
vn -0.010164 -0.094306 0.031670
vn -0.010164 -0.094307 0.031669
vn -0.010151 -0.094309 0.031667
vn -0.010151 -0.094309 0.031666
vn -0.010130 -0.094313 0.031662
vn -0.010130 -0.094313 0.031661
vn -0.010088 -0.094321 0.031652
vn -0.010088 -0.094321 0.031650
vn -0.010173 -0.094305 0.031673
vn -0.010179 -0.094304 0.031671
vn -0.010179 -0.094305 0.031671
vn -0.010179 -0.094305 0.031670
vn -0.010173 -0.094306 0.031669
vn -0.010173 -0.094306 0.031669
vn -0.010164 -0.094308 0.031667
vn -0.010164 -0.094308 0.031666
vn -0.010152 -0.094310 0.031663
vn -0.010152 -0.094311 0.031662
vn -0.010130 -0.094315 0.031656
vn -0.010130 -0.094315 0.031655
vn -0.010088 -0.094323 0.031644
vn -0.010088 -0.094324 0.031642
vn -0.010173 -0.094306 0.031670
vn -0.010179 -0.094305 0.031670
vn -0.010179 -0.094305 0.031669
vn -0.010179 -0.094305 0.031669
vn -0.010173 -0.094306 0.031667
vn -0.010173 -0.094307 0.031667
vn -0.010164 -0.094308 0.031665
vn -0.010164 -0.094308 0.031664
vn -0.010152 -0.094311 0.031660
vn -0.010152 -0.094311 0.031659
vn -0.010130 -0.094316 0.031653
vn -0.010131 -0.094316 0.031652
vn -0.010088 -0.094325 0.031638
vn -0.010088 -0.094326 0.031637
vn -0.010173 -0.094306 0.031668
vn -0.010179 -0.094305 0.031668
vn -0.010179 -0.094305 0.031668
vn -0.010179 -0.094306 0.031668
vn -0.010173 -0.094307 0.031666
vn -0.010173 -0.094307 0.031665
vn -0.010164 -0.094309 0.031662
vn -0.010164 -0.094309 0.031662
vn -0.010152 -0.094312 0.031658
vn -0.010152 -0.094312 0.031657
vn -0.010131 -0.094317 0.031649
vn -0.010131 -0.094317 0.031648
vn -0.010088 -0.094327 0.031633
vn -0.010088 -0.094327 0.031632
vn -0.010173 -0.094307 0.031666
vn -0.010173 -0.094307 0.031665
vn -0.010179 -0.094306 0.031666
vn -0.010179 -0.094306 0.031665
vn -0.010179 -0.094307 0.031665
vn -0.010173 -0.094308 0.031662
vn -0.010173 -0.094308 0.031662
vn -0.010165 -0.094310 0.031658
vn -0.010165 -0.094311 0.031658
vn -0.010152 -0.094314 0.031652
vn -0.010152 -0.094314 0.031652
vn -0.010131 -0.094319 0.031643
vn -0.010131 -0.094320 0.031641
vn -0.010089 -0.094330 0.031623
vn -0.010089 -0.094331 0.031621
vn -0.010173 -0.094308 0.031663
vn -0.010179 -0.094307 0.031664
vn -0.010179 -0.094307 0.031664
vn -0.010179 -0.094307 0.031663
vn -0.010173 -0.094309 0.031661
vn -0.010173 -0.094309 0.031660
vn -0.010165 -0.094311 0.031656
vn -0.010165 -0.094311 0.031656
vn -0.010152 -0.094315 0.031650
vn -0.010152 -0.094315 0.031649
vn -0.010131 -0.094320 0.031639
vn -0.010131 -0.094321 0.031638
vn -0.010089 -0.094332 0.031618
vn -0.010089 -0.094333 0.031616
vn -0.010173 -0.094308 0.031661
vn -0.010179 -0.094307 0.031663
vn -0.010179 -0.094307 0.031662
vn -0.010173 -0.094309 0.031659
vn -0.010173 -0.094309 0.031658
vn -0.010165 -0.094312 0.031654
vn -0.010165 -0.094312 0.031653
vn -0.010152 -0.094315 0.031647
vn -0.010152 -0.094316 0.031646
vn -0.010131 -0.094321 0.031636
vn -0.010131 -0.094322 0.031635
vn -0.010089 -0.094334 0.031613
vn -0.010173 -0.094309 0.031659
vn -0.010163 -0.094295 0.031704
vn -0.010150 -0.094295 0.031709
vn -0.010128 -0.094294 0.031718
vn -0.010085 -0.094293 0.031736
vn -0.010163 -0.094296 0.031702
vn -0.010163 -0.094297 0.031698
vn -0.010163 -0.094298 0.031696
vn -0.010163 -0.094298 0.031694
vn -0.010163 -0.094300 0.031691
vn -0.010164 -0.094300 0.031689
vn -0.010164 -0.094301 0.031687
vn -0.010164 -0.094302 0.031684
vn -0.010164 -0.094302 0.031682
vn -0.010164 -0.094303 0.031680
vn -0.010164 -0.094304 0.031678
vn -0.010164 -0.094305 0.031675
vn -0.010164 -0.094305 0.031673
vn -0.010164 -0.094306 0.031671
vn -0.010164 -0.094307 0.031667
vn -0.010164 -0.094308 0.031665
vn -0.010164 -0.094309 0.031663
vn -0.010165 -0.094309 0.031661
vn -0.010165 -0.094310 0.031659
vn -0.010165 -0.094311 0.031657
vn -0.010165 -0.094311 0.031655
vn -0.010150 -0.094294 0.031710
vn -0.010128 -0.094293 0.031721
vn -0.010085 -0.094291 0.031742
vn -0.010150 -0.094296 0.031707
vn -0.010150 -0.094297 0.031702
vn -0.010150 -0.094298 0.031700
vn -0.010150 -0.094299 0.031697
vn -0.010150 -0.094300 0.031693
vn -0.010151 -0.094301 0.031690
vn -0.010151 -0.094302 0.031688
vn -0.010151 -0.094303 0.031685
vn -0.010151 -0.094304 0.031683
vn -0.010151 -0.094304 0.031680
vn -0.010151 -0.094305 0.031677
vn -0.010151 -0.094307 0.031673
vn -0.010151 -0.094308 0.031670
vn -0.010151 -0.094309 0.031668
vn -0.010152 -0.094310 0.031664
vn -0.010152 -0.094311 0.031661
vn -0.010152 -0.094312 0.031658
vn -0.010152 -0.094313 0.031656
vn -0.010152 -0.094313 0.031653
vn -0.010152 -0.094314 0.031651
vn -0.010152 -0.094315 0.031648
vn -0.010128 -0.094294 0.031719
vn -0.010085 -0.094292 0.031738
vn -0.010128 -0.094295 0.031715
vn -0.010128 -0.094297 0.031709
vn -0.010129 -0.094298 0.031706
vn -0.010129 -0.094299 0.031702
vn -0.010129 -0.094301 0.031697
vn -0.010129 -0.094302 0.031693
vn -0.010129 -0.094304 0.031690
vn -0.010129 -0.094305 0.031686
vn -0.010129 -0.094306 0.031683
vn -0.010130 -0.094307 0.031679
vn -0.010130 -0.094308 0.031676
vn -0.010130 -0.094310 0.031670
vn -0.010130 -0.094311 0.031667
vn -0.010130 -0.094312 0.031663
vn -0.010130 -0.094314 0.031657
vn -0.010130 -0.094315 0.031654
vn -0.010131 -0.094317 0.031651
vn -0.010131 -0.094318 0.031647
vn -0.010131 -0.094319 0.031644
vn -0.010131 -0.094320 0.031640
vn -0.010131 -0.094321 0.031637
vn -0.010085 -0.094291 0.031740
vn -0.010085 -0.094294 0.031731
vn -0.010085 -0.094297 0.031723
vn -0.010085 -0.094299 0.031718
vn -0.010086 -0.094301 0.031712
vn -0.010086 -0.094303 0.031704
vn -0.010086 -0.094305 0.031699
vn -0.010086 -0.094307 0.031693
vn -0.010086 -0.094309 0.031688
vn -0.010087 -0.094310 0.031683
vn -0.010087 -0.094312 0.031678
vn -0.010087 -0.094314 0.031673
vn -0.010087 -0.094317 0.031664
vn -0.010087 -0.094318 0.031659
vn -0.010088 -0.094320 0.031654
vn -0.010088 -0.094323 0.031645
vn -0.010088 -0.094325 0.031640
vn -0.010088 -0.094326 0.031635
vn -0.010088 -0.094328 0.031630
vn -0.010089 -0.094330 0.031625
vn -0.010089 -0.094331 0.031619
vn -0.010089 -0.094333 0.031614
vn -0.009220 -0.094578 0.031144
vn -0.009219 -0.094574 0.031157
vn -0.009219 -0.094570 0.031171
vn -0.009218 -0.094565 0.031184
vn -0.009218 -0.094561 0.031198
vn -0.009217 -0.094556 0.031212
vn -0.009217 -0.094552 0.031225
vn -0.009217 -0.094547 0.031239
vn -0.009216 -0.094543 0.031252
vn -0.009216 -0.094538 0.031266
vn -0.009215 -0.094534 0.031280
vn -0.009215 -0.094529 0.031293
vn -0.009214 -0.094525 0.031307
vn -0.009214 -0.094521 0.031320
vn -0.009214 -0.094516 0.031334
vn -0.009213 -0.094512 0.031348
vn -0.009213 -0.094507 0.031361
vn -0.009212 -0.094503 0.031375
vn -0.009212 -0.094498 0.031388
vn -0.009211 -0.094494 0.031402
vn -0.009211 -0.094489 0.031415
vn -0.009211 -0.094485 0.031429
vn -0.009210 -0.094480 0.031443
vn -0.009210 -0.094476 0.031456
vn -0.009209 -0.094471 0.031470
vn -0.009209 -0.094467 0.031483
vn -0.009208 -0.094462 0.031497
vn -0.009208 -0.094458 0.031510
vn -0.009207 -0.094453 0.031524
vn -0.009207 -0.094449 0.031538
vn -0.009207 -0.094445 0.031551
vn -0.009206 -0.094440 0.031565
vn -0.009206 -0.094436 0.031578
vn -0.009205 -0.094431 0.031592
vn -0.009205 -0.094427 0.031605
vn -0.009204 -0.094422 0.031619
vn -0.009204 -0.094418 0.031632
vn -0.009204 -0.094413 0.031646
vn -0.009203 -0.094409 0.031659
vn -0.009203 -0.094404 0.031673
vn -0.009202 -0.094400 0.031687
vn -0.009202 -0.094395 0.031700
vn -0.009201 -0.094391 0.031714
vn -0.009201 -0.094386 0.031727
vn -0.009200 -0.094382 0.031741
vn 0.010104 -0.094285 0.031754
vn 0.010094 -0.094195 0.032022
vn 0.010085 -0.094105 0.032289
vn 0.002427 -0.094638 0.032215
vn 0.002426 -0.094581 0.032382
vn -0.003034 -0.094645 0.032142
vn -0.003033 -0.094613 0.032237
vn -0.006367 -0.094528 0.031999
vn -0.006366 -0.094511 0.032050
vn -0.008220 -0.094426 0.031877
vn -0.008219 -0.094417 0.031904
vn -0.009199 -0.094364 0.031795
vn -0.009198 -0.094359 0.031808
vn 0.002428 -0.094694 0.032048
vn 0.010075 -0.094014 0.032556
vn 0.010065 -0.093922 0.032822
vn 0.010055 -0.093831 0.033087
vn 0.002423 -0.094466 0.032715
vn 0.002421 -0.094409 0.032881
vn -0.003031 -0.094548 0.032427
vn -0.003030 -0.094515 0.032521
vn -0.006364 -0.094476 0.032152
vn -0.006362 -0.094459 0.032203
vn -0.008218 -0.094399 0.031957
vn -0.008217 -0.094391 0.031983
vn -0.009197 -0.094350 0.031835
vn -0.009197 -0.094345 0.031849
vn 0.002424 -0.094524 0.032548
vn 0.010045 -0.093738 0.033351
vn 0.010035 -0.093645 0.033614
vn 0.010025 -0.093551 0.033877
vn 0.002418 -0.094293 0.033211
vn 0.002417 -0.094235 0.033376
vn -0.003028 -0.094450 0.032711
vn -0.003027 -0.094418 0.032805
vn -0.006360 -0.094424 0.032305
vn -0.006359 -0.094407 0.032356
vn -0.008215 -0.094373 0.032036
vn -0.008215 -0.094364 0.032063
vn -0.009196 -0.094336 0.031876
vn -0.009196 -0.094332 0.031889
vn 0.002420 -0.094351 0.033046
vn 0.010015 -0.093457 0.034139
vn 0.010005 -0.093363 0.034400
vn 0.009995 -0.093267 0.034660
vn 0.002414 -0.094118 0.033705
vn 0.002412 -0.094059 0.033870
vn -0.003025 -0.094352 0.032994
vn -0.003024 -0.094319 0.033088
vn -0.006357 -0.094372 0.032457
vn -0.006355 -0.094355 0.032508
vn -0.008213 -0.094346 0.032115
vn -0.008212 -0.094337 0.032142
vn -0.009195 -0.094323 0.031916
vn -0.009194 -0.094318 0.031930
vn 0.002415 -0.094176 0.033541
vn 0.009985 -0.093172 0.034919
vn 0.009974 -0.093075 0.035178
vn 0.009964 -0.092979 0.035436
vn 0.002409 -0.093940 0.034197
vn 0.002408 -0.093881 0.034360
vn -0.003022 -0.094253 0.033276
vn -0.003021 -0.094220 0.033370
vn -0.006353 -0.094320 0.032610
vn -0.006352 -0.094302 0.032660
vn -0.008211 -0.094319 0.032195
vn -0.008210 -0.094310 0.032221
vn -0.009193 -0.094309 0.031957
vn -0.009193 -0.094305 0.031970
vn 0.002411 -0.094000 0.034033
vn 0.009954 -0.092881 0.035693
vn 0.009943 -0.092784 0.035949
vn 0.009933 -0.092685 0.036204
vn 0.002405 -0.093761 0.034685
vn 0.002403 -0.093701 0.034847
vn -0.003019 -0.094153 0.033557
vn -0.003017 -0.094120 0.033651
vn -0.006350 -0.094267 0.032762
vn -0.006348 -0.094250 0.032812
vn -0.008208 -0.094292 0.032274
vn -0.008208 -0.094283 0.032300
vn -0.009192 -0.094296 0.031997
vn -0.009192 -0.094291 0.032011
vn 0.002406 -0.093821 0.034523
vn 0.009922 -0.092587 0.036459
vn 0.009911 -0.092488 0.036713
vn 0.009901 -0.092388 0.036966
vn 0.002400 -0.093580 0.035171
vn 0.002398 -0.093519 0.035332
vn -0.003015 -0.094053 0.033838
vn -0.003014 -0.094019 0.033931
vn -0.006346 -0.094215 0.032914
vn -0.006345 -0.094197 0.032964
vn -0.008206 -0.094265 0.032353
vn -0.008205 -0.094256 0.032380
vn -0.009191 -0.094282 0.032038
vn -0.009190 -0.094278 0.032051
vn 0.002401 -0.093641 0.035009
vn 0.009890 -0.092288 0.037218
vn 0.009879 -0.092187 0.037469
vn 0.009868 -0.092086 0.037720
vn 0.002395 -0.093397 0.035654
vn 0.002394 -0.093336 0.035814
vn -0.003012 -0.093952 0.034117
vn -0.003011 -0.093918 0.034210
vn -0.006342 -0.094162 0.033065
vn -0.006341 -0.094144 0.033116
vn -0.008204 -0.094238 0.032432
vn -0.008203 -0.094229 0.032459
vn -0.009189 -0.094268 0.032078
vn -0.009189 -0.094264 0.032092
vn 0.002397 -0.093459 0.035493
vn 0.009858 -0.091985 0.037969
vn 0.009847 -0.091883 0.038218
vn 0.009836 -0.091780 0.038466
vn 0.002390 -0.093213 0.036134
vn 0.002389 -0.093151 0.036293
vn -0.003009 -0.093850 0.034396
vn -0.003008 -0.093816 0.034489
vn -0.006339 -0.094109 0.033216
vn -0.006338 -0.094091 0.033267
vn -0.008201 -0.094211 0.032511
vn 0.002392 -0.093275 0.035974
vn 0.009825 -0.091677 0.038713
vn 0.009814 -0.091574 0.038960
vn 0.009802 -0.091471 0.039205
vn 0.002386 -0.093027 0.036611
vn 0.002387 -0.093089 0.036452
vn 0.002381 -0.092839 0.037085
vn -0.003003 -0.093680 0.034858
vn -0.006334 -0.094038 0.033418
vn -0.008199 -0.094184 0.032590
vn -0.009187 -0.094246 0.032146
vn 0.009746 -0.090946 0.040420
vn -0.009186 -0.094232 0.032186
vn -0.008197 -0.094157 0.032669
vn -0.009186 -0.094237 0.032173
vn -0.008197 -0.094166 0.032643
vn -0.006332 -0.094002 0.033518
vn -0.009187 -0.094241 0.032159
vn -0.008198 -0.094175 0.032617
vn -0.006333 -0.094020 0.033468
vn -0.003002 -0.093645 0.034950
vn -0.009189 -0.094259 0.032105
vn -0.009190 -0.094273 0.032065
vn -0.009191 -0.094287 0.032024
vn -0.009193 -0.094300 0.031984
vn -0.009194 -0.094314 0.031943
vn -0.009195 -0.094327 0.031903
vn -0.009197 -0.094341 0.031862
vn -0.009198 -0.094355 0.031822
vn -0.009199 -0.094368 0.031781
vn -0.008202 -0.094220 0.032485
vn -0.006340 -0.094127 0.033166
vn -0.003010 -0.093884 0.034303
vn -0.008204 -0.094247 0.032406
vn -0.008207 -0.094274 0.032327
vn -0.008209 -0.094301 0.032248
vn -0.008211 -0.094328 0.032168
vn -0.008214 -0.094355 0.032089
vn -0.008216 -0.094382 0.032010
vn -0.008218 -0.094408 0.031930
vn -0.008221 -0.094435 0.031851
vn -0.006344 -0.094180 0.033015
vn -0.006347 -0.094232 0.032863
vn -0.006351 -0.094285 0.032711
vn -0.006354 -0.094337 0.032559
vn -0.006358 -0.094390 0.032406
vn -0.006361 -0.094442 0.032254
vn -0.006365 -0.094494 0.032101
vn -0.006368 -0.094545 0.031948
vn -0.003007 -0.093782 0.034581
vn -0.003013 -0.093986 0.034024
vn -0.003016 -0.094086 0.033744
vn -0.003020 -0.094186 0.033464
vn -0.003023 -0.094286 0.033182
vn -0.003026 -0.094385 0.032899
vn -0.003029 -0.094483 0.032616
vn -0.003032 -0.094580 0.032332
vn -0.003035 -0.094677 0.032047
vn 0.086596 0.037404 0.033196
vn 0.086596 0.037409 0.033192
vn 0.086598 0.037405 0.033191
vn 0.086596 0.037409 0.033191
vn 0.086596 0.037409 0.033191
vn 0.086595 0.037415 0.033188
vn 0.086595 0.037415 0.033187
vn 0.086593 0.037424 0.033183
vn 0.086593 0.037424 0.033183
vn 0.086590 0.037437 0.033176
vn 0.086590 0.037437 0.033175
vn 0.086585 0.037458 0.033165
vn 0.086588 0.037448 0.033169
vn 0.086579 0.037485 0.033150
vn 0.086575 0.037501 0.033143
vn 0.086553 0.037597 0.033091
vn 0.086544 0.037629 0.033078
vn 0.086483 0.037882 0.032950
vn 0.086543 0.037628 0.033082
vn 0.086481 0.037881 0.032956
vn 0.086542 0.037628 0.033085
vn 0.086478 0.037880 0.032963
vn 0.086541 0.037627 0.033089
vn 0.086476 0.037879 0.032970
vn 0.086540 0.037627 0.033092
vn 0.086474 0.037878 0.032977
vn 0.086539 0.037626 0.033095
vn 0.086472 0.037877 0.032984
vn 0.086538 0.037626 0.033099
vn 0.086470 0.037876 0.032990
vn 0.086537 0.037625 0.033102
vn 0.086467 0.037876 0.032997
vn 0.086535 0.037625 0.033106
vn 0.086465 0.037875 0.033004
vn 0.086534 0.037624 0.033109
vn 0.086463 0.037874 0.033011
vn 0.086533 0.037624 0.033112
vn 0.086461 0.037873 0.033018
vn 0.086532 0.037623 0.033116
vn 0.086459 0.037872 0.033024
vn 0.086531 0.037623 0.033119
vn 0.086457 0.037871 0.033031
vn 0.086530 0.037622 0.033123
vn 0.086454 0.037870 0.033038
vn 0.086529 0.037622 0.033126
vn 0.086452 0.037869 0.033045
vn 0.086528 0.037622 0.033129
vn 0.086450 0.037868 0.033052
vn 0.086527 0.037621 0.033133
vn 0.086448 0.037867 0.033058
vn 0.086526 0.037621 0.033136
vn 0.086446 0.037866 0.033065
vn 0.086524 0.037620 0.033140
vn 0.086444 0.037865 0.033072
vn 0.086523 0.037620 0.033143
vn 0.086441 0.037864 0.033079
vn 0.086522 0.037619 0.033147
vn 0.086439 0.037863 0.033086
vn 0.086521 0.037619 0.033150
vn 0.086437 0.037862 0.033092
vn 0.086520 0.037618 0.033153
vn 0.086435 0.037861 0.033099
vn 0.086519 0.037618 0.033157
vn 0.086433 0.037860 0.033106
vn 0.086518 0.037617 0.033160
vn 0.086430 0.037859 0.033113
vn 0.086517 0.037617 0.033164
vn 0.086428 0.037858 0.033120
vn 0.086516 0.037616 0.033167
vn 0.086426 0.037857 0.033126
vn 0.086515 0.037616 0.033170
vn 0.086424 0.037856 0.033133
vn 0.086514 0.037615 0.033174
vn 0.086422 0.037855 0.033140
vn 0.086512 0.037615 0.033177
vn 0.086420 0.037855 0.033147
vn 0.086511 0.037614 0.033181
vn 0.086417 0.037854 0.033153
vn 0.086510 0.037614 0.033184
vn 0.086415 0.037853 0.033160
vn 0.086509 0.037613 0.033187
vn 0.086413 0.037852 0.033167
vn 0.086508 0.037613 0.033191
vn 0.086411 0.037851 0.033174
vn 0.086507 0.037612 0.033194
vn 0.086409 0.037850 0.033181
vn 0.086506 0.037612 0.033198
vn 0.086406 0.037849 0.033187
vn 0.086505 0.037611 0.033201
vn 0.086404 0.037848 0.033194
vn 0.086504 0.037611 0.033204
vn 0.086402 0.037847 0.033201
vn 0.086503 0.037611 0.033208
vn 0.086400 0.037846 0.033208
vn 0.086501 0.037610 0.033211
vn 0.086398 0.037845 0.033215
vn 0.086500 0.037610 0.033215
vn 0.086395 0.037844 0.033221
vn 0.086499 0.037609 0.033218
vn 0.086393 0.037843 0.033228
vn 0.086498 0.037609 0.033222
vn 0.086391 0.037842 0.033235
vn 0.086497 0.037608 0.033225
vn 0.086389 0.037841 0.033242
vn 0.086496 0.037608 0.033228
vn 0.086387 0.037840 0.033248
vn 0.086495 0.037607 0.033232
vn 0.086385 0.037839 0.033255
vn 0.086494 0.037607 0.033235
vn 0.086382 0.037838 0.033262
vn 0.086493 0.037606 0.033239
vn 0.086380 0.037837 0.033269
vn 0.086491 0.037606 0.033242
vn 0.086378 0.037836 0.033276
vn 0.086490 0.037605 0.033245
vn 0.086376 0.037835 0.033282
vn 0.086489 0.037605 0.033249
vn 0.086374 0.037834 0.033289
vn 0.086488 0.037604 0.033252
vn 0.086371 0.037833 0.033296
vn 0.086487 0.037604 0.033256
vn 0.086369 0.037832 0.033303
vn 0.086486 0.037603 0.033259
vn 0.086367 0.037832 0.033309
vn 0.086485 0.037603 0.033262
vn 0.086365 0.037831 0.033316
vn 0.086484 0.037602 0.033266
vn 0.086363 0.037830 0.033323
vn 0.086483 0.037602 0.033269
vn 0.086360 0.037829 0.033330
vn 0.086482 0.037601 0.033273
vn 0.086358 0.037828 0.033337
vn 0.086480 0.037601 0.033276
vn 0.086356 0.037827 0.033343
vn 0.086479 0.037600 0.033279
vn 0.086354 0.037826 0.033350
vn 0.086478 0.037600 0.033283
vn 0.086352 0.037825 0.033357
vn 0.086477 0.037600 0.033286
vn 0.086349 0.037824 0.033364
vn 0.086476 0.037599 0.033290
vn 0.086347 0.037823 0.033370
vn 0.086475 0.037599 0.033293
vn 0.086345 0.037822 0.033377
vn 0.086474 0.037598 0.033296
vn 0.086343 0.037821 0.033384
vn 0.086473 0.037598 0.033300
vn 0.086341 0.037820 0.033391
vn 0.086472 0.037597 0.033303
vn 0.086338 0.037819 0.033397
vn 0.086471 0.037597 0.033307
vn 0.086336 0.037818 0.033404
vn 0.086469 0.037596 0.033310
vn 0.086334 0.037817 0.033411
vn 0.086468 0.037596 0.033313
vn 0.086332 0.037816 0.033418
vn 0.086467 0.037595 0.033317
vn 0.086330 0.037815 0.033425
vn 0.086466 0.037595 0.033320
vn 0.086327 0.037814 0.033431
vn 0.086465 0.037594 0.033324
vn 0.086325 0.037813 0.033438
vn 0.086464 0.037594 0.033327
vn 0.086323 0.037812 0.033445
vn 0.086463 0.037593 0.033330
vn 0.086321 0.037811 0.033452
vn 0.086462 0.037593 0.033334
vn 0.086319 0.037810 0.033458
vn 0.086461 0.037592 0.033337
vn 0.086316 0.037809 0.033465
vn 0.086460 0.037592 0.033341
vn 0.086314 0.037808 0.033472
vn 0.086458 0.037591 0.033344
vn 0.086312 0.037807 0.033479
vn 0.086476 0.037564 0.033330
vn 0.050561 0.068775 0.052092
vn 0.086595 0.037404 0.033201
vn 0.086594 0.037408 0.033197
vn 0.086594 0.037408 0.033197
vn 0.086595 0.037408 0.033196
vn 0.086593 0.037414 0.033194
vn 0.086593 0.037415 0.033194
vn 0.086590 0.037423 0.033191
vn 0.086591 0.037423 0.033190
vn 0.086587 0.037436 0.033186
vn 0.086587 0.037436 0.033185
vn 0.086581 0.037457 0.033177
vn 0.086581 0.037457 0.033176
vn 0.086569 0.037499 0.033160
vn 0.086570 0.037499 0.033158
vn 0.086593 0.037403 0.033206
vn 0.086592 0.037408 0.033203
vn 0.086593 0.037408 0.033202
vn 0.086593 0.037408 0.033202
vn 0.086591 0.037413 0.033201
vn 0.086591 0.037414 0.033200
vn 0.086588 0.037422 0.033199
vn 0.086588 0.037422 0.033198
vn 0.086584 0.037434 0.033196
vn 0.086584 0.037434 0.033195
vn 0.086577 0.037455 0.033191
vn 0.086577 0.037455 0.033190
vn 0.086563 0.037496 0.033181
vn 0.086563 0.037496 0.033179
vn 0.086592 0.037402 0.033211
vn 0.086591 0.037407 0.033208
vn 0.086591 0.037407 0.033208
vn 0.086591 0.037407 0.033207
vn 0.086589 0.037413 0.033207
vn 0.086589 0.037413 0.033207
vn 0.086585 0.037421 0.033206
vn 0.086586 0.037421 0.033206
vn 0.086581 0.037433 0.033205
vn 0.086581 0.037433 0.033204
vn 0.086573 0.037453 0.033203
vn 0.086573 0.037453 0.033202
vn 0.086557 0.037493 0.033199
vn 0.086557 0.037493 0.033198
vn 0.086590 0.037401 0.033216
vn 0.086589 0.037406 0.033214
vn 0.086589 0.037406 0.033213
vn 0.086589 0.037406 0.033213
vn 0.086587 0.037412 0.033214
vn 0.086587 0.037412 0.033213
vn 0.086583 0.037420 0.033214
vn 0.086583 0.037420 0.033213
vn 0.086578 0.037431 0.033215
vn 0.086578 0.037432 0.033214
vn 0.086569 0.037451 0.033216
vn 0.086569 0.037451 0.033215
vn 0.086551 0.037490 0.033218
vn 0.086551 0.037491 0.033216
vn 0.086589 0.037401 0.033220
vn 0.086587 0.037405 0.033220
vn 0.086587 0.037405 0.033219
vn 0.086587 0.037405 0.033219
vn 0.086584 0.037411 0.033220
vn 0.086584 0.037411 0.033220
vn 0.086580 0.037418 0.033222
vn 0.086580 0.037419 0.033222
vn 0.086574 0.037430 0.033225
vn 0.086575 0.037430 0.033224
vn 0.086564 0.037449 0.033230
vn 0.086565 0.037449 0.033228
vn 0.086544 0.037488 0.033239
vn 0.086545 0.037488 0.033237
vn 0.086585 0.037404 0.033225
vn 0.086585 0.037405 0.033224
vn 0.086586 0.037405 0.033224
vn 0.086582 0.037410 0.033227
vn 0.086582 0.037410 0.033226
vn 0.086578 0.037417 0.033230
vn 0.086578 0.037418 0.033229
vn 0.086571 0.037429 0.033234
vn 0.086571 0.037429 0.033234
vn 0.086560 0.037447 0.033242
vn 0.086560 0.037448 0.033241
vn 0.086538 0.037485 0.033257
vn 0.086539 0.037485 0.033256
vn 0.086584 0.037405 0.033228
vn 0.086584 0.037404 0.033227
vn 0.086585 0.037404 0.033227
vn 0.086585 0.037404 0.033226
vn 0.086581 0.037409 0.033230
vn 0.086582 0.037410 0.033229
vn 0.086577 0.037417 0.033233
vn 0.086577 0.037417 0.033232
vn 0.086570 0.037428 0.033239
vn 0.086570 0.037428 0.033238
vn 0.086558 0.037447 0.033248
vn 0.086559 0.037447 0.033247
vn 0.086535 0.037484 0.033266
vn 0.086536 0.037484 0.033264
vn 0.086581 0.037409 0.033231
vn 0.086580 0.037411 0.033232
vn 0.086576 0.037417 0.033235
vn 0.086573 0.037421 0.033239
vn 0.086569 0.037428 0.033242
vn 0.086562 0.037437 0.033249
vn 0.086556 0.037446 0.033253
vn 0.086541 0.037468 0.033269
vn 0.086532 0.037482 0.033276
vn 0.059227 0.080563 0.001320
vn 0.076652 0.055217 0.032797
vn 0.076576 0.055162 0.033064
vn 0.076500 0.055107 0.033331
vn 0.080720 0.048637 0.033449
vn 0.080669 0.048606 0.033615
vn 0.083398 0.043843 0.033506
vn 0.083368 0.043827 0.033600
vn 0.084925 0.040860 0.033440
vn 0.084909 0.040852 0.033491
vn 0.085742 0.039185 0.033361
vn 0.085733 0.039181 0.033387
vn 0.086165 0.038296 0.033301
vn 0.086161 0.038294 0.033314
vn 0.085605 0.041187 0.031231
vn 0.084590 0.044469 0.029445
vn 0.082620 0.049782 0.026377
vn 0.084563 0.044455 0.029544
vn 0.082578 0.049756 0.026555
vn 0.084536 0.044441 0.029642
vn 0.082536 0.049731 0.026733
vn 0.084509 0.044427 0.029741
vn 0.082494 0.049705 0.026911
vn 0.084482 0.044412 0.029839
vn 0.082451 0.049680 0.027088
vn 0.084455 0.044398 0.029938
vn 0.082408 0.049654 0.027265
vn 0.084427 0.044384 0.030036
vn 0.082365 0.049628 0.027442
vn 0.084400 0.044369 0.030134
vn 0.082322 0.049602 0.027619
vn 0.084372 0.044355 0.030232
vn 0.082278 0.049576 0.027795
vn 0.084345 0.044340 0.030330
vn 0.082234 0.049549 0.027971
vn 0.084317 0.044326 0.030428
vn 0.082190 0.049523 0.028147
vn 0.084290 0.044311 0.030525
vn 0.082146 0.049496 0.028322
vn 0.084262 0.044297 0.030623
vn 0.082102 0.049469 0.028497
vn 0.084234 0.044282 0.030720
vn 0.082057 0.049442 0.028672
vn 0.084206 0.044267 0.030818
vn 0.082012 0.049415 0.028847
vn 0.084178 0.044253 0.030915
vn 0.081967 0.049388 0.029021
vn 0.084150 0.044238 0.031012
vn 0.081922 0.049361 0.029195
vn 0.084122 0.044223 0.031109
vn 0.081876 0.049333 0.029369
vn 0.084094 0.044208 0.031206
vn 0.081830 0.049306 0.029542
vn 0.084066 0.044194 0.031303
vn 0.081784 0.049278 0.029715
vn 0.084037 0.044179 0.031400
vn 0.081738 0.049250 0.029888
vn 0.084009 0.044164 0.031497
vn 0.081692 0.049222 0.030061
vn 0.083981 0.044149 0.031594
vn 0.081645 0.049194 0.030233
vn 0.083952 0.044134 0.031690
vn 0.081598 0.049166 0.030405
vn 0.083923 0.044119 0.031787
vn 0.081551 0.049137 0.030577
vn 0.083895 0.044104 0.031883
vn 0.081504 0.049109 0.030748
vn 0.083866 0.044089 0.031979
vn 0.081456 0.049080 0.030919
vn 0.083837 0.044074 0.032075
vn 0.081409 0.049052 0.031090
vn 0.083808 0.044058 0.032171
vn 0.081361 0.049023 0.031260
vn 0.083780 0.044043 0.032267
vn 0.081313 0.048994 0.031431
vn 0.083751 0.044028 0.032363
vn 0.081264 0.048965 0.031600
vn 0.083722 0.044013 0.032459
vn 0.081216 0.048935 0.031770
vn 0.083692 0.043997 0.032555
vn 0.081167 0.048906 0.031939
vn 0.083663 0.043982 0.032650
vn 0.081118 0.048877 0.032108
vn 0.083634 0.043967 0.032746
vn 0.081069 0.048847 0.032277
vn 0.083605 0.043951 0.032841
vn 0.081020 0.048817 0.032445
vn 0.083575 0.043936 0.032936
vn 0.080970 0.048787 0.032613
vn 0.083546 0.043920 0.033031
vn 0.080920 0.048758 0.032781
vn 0.083516 0.043905 0.033126
vn 0.080871 0.048727 0.032948
vn 0.083487 0.043889 0.033221
vn 0.080820 0.048697 0.033115
vn 0.083457 0.043874 0.033316
vn 0.080770 0.048667 0.033282
vn 0.083428 0.043858 0.033411
vn 0.086592 0.037429 0.033179
vn 0.086593 0.037424 0.033182
vn 0.086595 0.037415 0.033187
vn 0.086596 0.037409 0.033190
vn 0.086595 0.037418 0.033184
vn 0.086595 0.037416 0.033186
vn 0.086597 0.037409 0.033190
vn 0.086597 0.037410 0.033188
vn 0.086597 0.037409 0.033189
vn 0.086110 0.039353 0.032194
vn 0.086101 0.039349 0.032221
vn 0.085590 0.041180 0.031283
vn 0.086093 0.039345 0.032248
vn 0.085574 0.041172 0.031335
vn 0.086085 0.039342 0.032274
vn 0.085559 0.041165 0.031386
vn 0.086077 0.039338 0.032301
vn 0.085543 0.041158 0.031438
vn 0.086068 0.039334 0.032328
vn 0.085528 0.041150 0.031490
vn 0.086060 0.039330 0.032354
vn 0.085512 0.041143 0.031542
vn 0.086052 0.039326 0.032381
vn 0.085497 0.041135 0.031594
vn 0.086044 0.039323 0.032407
vn 0.085481 0.041128 0.031646
vn 0.086035 0.039319 0.032434
vn 0.085466 0.041120 0.031697
vn 0.086027 0.039315 0.032461
vn 0.085450 0.041113 0.031749
vn 0.086019 0.039311 0.032487
vn 0.085435 0.041105 0.031801
vn 0.086010 0.039308 0.032514
vn 0.085419 0.041098 0.031852
vn 0.086002 0.039304 0.032540
vn 0.085403 0.041090 0.031904
vn 0.085994 0.039300 0.032567
vn 0.085388 0.041083 0.031956
vn 0.085985 0.039296 0.032594
vn 0.085372 0.041075 0.032007
vn 0.085977 0.039292 0.032620
vn 0.085356 0.041067 0.032059
vn 0.085969 0.039288 0.032647
vn 0.085341 0.041060 0.032110
vn 0.085960 0.039285 0.032673
vn 0.085325 0.041052 0.032162
vn 0.085952 0.039281 0.032700
vn 0.085309 0.041045 0.032213
vn 0.085944 0.039277 0.032726
vn 0.085293 0.041037 0.032265
vn 0.085935 0.039273 0.032753
vn 0.085277 0.041030 0.032316
vn 0.085927 0.039269 0.032779
vn 0.085262 0.041022 0.032368
vn 0.085919 0.039266 0.032806
vn 0.085246 0.041014 0.032419
vn 0.085910 0.039262 0.032832
vn 0.085230 0.041007 0.032470
vn 0.085902 0.039258 0.032859
vn 0.085214 0.040999 0.032522
vn 0.085893 0.039254 0.032885
vn 0.085198 0.040991 0.032573
vn 0.085885 0.039250 0.032912
vn 0.085182 0.040984 0.032624
vn 0.085877 0.039246 0.032938
vn 0.085166 0.040976 0.032675
vn 0.085868 0.039243 0.032965
vn 0.085150 0.040968 0.032726
vn 0.085860 0.039239 0.032991
vn 0.085134 0.040961 0.032778
vn 0.085851 0.039235 0.033018
vn 0.085118 0.040953 0.032829
vn 0.085843 0.039231 0.033044
vn 0.085102 0.040945 0.032880
vn 0.085835 0.039227 0.033071
vn 0.085086 0.040938 0.032931
vn 0.085826 0.039223 0.033097
vn 0.085070 0.040930 0.032982
vn 0.085818 0.039219 0.033123
vn 0.085054 0.040922 0.033033
vn 0.085809 0.039216 0.033150
vn 0.085038 0.040914 0.033084
vn 0.085801 0.039212 0.033176
vn 0.085022 0.040907 0.033135
vn 0.085792 0.039208 0.033203
vn 0.085006 0.040899 0.033186
vn 0.085784 0.039204 0.033229
vn 0.084990 0.040891 0.033237
vn 0.085775 0.039200 0.033255
vn 0.084973 0.040883 0.033288
vn 0.085767 0.039196 0.033282
vn 0.084957 0.040876 0.033338
vn 0.085759 0.039192 0.033308
vn 0.084941 0.040868 0.033389
vn 0.085750 0.039189 0.033334
vn 0.079192 0.057046 0.021781
vn 0.079138 0.057008 0.022076
vn 0.079083 0.056968 0.022371
vn 0.079028 0.056929 0.022665
vn 0.078972 0.056889 0.022958
vn 0.078916 0.056848 0.023251
vn 0.078859 0.056807 0.023543
vn 0.078801 0.056765 0.023835
vn 0.078743 0.056723 0.024126
vn 0.078684 0.056681 0.024416
vn 0.078624 0.056638 0.024706
vn 0.078564 0.056595 0.024995
vn 0.078503 0.056551 0.025283
vn 0.078442 0.056507 0.025570
vn 0.078380 0.056462 0.025857
vn 0.078318 0.056417 0.026144
vn 0.078254 0.056371 0.026429
vn 0.078191 0.056326 0.026714
vn 0.078126 0.056279 0.026998
vn 0.078062 0.056232 0.027282
vn 0.077996 0.056185 0.027565
vn 0.077930 0.056138 0.027847
vn 0.077864 0.056090 0.028128
vn 0.077797 0.056042 0.028409
vn 0.077729 0.055993 0.028688
vn 0.077661 0.055944 0.028968
vn 0.077592 0.055894 0.029246
vn 0.077523 0.055844 0.029524
vn 0.077453 0.055794 0.029801
vn 0.077383 0.055743 0.030077
vn 0.077312 0.055692 0.030352
vn 0.077240 0.055641 0.030627
vn 0.077169 0.055589 0.030901
vn 0.077096 0.055537 0.031174
vn 0.077023 0.055485 0.031446
vn 0.076950 0.055432 0.031718
vn 0.076876 0.055379 0.031989
vn 0.076802 0.055325 0.032259
vn 0.076727 0.055271 0.032528
vn 0.086022 0.038232 0.033743
vn 0.085450 0.039052 0.034252
vn 0.084346 0.040581 0.035199
vn 0.084363 0.040589 0.035149
vn 0.082319 0.043275 0.036753
vn 0.082351 0.043292 0.036662
vn 0.078844 0.047506 0.039074
vn 0.078900 0.047540 0.038919
vn 0.073669 0.053068 0.041913
vn 0.073758 0.053132 0.041674
vn 0.073846 0.053196 0.041435
vn 0.073935 0.053260 0.041195
vn 0.079012 0.047608 0.038607
vn 0.079068 0.047642 0.038451
vn 0.082446 0.043342 0.036389
vn 0.082477 0.043359 0.036297
vn 0.084430 0.040622 0.034950
vn 0.084447 0.040630 0.034900
vn 0.085494 0.039071 0.034121
vn 0.085502 0.039075 0.034095
vn 0.086044 0.038242 0.033676
vn 0.086048 0.038244 0.033663
vn 0.078731 0.047438 0.039383
vn 0.073400 0.052875 0.042623
vn 0.073490 0.052939 0.042387
vn 0.078788 0.047472 0.039229
vn 0.082287 0.043259 0.036844
vn 0.086581 0.037409 0.033230
vn 0.086576 0.037417 0.033235
vn 0.086569 0.037428 0.033241
vn 0.086557 0.037446 0.033252
vn 0.086532 0.037483 0.033274
vn 0.086585 0.037404 0.033226
vn 0.086585 0.037404 0.033225
vn 0.086582 0.037410 0.033228
vn 0.086582 0.037410 0.033227
vn 0.086577 0.037417 0.033231
vn 0.086578 0.037417 0.033230
vn 0.086571 0.037428 0.033236
vn 0.086571 0.037429 0.033235
vn 0.086559 0.037447 0.033244
vn 0.086560 0.037447 0.033243
vn 0.086537 0.037485 0.033261
vn 0.086537 0.037485 0.033259
vn 0.086582 0.037410 0.033228
vn 0.086586 0.037405 0.033223
vn 0.086586 0.037405 0.033223
vn 0.086586 0.037405 0.033223
vn 0.086583 0.037410 0.033225
vn 0.086583 0.037410 0.033224
vn 0.086578 0.037418 0.033228
vn 0.086579 0.037418 0.033227
vn 0.086572 0.037429 0.033232
vn 0.086572 0.037429 0.033231
vn 0.086561 0.037448 0.033239
vn 0.086562 0.037448 0.033237
vn 0.086540 0.037486 0.033252
vn 0.086540 0.037486 0.033251
vn 0.086583 0.037410 0.033226
vn 0.086586 0.037405 0.033222
vn 0.086586 0.037405 0.033222
vn 0.086587 0.037405 0.033221
vn 0.086583 0.037410 0.033223
vn 0.086584 0.037410 0.033223
vn 0.086579 0.037418 0.033226
vn 0.086579 0.037418 0.033225
vn 0.086573 0.037429 0.033229
vn 0.086573 0.037430 0.033228
vn 0.086562 0.037448 0.033235
vn 0.086563 0.037449 0.033234
vn 0.086541 0.037486 0.033247
vn 0.086542 0.037487 0.033245
vn 0.086583 0.037410 0.033224
vn 0.086587 0.037405 0.033221
vn 0.086587 0.037405 0.033220
vn 0.086584 0.037411 0.033222
vn 0.086584 0.037411 0.033221
vn 0.086580 0.037418 0.033224
vn 0.086580 0.037418 0.033223
vn 0.086574 0.037430 0.033227
vn 0.086574 0.037430 0.033226
vn 0.086563 0.037449 0.033232
vn 0.086564 0.037449 0.033231
vn 0.086543 0.037487 0.033242
vn 0.086543 0.037487 0.033240
vn 0.086584 0.037411 0.033222
vn 0.086587 0.037405 0.033218
vn 0.086588 0.037405 0.033218
vn 0.086588 0.037406 0.033217
vn 0.086585 0.037411 0.033219
vn 0.086585 0.037411 0.033218
vn 0.086581 0.037419 0.033220
vn 0.086581 0.037419 0.033219
vn 0.086575 0.037430 0.033222
vn 0.086575 0.037430 0.033222
vn 0.086565 0.037450 0.033226
vn 0.086566 0.037450 0.033225
vn 0.086546 0.037488 0.033234
vn 0.086546 0.037489 0.033232
vn 0.086585 0.037411 0.033219
vn 0.086588 0.037406 0.033217
vn 0.086588 0.037406 0.033216
vn 0.086588 0.037406 0.033216
vn 0.086585 0.037411 0.033217
vn 0.086586 0.037411 0.033216
vn 0.086582 0.037419 0.033218
vn 0.086582 0.037419 0.033217
vn 0.086576 0.037431 0.033220
vn 0.086576 0.037431 0.033219
vn 0.086566 0.037450 0.033223
vn 0.086567 0.037450 0.033222
vn 0.086547 0.037489 0.033228
vn 0.086548 0.037489 0.033227
vn 0.086585 0.037411 0.033218
vn 0.086588 0.037406 0.033215
vn 0.086589 0.037406 0.033215
vn 0.086589 0.037406 0.033214
vn 0.086586 0.037411 0.033215
vn 0.086586 0.037412 0.033215
vn 0.086582 0.037419 0.033216
vn 0.086582 0.037419 0.033215
vn 0.086577 0.037431 0.033217
vn 0.086577 0.037431 0.033216
vn 0.086567 0.037451 0.033219
vn 0.086568 0.037451 0.033218
vn 0.086549 0.037490 0.033223
vn 0.086550 0.037490 0.033222
vn 0.086586 0.037411 0.033216
vn 0.086586 0.037412 0.033214
vn 0.086589 0.037406 0.033212
vn 0.086590 0.037406 0.033212
vn 0.086590 0.037406 0.033211
vn 0.086587 0.037412 0.033212
vn 0.086587 0.037412 0.033211
vn 0.086584 0.037420 0.033212
vn 0.086584 0.037420 0.033211
vn 0.086578 0.037432 0.033212
vn 0.086579 0.037432 0.033211
vn 0.086570 0.037452 0.033212
vn 0.086570 0.037452 0.033211
vn 0.086552 0.037491 0.033213
vn 0.086553 0.037491 0.033211
vn 0.086587 0.037412 0.033212
vn 0.086590 0.037406 0.033211
vn 0.086590 0.037406 0.033210
vn 0.086590 0.037407 0.033210
vn 0.086588 0.037412 0.033210
vn 0.086588 0.037412 0.033210
vn 0.086584 0.037420 0.033210
vn 0.086584 0.037420 0.033209
vn 0.086579 0.037432 0.033210
vn 0.086579 0.037432 0.033209
vn 0.086571 0.037452 0.033209
vn 0.086571 0.037452 0.033208
vn 0.086554 0.037492 0.033208
vn 0.086555 0.037492 0.033206
vn 0.086587 0.037412 0.033211
vn 0.086590 0.037407 0.033209
vn 0.086590 0.037407 0.033209
vn 0.086588 0.037412 0.033208
vn 0.086588 0.037413 0.033208
vn 0.086585 0.037420 0.033208
vn 0.086585 0.037421 0.033207
vn 0.086580 0.037433 0.033207
vn 0.086580 0.037433 0.033206
vn 0.086572 0.037453 0.033206
vn 0.086572 0.037453 0.033204
vn 0.086556 0.037493 0.033203
vn 0.086556 0.037493 0.033201
vn 0.086588 0.037412 0.033209
vn 0.086591 0.037407 0.033207
vn 0.086591 0.037407 0.033206
vn 0.086591 0.037407 0.033206
vn 0.086589 0.037413 0.033206
vn 0.086589 0.037413 0.033205
vn 0.086586 0.037421 0.033204
vn 0.086586 0.037421 0.033204
vn 0.086581 0.037433 0.033203
vn 0.086582 0.037433 0.033202
vn 0.086574 0.037453 0.033200
vn 0.086574 0.037454 0.033199
vn 0.086558 0.037494 0.033194
vn 0.086559 0.037494 0.033193
vn 0.086589 0.037413 0.033206
vn 0.086592 0.037407 0.033205
vn 0.086592 0.037407 0.033205
vn 0.086592 0.037407 0.033204
vn 0.086590 0.037413 0.033204
vn 0.086590 0.037413 0.033203
vn 0.086587 0.037421 0.033202
vn 0.086587 0.037421 0.033202
vn 0.086582 0.037433 0.033200
vn 0.086583 0.037434 0.033199
vn 0.086575 0.037454 0.033196
vn 0.086575 0.037454 0.033195
vn 0.086560 0.037495 0.033189
vn 0.086561 0.037495 0.033187
vn 0.086589 0.037413 0.033204
vn 0.086592 0.037407 0.033204
vn 0.086592 0.037407 0.033203
vn 0.086590 0.037413 0.033202
vn 0.086590 0.037413 0.033202
vn 0.086587 0.037422 0.033200
vn 0.086588 0.037422 0.033200
vn 0.086583 0.037434 0.033198
vn 0.086583 0.037434 0.033197
vn 0.086576 0.037454 0.033193
vn 0.086576 0.037454 0.033192
vn 0.086562 0.037495 0.033184
vn 0.086562 0.037496 0.033182
vn 0.086590 0.037413 0.033203
vn 0.086593 0.037408 0.033201
vn 0.086593 0.037408 0.033201
vn 0.086593 0.037408 0.033201
vn 0.086591 0.037414 0.033199
vn 0.086591 0.037414 0.033199
vn 0.086588 0.037422 0.033197
vn 0.086589 0.037422 0.033196
vn 0.086584 0.037434 0.033193
vn 0.086585 0.037435 0.033192
vn 0.086578 0.037455 0.033187
vn 0.086578 0.037455 0.033186
vn 0.086564 0.037496 0.033175
vn 0.086565 0.037497 0.033174
vn 0.086591 0.037414 0.033200
vn 0.086593 0.037408 0.033200
vn 0.086593 0.037408 0.033200
vn 0.086594 0.037408 0.033199
vn 0.086592 0.037414 0.033198
vn 0.086592 0.037414 0.033197
vn 0.086589 0.037422 0.033195
vn 0.086589 0.037422 0.033194
vn 0.086585 0.037435 0.033191
vn 0.086586 0.037435 0.033190
vn 0.086579 0.037456 0.033184
vn 0.086579 0.037456 0.033183
vn 0.086566 0.037497 0.033170
vn 0.086567 0.037497 0.033169
vn 0.086591 0.037414 0.033198
vn 0.086594 0.037408 0.033199
vn 0.086594 0.037408 0.033198
vn 0.086594 0.037408 0.033198
vn 0.086592 0.037414 0.033196
vn 0.086592 0.037414 0.033195
vn 0.086590 0.037423 0.033193
vn 0.086590 0.037423 0.033192
vn 0.086586 0.037435 0.033188
vn 0.086586 0.037435 0.033187
vn 0.086580 0.037456 0.033181
vn 0.086580 0.037456 0.033179
vn 0.086568 0.037498 0.033165
vn 0.086568 0.037498 0.033163
vn 0.086592 0.037414 0.033196
vn 0.086593 0.037414 0.033195
vn 0.086595 0.037409 0.033196
vn 0.086595 0.037409 0.033195
vn 0.086595 0.037409 0.033195
vn 0.086593 0.037415 0.033192
vn 0.086594 0.037415 0.033192
vn 0.086591 0.037423 0.033189
vn 0.086591 0.037423 0.033188
vn 0.086588 0.037436 0.033183
vn 0.086588 0.037436 0.033182
vn 0.086582 0.037457 0.033174
vn 0.086583 0.037457 0.033173
vn 0.086571 0.037499 0.033155
vn 0.086572 0.037500 0.033153
vn 0.086593 0.037415 0.033193
vn 0.086595 0.037409 0.033194
vn 0.086595 0.037409 0.033194
vn 0.086596 0.037409 0.033193
vn 0.086594 0.037415 0.033191
vn 0.086594 0.037415 0.033190
vn 0.086592 0.037423 0.033187
vn 0.086592 0.037424 0.033186
vn 0.086589 0.037436 0.033180
vn 0.086589 0.037436 0.033180
vn 0.086583 0.037458 0.033170
vn 0.086584 0.037458 0.033169
vn 0.086573 0.037500 0.033150
vn 0.086573 0.037500 0.033148
vn 0.086594 0.037415 0.033191
vn 0.086596 0.037409 0.033193
vn 0.086596 0.037409 0.033192
vn 0.086594 0.037415 0.033189
vn 0.086595 0.037415 0.033188
vn 0.086592 0.037424 0.033185
vn 0.086593 0.037424 0.033184
vn 0.086589 0.037437 0.033178
vn 0.086590 0.037437 0.033177
vn 0.086584 0.037458 0.033167
vn 0.086585 0.037458 0.033166
vn 0.086574 0.037501 0.033145
vn 0.086594 0.037415 0.033190
vn 0.086577 0.037417 0.033234
vn 0.086570 0.037428 0.033239
vn 0.086558 0.037447 0.033249
vn 0.086535 0.037484 0.033268
vn 0.086577 0.037417 0.033232
vn 0.086578 0.037418 0.033228
vn 0.086579 0.037418 0.033226
vn 0.086580 0.037418 0.033224
vn 0.086581 0.037419 0.033221
vn 0.086581 0.037419 0.033219
vn 0.086582 0.037419 0.033217
vn 0.086583 0.037420 0.033215
vn 0.086583 0.037420 0.033213
vn 0.086584 0.037420 0.033211
vn 0.086585 0.037420 0.033209
vn 0.086586 0.037421 0.033205
vn 0.086586 0.037421 0.033203
vn 0.086587 0.037421 0.033201
vn 0.086588 0.037422 0.033198
vn 0.086589 0.037422 0.033196
vn 0.086590 0.037422 0.033193
vn 0.086590 0.037423 0.033191
vn 0.086591 0.037423 0.033189
vn 0.086592 0.037423 0.033187
vn 0.086592 0.037424 0.033185
vn 0.086569 0.037428 0.033240
vn 0.086557 0.037446 0.033251
vn 0.086533 0.037483 0.033273
vn 0.086570 0.037428 0.033237
vn 0.086572 0.037429 0.033233
vn 0.086573 0.037429 0.033230
vn 0.086573 0.037430 0.033228
vn 0.086575 0.037430 0.033223
vn 0.086576 0.037431 0.033221
vn 0.086576 0.037431 0.033218
vn 0.086577 0.037431 0.033216
vn 0.086578 0.037432 0.033213
vn 0.086579 0.037432 0.033210
vn 0.086580 0.037432 0.033208
vn 0.086581 0.037433 0.033204
vn 0.086582 0.037433 0.033201
vn 0.086583 0.037434 0.033198
vn 0.086584 0.037434 0.033194
vn 0.086585 0.037435 0.033192
vn 0.086586 0.037435 0.033189
vn 0.086587 0.037435 0.033186
vn 0.086587 0.037436 0.033184
vn 0.086588 0.037436 0.033181
vn 0.086589 0.037436 0.033179
vn 0.086558 0.037446 0.033250
vn 0.086534 0.037483 0.033269
vn 0.086559 0.037447 0.033245
vn 0.086561 0.037448 0.033240
vn 0.086562 0.037448 0.033236
vn 0.086563 0.037449 0.033233
vn 0.086565 0.037450 0.033227
vn 0.086566 0.037450 0.033224
vn 0.086567 0.037451 0.033220
vn 0.086568 0.037451 0.033217
vn 0.086569 0.037451 0.033214
vn 0.086570 0.037452 0.033210
vn 0.086572 0.037452 0.033207
vn 0.086573 0.037453 0.033201
vn 0.086574 0.037454 0.033198
vn 0.086576 0.037454 0.033194
vn 0.086577 0.037455 0.033188
vn 0.086579 0.037455 0.033185
vn 0.086580 0.037456 0.033182
vn 0.086581 0.037456 0.033178
vn 0.086582 0.037457 0.033175
vn 0.086583 0.037457 0.033171
vn 0.086584 0.037458 0.033168
vn 0.086534 0.037483 0.033271
vn 0.086536 0.037484 0.033263
vn 0.086539 0.037485 0.033254
vn 0.086541 0.037486 0.033249
vn 0.086542 0.037487 0.033244
vn 0.086545 0.037488 0.033235
vn 0.086547 0.037489 0.033230
vn 0.086548 0.037490 0.033225
vn 0.086550 0.037490 0.033220
vn 0.086552 0.037491 0.033215
vn 0.086553 0.037492 0.033210
vn 0.086555 0.037492 0.033204
vn 0.086558 0.037494 0.033196
vn 0.086559 0.037494 0.033191
vn 0.086561 0.037495 0.033186
vn 0.086564 0.037496 0.033177
vn 0.086566 0.037497 0.033172
vn 0.086567 0.037498 0.033167
vn 0.086569 0.037498 0.033162
vn 0.086571 0.037499 0.033157
vn 0.086572 0.037500 0.033152
vn 0.086574 0.037501 0.033146
vn 0.086359 0.038382 0.032695
vn 0.086355 0.038380 0.032708
vn 0.086351 0.038378 0.032722
vn 0.086346 0.038376 0.032735
vn 0.086342 0.038374 0.032749
vn 0.086338 0.038372 0.032762
vn 0.086333 0.038371 0.032776
vn 0.086329 0.038369 0.032789
vn 0.086325 0.038367 0.032803
vn 0.086321 0.038365 0.032816
vn 0.086316 0.038363 0.032830
vn 0.086312 0.038361 0.032843
vn 0.086308 0.038359 0.032857
vn 0.086303 0.038357 0.032870
vn 0.086299 0.038355 0.032884
vn 0.086295 0.038353 0.032897
vn 0.086291 0.038351 0.032911
vn 0.086286 0.038350 0.032924
vn 0.086282 0.038348 0.032938
vn 0.086278 0.038346 0.032951
vn 0.086273 0.038344 0.032965
vn 0.086269 0.038342 0.032978
vn 0.086265 0.038340 0.032992
vn 0.086260 0.038338 0.033005
vn 0.086256 0.038336 0.033018
vn 0.086252 0.038334 0.033032
vn 0.086248 0.038332 0.033045
vn 0.086243 0.038330 0.033059
vn 0.086239 0.038329 0.033072
vn 0.086235 0.038327 0.033086
vn 0.086230 0.038325 0.033099
vn 0.086226 0.038323 0.033113
vn 0.086222 0.038321 0.033126
vn 0.086217 0.038319 0.033140
vn 0.086213 0.038317 0.033153
vn 0.086209 0.038315 0.033167
vn 0.086204 0.038313 0.033180
vn 0.086200 0.038311 0.033193
vn 0.086196 0.038309 0.033207
vn 0.086191 0.038307 0.033220
vn 0.086187 0.038305 0.033234
vn 0.086183 0.038304 0.033247
vn 0.086178 0.038302 0.033261
vn 0.086174 0.038300 0.033274
vn 0.086170 0.038298 0.033287
vn 0.076423 0.055052 0.033597
vn 0.076346 0.054997 0.033862
vn 0.076268 0.054941 0.034127
vn 0.080567 0.048545 0.033946
vn 0.080516 0.048514 0.034112
vn 0.083308 0.043795 0.033789
vn 0.083278 0.043780 0.033883
vn 0.084876 0.040836 0.033592
vn 0.084860 0.040829 0.033643
vn 0.085716 0.039173 0.033440
vn 0.085708 0.039169 0.033466
vn 0.086152 0.038290 0.033341
vn 0.086148 0.038288 0.033355
vn 0.080618 0.048575 0.033781
vn 0.076190 0.054885 0.034391
vn 0.076112 0.054828 0.034653
vn 0.076033 0.054771 0.034915
vn 0.080413 0.048452 0.034441
vn 0.080361 0.048421 0.034605
vn 0.083218 0.043748 0.034071
vn 0.083188 0.043732 0.034165
vn 0.084827 0.040813 0.033744
vn 0.084811 0.040805 0.033795
vn 0.085691 0.039161 0.033519
vn 0.085682 0.039158 0.033545
vn 0.086139 0.038284 0.033381
vn 0.086135 0.038282 0.033395
vn 0.080465 0.048483 0.034276
vn 0.075954 0.054714 0.035177
vn 0.075874 0.054657 0.035437
vn 0.075794 0.054599 0.035697
vn 0.080257 0.048358 0.034933
vn 0.080205 0.048326 0.035096
vn 0.083127 0.043700 0.034353
vn 0.083097 0.043684 0.034446
vn 0.084778 0.040789 0.033896
vn 0.084762 0.040781 0.033946
vn 0.085665 0.039150 0.033598
vn 0.085657 0.039146 0.033624
vn 0.086126 0.038279 0.033422
vn 0.086122 0.038277 0.033435
vn 0.080309 0.048389 0.034769
vn 0.075713 0.054541 0.035955
vn 0.075632 0.054483 0.036213
vn 0.075551 0.054424 0.036470
vn 0.080100 0.048263 0.035422
vn 0.080047 0.048231 0.035584
vn 0.083036 0.043652 0.034633
vn 0.083006 0.043636 0.034727
vn 0.084729 0.040766 0.034047
vn 0.084712 0.040758 0.034097
vn 0.085639 0.039138 0.033676
vn 0.085631 0.039134 0.033703
vn 0.086113 0.038273 0.033462
vn 0.086109 0.038271 0.033475
vn 0.080152 0.048295 0.035259
vn 0.075469 0.054365 0.036727
vn 0.075387 0.054306 0.036982
vn 0.075304 0.054246 0.037237
vn 0.079941 0.048167 0.035908
vn 0.079887 0.048135 0.036069
vn 0.082944 0.043604 0.034913
vn 0.082914 0.043588 0.035006
vn 0.084679 0.040742 0.034198
vn 0.084663 0.040734 0.034248
vn 0.085614 0.039126 0.033755
vn 0.085605 0.039122 0.033781
vn 0.086100 0.038267 0.033502
vn 0.086096 0.038265 0.033515
vn 0.079994 0.048199 0.035746
vn 0.075222 0.054187 0.037490
vn 0.075138 0.054127 0.037743
vn 0.075055 0.054066 0.037995
vn 0.079780 0.048071 0.036391
vn 0.079726 0.048038 0.036552
vn 0.082852 0.043556 0.035192
vn 0.082821 0.043539 0.035284
vn 0.084630 0.040718 0.034349
vn 0.084613 0.040710 0.034399
vn 0.085588 0.039115 0.033834
vn 0.085580 0.039111 0.033860
vn 0.086087 0.038261 0.033542
vn 0.086083 0.038259 0.033556
vn 0.079834 0.048103 0.036231
vn 0.074970 0.054006 0.038247
vn 0.074886 0.053945 0.038497
vn 0.074801 0.053884 0.038747
vn 0.079618 0.047973 0.036872
vn 0.079564 0.047940 0.037031
vn 0.082759 0.043507 0.035470
vn 0.082728 0.043490 0.035562
vn 0.084580 0.040694 0.034499
vn 0.084563 0.040686 0.034550
vn 0.085562 0.039103 0.033912
vn 0.085554 0.039099 0.033938
vn 0.086074 0.038255 0.033582
vn 0.086070 0.038253 0.033596
vn 0.079672 0.048006 0.036712
vn 0.074716 0.053823 0.038995
vn 0.074631 0.053761 0.039243
vn 0.074545 0.053699 0.039490
vn 0.079455 0.047875 0.037349
vn 0.079400 0.047842 0.037507
vn 0.082666 0.043458 0.035746
vn 0.082635 0.043441 0.035838
vn 0.084530 0.040670 0.034650
vn 0.084513 0.040662 0.034700
vn 0.085537 0.039091 0.033991
vn 0.085528 0.039087 0.034017
vn 0.086061 0.038249 0.033623
vn 0.086057 0.038248 0.033636
vn 0.079510 0.047907 0.037190
vn 0.074459 0.053637 0.039736
vn 0.074372 0.053575 0.039981
vn 0.074285 0.053512 0.040226
vn 0.079290 0.047775 0.037823
vn 0.079235 0.047742 0.037981
vn 0.082572 0.043408 0.036022
vn 0.082540 0.043392 0.036114
vn 0.084480 0.040646 0.034800
vn 0.084463 0.040638 0.034850
vn 0.085511 0.039079 0.034069
vn 0.079345 0.047808 0.037666
vn 0.074198 0.053449 0.040469
vn 0.074111 0.053386 0.040712
vn 0.074023 0.053323 0.040954
vn 0.079124 0.047675 0.038295
vn 0.079179 0.047709 0.038138
vn 0.078956 0.047574 0.038763
vn 0.082414 0.043325 0.036480
vn 0.084413 0.040614 0.034999
vn 0.085485 0.039067 0.034148
vn 0.086039 0.038240 0.033689
vn 0.073580 0.053004 0.042150
vn 0.086026 0.038234 0.033729
vn 0.085459 0.039056 0.034226
vn 0.086030 0.038236 0.033716
vn 0.085468 0.039060 0.034200
vn 0.084379 0.040598 0.035099
vn 0.086035 0.038238 0.033703
vn 0.085476 0.039063 0.034174
vn 0.084396 0.040606 0.035049
vn 0.082383 0.043309 0.036571
vn 0.086052 0.038246 0.033649
vn 0.086065 0.038251 0.033609
vn 0.086078 0.038257 0.033569
vn 0.086092 0.038263 0.033529
vn 0.086105 0.038269 0.033489
vn 0.086118 0.038275 0.033448
vn 0.086131 0.038280 0.033408
vn 0.086144 0.038286 0.033368
vn 0.086157 0.038292 0.033328
vn 0.085519 0.039083 0.034043
vn 0.084497 0.040654 0.034750
vn 0.082603 0.043425 0.035930
vn 0.085545 0.039095 0.033965
vn 0.085571 0.039107 0.033886
vn 0.085597 0.039119 0.033808
vn 0.085622 0.039130 0.033729
vn 0.085648 0.039142 0.033650
vn 0.085674 0.039154 0.033571
vn 0.085699 0.039165 0.033492
vn 0.085725 0.039177 0.033413
vn 0.084547 0.040678 0.034600
vn 0.084597 0.040702 0.034449
vn 0.084646 0.040726 0.034299
vn 0.084696 0.040750 0.034148
vn 0.084745 0.040774 0.033997
vn 0.084794 0.040797 0.033845
vn 0.084844 0.040821 0.033693
vn 0.084892 0.040844 0.033541
vn 0.082509 0.043375 0.036206
vn 0.082697 0.043474 0.035654
vn 0.082790 0.043523 0.035377
vn 0.082883 0.043572 0.035099
vn 0.082975 0.043620 0.034820
vn 0.083067 0.043668 0.034540
vn 0.083158 0.043716 0.034259
vn 0.083248 0.043764 0.033977
vn 0.083338 0.043811 0.033695
vn -0.075922 0.055905 0.033324
vn -0.075926 0.055902 0.033320
vn -0.075923 0.055906 0.033320
vn -0.075926 0.055902 0.033320
vn -0.075926 0.055902 0.033319
vn -0.075931 0.055898 0.033316
vn -0.075931 0.055898 0.033315
vn -0.075937 0.055892 0.033311
vn -0.075937 0.055892 0.033311
vn -0.075947 0.055883 0.033304
vn -0.075947 0.055883 0.033303
vn -0.075963 0.055868 0.033292
vn -0.075955 0.055876 0.033296
vn -0.075983 0.055850 0.033276
vn -0.075995 0.055839 0.033269
vn -0.076067 0.055773 0.033216
vn -0.076089 0.055750 0.033202
vn -0.076277 0.055573 0.033067
vn -0.076089 0.055749 0.033205
vn -0.076275 0.055571 0.033074
vn -0.076088 0.055748 0.033208
vn -0.076274 0.055570 0.033081
vn -0.076087 0.055748 0.033212
vn -0.076272 0.055568 0.033087
vn -0.076086 0.055747 0.033215
vn -0.076270 0.055567 0.033094
vn -0.076085 0.055746 0.033219
vn -0.076268 0.055566 0.033101
vn -0.076084 0.055746 0.033222
vn -0.076266 0.055564 0.033108
vn -0.076083 0.055745 0.033225
vn -0.076264 0.055563 0.033115
vn -0.076082 0.055744 0.033229
vn -0.076262 0.055562 0.033121
vn -0.076081 0.055743 0.033232
vn -0.076260 0.055560 0.033128
vn -0.076080 0.055743 0.033236
vn -0.076258 0.055559 0.033135
vn -0.076079 0.055742 0.033239
vn -0.076256 0.055557 0.033142
vn -0.076078 0.055741 0.033242
vn -0.076254 0.055556 0.033148
vn -0.076077 0.055741 0.033246
vn -0.076252 0.055555 0.033155
vn -0.076076 0.055740 0.033249
vn -0.076250 0.055553 0.033162
vn -0.076075 0.055739 0.033253
vn -0.076249 0.055552 0.033169
vn -0.076074 0.055738 0.033256
vn -0.076247 0.055550 0.033176
vn -0.076073 0.055738 0.033259
vn -0.076245 0.055549 0.033182
vn -0.076072 0.055737 0.033263
vn -0.076243 0.055547 0.033189
vn -0.076071 0.055736 0.033266
vn -0.076241 0.055546 0.033196
vn -0.076070 0.055736 0.033270
vn -0.076239 0.055545 0.033203
vn -0.076069 0.055735 0.033273
vn -0.076237 0.055543 0.033209
vn -0.076068 0.055734 0.033276
vn -0.076235 0.055542 0.033216
vn -0.076067 0.055734 0.033280
vn -0.076233 0.055540 0.033223
vn -0.076066 0.055733 0.033283
vn -0.076231 0.055539 0.033230
vn -0.076065 0.055732 0.033287
vn -0.076229 0.055538 0.033236
vn -0.076064 0.055731 0.033290
vn -0.076227 0.055536 0.033243
vn -0.076063 0.055731 0.033293
vn -0.076225 0.055535 0.033250
vn -0.076062 0.055730 0.033297
vn -0.076224 0.055533 0.033257
vn -0.076061 0.055729 0.033300
vn -0.076222 0.055532 0.033263
vn -0.076061 0.055729 0.033304
vn -0.076220 0.055531 0.033270
vn -0.076060 0.055728 0.033307
vn -0.076218 0.055529 0.033277
vn -0.076059 0.055727 0.033310
vn -0.076216 0.055528 0.033284
vn -0.076058 0.055726 0.033314
vn -0.076214 0.055526 0.033290
vn -0.076057 0.055726 0.033317
vn -0.076212 0.055525 0.033297
vn -0.076056 0.055725 0.033321
vn -0.076210 0.055524 0.033304
vn -0.076055 0.055724 0.033324
vn -0.076208 0.055522 0.033311
vn -0.076054 0.055724 0.033327
vn -0.076206 0.055521 0.033318
vn -0.076053 0.055723 0.033331
vn -0.076204 0.055519 0.033324
vn -0.076052 0.055722 0.033334
vn -0.076202 0.055518 0.033331
vn -0.076051 0.055721 0.033337
vn -0.076200 0.055517 0.033338
vn -0.076050 0.055721 0.033341
vn -0.076198 0.055515 0.033345
vn -0.076049 0.055720 0.033344
vn -0.076197 0.055514 0.033351
vn -0.076048 0.055719 0.033348
vn -0.076195 0.055512 0.033358
vn -0.076047 0.055719 0.033351
vn -0.076193 0.055511 0.033365
vn -0.076046 0.055718 0.033354
vn -0.076191 0.055510 0.033372
vn -0.076045 0.055717 0.033358
vn -0.076189 0.055508 0.033378
vn -0.076044 0.055717 0.033361
vn -0.076187 0.055507 0.033385
vn -0.076043 0.055716 0.033365
vn -0.076185 0.055505 0.033392
vn -0.076042 0.055715 0.033368
vn -0.076183 0.055504 0.033399
vn -0.076041 0.055714 0.033371
vn -0.076181 0.055503 0.033405
vn -0.076040 0.055714 0.033375
vn -0.076179 0.055501 0.033412
vn -0.076039 0.055713 0.033378
vn -0.076177 0.055500 0.033419
vn -0.076038 0.055712 0.033382
vn -0.076175 0.055498 0.033426
vn -0.076037 0.055712 0.033385
vn -0.076173 0.055497 0.033432
vn -0.076036 0.055711 0.033388
vn -0.076171 0.055495 0.033439
vn -0.076035 0.055710 0.033392
vn -0.076169 0.055494 0.033446
vn -0.076034 0.055709 0.033395
vn -0.076168 0.055493 0.033453
vn -0.076033 0.055709 0.033399
vn -0.076166 0.055491 0.033459
vn -0.076032 0.055708 0.033402
vn -0.076164 0.055490 0.033466
vn -0.076031 0.055707 0.033405
vn -0.076162 0.055488 0.033473
vn -0.076030 0.055707 0.033409
vn -0.076160 0.055487 0.033480
vn -0.076030 0.055706 0.033412
vn -0.076158 0.055486 0.033486
vn -0.076029 0.055705 0.033416
vn -0.076156 0.055484 0.033493
vn -0.076028 0.055704 0.033419
vn -0.076154 0.055483 0.033500
vn -0.076027 0.055704 0.033422
vn -0.076152 0.055481 0.033507
vn -0.076026 0.055703 0.033426
vn -0.076150 0.055480 0.033513
vn -0.076025 0.055702 0.033429
vn -0.076148 0.055479 0.033520
vn -0.076024 0.055702 0.033432
vn -0.076146 0.055477 0.033527
vn -0.076023 0.055701 0.033436
vn -0.076144 0.055476 0.033533
vn -0.076022 0.055700 0.033439
vn -0.076142 0.055474 0.033540
vn -0.076021 0.055699 0.033443
vn -0.076140 0.055473 0.033547
vn -0.076020 0.055699 0.033446
vn -0.076138 0.055471 0.033554
vn -0.076019 0.055698 0.033449
vn -0.076137 0.055470 0.033560
vn -0.076018 0.055697 0.033453
vn -0.076135 0.055469 0.033567
vn -0.076017 0.055697 0.033456
vn -0.076133 0.055467 0.033574
vn -0.076016 0.055696 0.033460
vn -0.076131 0.055466 0.033581
vn -0.076015 0.055695 0.033463
vn -0.076129 0.055464 0.033587
vn -0.076014 0.055694 0.033466
vn -0.076127 0.055463 0.033594
vn -0.075999 0.055723 0.033453
vn -0.085271 0.009301 0.051404
vn -0.075921 0.055904 0.033329
vn -0.075924 0.055901 0.033325
vn -0.075925 0.055901 0.033325
vn -0.075925 0.055901 0.033324
vn -0.075929 0.055896 0.033322
vn -0.075929 0.055897 0.033322
vn -0.075935 0.055890 0.033319
vn -0.075935 0.055890 0.033318
vn -0.075944 0.055881 0.033313
vn -0.075944 0.055881 0.033312
vn -0.075959 0.055866 0.033304
vn -0.075960 0.055866 0.033303
vn -0.075990 0.055835 0.033286
vn -0.075990 0.055836 0.033285
vn -0.075919 0.055903 0.033334
vn -0.075923 0.055900 0.033331
vn -0.075923 0.055900 0.033331
vn -0.075923 0.055900 0.033330
vn -0.075927 0.055895 0.033329
vn -0.075927 0.055895 0.033329
vn -0.075933 0.055889 0.033327
vn -0.075933 0.055889 0.033326
vn -0.075941 0.055879 0.033324
vn -0.075942 0.055879 0.033323
vn -0.075956 0.055863 0.033318
vn -0.075956 0.055863 0.033317
vn -0.075984 0.055831 0.033307
vn -0.075985 0.055831 0.033305
vn -0.075918 0.055902 0.033339
vn -0.075921 0.055898 0.033337
vn -0.075921 0.055899 0.033336
vn -0.075922 0.055899 0.033336
vn -0.075925 0.055894 0.033335
vn -0.075925 0.055894 0.033335
vn -0.075931 0.055887 0.033334
vn -0.075931 0.055887 0.033334
vn -0.075939 0.055877 0.033333
vn -0.075939 0.055877 0.033332
vn -0.075952 0.055860 0.033330
vn -0.075952 0.055861 0.033329
vn -0.075979 0.055827 0.033325
vn -0.075979 0.055827 0.033324
vn -0.075916 0.055901 0.033344
vn -0.075920 0.055897 0.033342
vn -0.075920 0.055897 0.033341
vn -0.075920 0.055898 0.033341
vn -0.075923 0.055892 0.033342
vn -0.075924 0.055893 0.033341
vn -0.075928 0.055885 0.033342
vn -0.075929 0.055886 0.033341
vn -0.075936 0.055875 0.033342
vn -0.075936 0.055875 0.033341
vn -0.075948 0.055858 0.033343
vn -0.075949 0.055858 0.033342
vn -0.075973 0.055823 0.033344
vn -0.075974 0.055823 0.033342
vn -0.075915 0.055900 0.033349
vn -0.075918 0.055896 0.033348
vn -0.075918 0.055896 0.033347
vn -0.075918 0.055896 0.033347
vn -0.075922 0.055891 0.033348
vn -0.075922 0.055891 0.033348
vn -0.075926 0.055884 0.033350
vn -0.075926 0.055884 0.033349
vn -0.075933 0.055873 0.033352
vn -0.075933 0.055873 0.033352
vn -0.075945 0.055855 0.033356
vn -0.075945 0.055855 0.033355
vn -0.075968 0.055819 0.033364
vn -0.075968 0.055819 0.033363
vn -0.075914 0.055899 0.033354
vn -0.075917 0.055895 0.033353
vn -0.075917 0.055895 0.033353
vn -0.075917 0.055895 0.033352
vn -0.075920 0.055890 0.033355
vn -0.075920 0.055890 0.033354
vn -0.075924 0.055882 0.033358
vn -0.075924 0.055882 0.033357
vn -0.075930 0.055871 0.033362
vn -0.075931 0.055871 0.033361
vn -0.075941 0.055852 0.033369
vn -0.075941 0.055853 0.033368
vn -0.075962 0.055815 0.033383
vn -0.075963 0.055815 0.033381
vn -0.075916 0.055894 0.033356
vn -0.075916 0.055894 0.033356
vn -0.075916 0.055895 0.033355
vn -0.075916 0.055895 0.033355
vn -0.075919 0.055889 0.033358
vn -0.075919 0.055889 0.033357
vn -0.075923 0.055881 0.033361
vn -0.075923 0.055882 0.033360
vn -0.075929 0.055870 0.033366
vn -0.075929 0.055870 0.033365
vn -0.075939 0.055851 0.033375
vn -0.075940 0.055851 0.033373
vn -0.075960 0.055813 0.033392
vn -0.075960 0.055813 0.033390
vn -0.075919 0.055889 0.033359
vn -0.075919 0.055887 0.033360
vn -0.075922 0.055881 0.033363
vn -0.075924 0.055877 0.033366
vn -0.075928 0.055869 0.033369
vn -0.075933 0.055859 0.033376
vn -0.075938 0.055850 0.033380
vn -0.075949 0.055825 0.033395
vn -0.075957 0.055811 0.033402
vn -0.099410 0.010843 -0.000004
vn -0.086362 0.038595 0.032434
vn -0.086278 0.038557 0.032703
vn -0.086193 0.038519 0.032971
vn -0.082688 0.045341 0.033270
vn -0.082636 0.045313 0.033437
vn -0.079878 0.050000 0.033458
vn -0.079850 0.049982 0.033553
vn -0.078066 0.052775 0.033474
vn -0.078051 0.052765 0.033524
vn -0.077029 0.054298 0.033440
vn -0.077021 0.054293 0.033467
vn -0.076475 0.055098 0.033405
vn -0.076471 0.055095 0.033418
vn -0.078690 0.053198 0.031271
vn -0.081016 0.050712 0.029405
vn -0.084621 0.046401 0.026197
vn -0.080990 0.050696 0.029503
vn -0.084578 0.046378 0.026375
vn -0.080965 0.050680 0.029602
vn -0.084535 0.046354 0.026553
vn -0.080939 0.050664 0.029700
vn -0.084492 0.046331 0.026731
vn -0.080913 0.050648 0.029798
vn -0.084449 0.046307 0.026908
vn -0.080887 0.050631 0.029896
vn -0.084405 0.046283 0.027085
vn -0.080861 0.050615 0.029994
vn -0.084362 0.046259 0.027262
vn -0.080835 0.050599 0.030092
vn -0.084318 0.046235 0.027439
vn -0.080808 0.050582 0.030190
vn -0.084273 0.046211 0.027615
vn -0.080782 0.050566 0.030288
vn -0.084229 0.046186 0.027791
vn -0.080756 0.050549 0.030385
vn -0.084184 0.046162 0.027967
vn -0.080729 0.050533 0.030483
vn -0.084139 0.046137 0.028142
vn -0.080703 0.050516 0.030580
vn -0.084094 0.046112 0.028317
vn -0.080676 0.050500 0.030678
vn -0.084048 0.046087 0.028492
vn -0.080650 0.050483 0.030775
vn -0.084003 0.046062 0.028667
vn -0.080623 0.050466 0.030872
vn -0.083957 0.046037 0.028841
vn -0.080596 0.050449 0.030969
vn -0.083911 0.046012 0.029015
vn -0.080569 0.050433 0.031066
vn -0.083864 0.045987 0.029189
vn -0.080543 0.050416 0.031163
vn -0.083818 0.045961 0.029362
vn -0.080516 0.050399 0.031260
vn -0.083771 0.045935 0.029536
vn -0.080489 0.050382 0.031357
vn -0.083724 0.045910 0.029708
vn -0.080462 0.050365 0.031453
vn -0.083677 0.045884 0.029881
vn -0.080434 0.050348 0.031550
vn -0.083629 0.045858 0.030053
vn -0.080407 0.050331 0.031646
vn -0.083582 0.045831 0.030225
vn -0.080380 0.050314 0.031742
vn -0.083534 0.045805 0.030397
vn -0.080353 0.050297 0.031838
vn -0.083486 0.045779 0.030569
vn -0.080325 0.050280 0.031935
vn -0.083437 0.045752 0.030740
vn -0.080298 0.050263 0.032031
vn -0.083389 0.045726 0.030910
vn -0.080270 0.050245 0.032126
vn -0.083340 0.045699 0.031081
vn -0.080243 0.050228 0.032222
vn -0.083291 0.045672 0.031251
vn -0.080215 0.050211 0.032318
vn -0.083242 0.045645 0.031421
vn -0.080187 0.050193 0.032413
vn -0.083193 0.045618 0.031591
vn -0.080159 0.050176 0.032509
vn -0.083143 0.045591 0.031760
vn -0.080132 0.050159 0.032604
vn -0.083093 0.045564 0.031929
vn -0.080104 0.050141 0.032700
vn -0.083043 0.045536 0.032098
vn -0.080076 0.050124 0.032795
vn -0.082993 0.045509 0.032266
vn -0.080048 0.050106 0.032890
vn -0.082943 0.045481 0.032434
vn -0.080020 0.050088 0.032985
vn -0.082892 0.045453 0.032602
vn -0.079991 0.050071 0.033080
vn -0.082841 0.045425 0.032770
vn -0.079963 0.050053 0.033175
vn -0.082790 0.045397 0.032937
vn -0.079935 0.050035 0.033269
vn -0.082739 0.045369 0.033104
vn -0.079907 0.050018 0.033364
vn -0.075941 0.055889 0.033307
vn -0.075938 0.055892 0.033310
vn -0.075931 0.055898 0.033315
vn -0.075926 0.055902 0.033319
vn -0.075933 0.055897 0.033313
vn -0.075931 0.055898 0.033314
vn -0.075927 0.055902 0.033318
vn -0.075927 0.055902 0.033317
vn -0.075927 0.055902 0.033318
vn -0.077360 0.054531 0.032278
vn -0.077352 0.054526 0.032304
vn -0.078676 0.053188 0.031323
vn -0.077345 0.054521 0.032331
vn -0.078662 0.053178 0.031374
vn -0.077337 0.054515 0.032358
vn -0.078648 0.053169 0.031426
vn -0.077330 0.054510 0.032384
vn -0.078634 0.053159 0.031478
vn -0.077322 0.054505 0.032411
vn -0.078619 0.053150 0.031530
vn -0.077315 0.054500 0.032437
vn -0.078605 0.053140 0.031581
vn -0.077308 0.054494 0.032464
vn -0.078591 0.053130 0.031633
vn -0.077300 0.054489 0.032490
vn -0.078577 0.053121 0.031685
vn -0.077293 0.054484 0.032517
vn -0.078562 0.053111 0.031736
vn -0.077285 0.054479 0.032543
vn -0.078548 0.053101 0.031788
vn -0.077278 0.054473 0.032570
vn -0.078534 0.053092 0.031839
vn -0.077270 0.054468 0.032596
vn -0.078519 0.053082 0.031891
vn -0.077263 0.054463 0.032623
vn -0.078505 0.053072 0.031942
vn -0.077255 0.054458 0.032649
vn -0.078491 0.053062 0.031994
vn -0.077248 0.054452 0.032676
vn -0.078476 0.053053 0.032045
vn -0.077240 0.054447 0.032702
vn -0.078462 0.053043 0.032097
vn -0.077233 0.054442 0.032729
vn -0.078447 0.053033 0.032148
vn -0.077225 0.054437 0.032755
vn -0.078433 0.053023 0.032199
vn -0.077218 0.054431 0.032782
vn -0.078418 0.053014 0.032251
vn -0.077210 0.054426 0.032808
vn -0.078404 0.053004 0.032302
vn -0.077203 0.054421 0.032835
vn -0.078389 0.052994 0.032353
vn -0.077195 0.054415 0.032861
vn -0.078375 0.052984 0.032405
vn -0.077188 0.054410 0.032887
vn -0.078360 0.052974 0.032456
vn -0.077180 0.054405 0.032914
vn -0.078346 0.052965 0.032507
vn -0.077173 0.054399 0.032940
vn -0.078331 0.052955 0.032558
vn -0.077165 0.054394 0.032967
vn -0.078317 0.052945 0.032609
vn -0.077158 0.054389 0.032993
vn -0.078302 0.052935 0.032660
vn -0.077150 0.054384 0.033019
vn -0.078287 0.052925 0.032711
vn -0.077143 0.054378 0.033046
vn -0.078273 0.052915 0.032762
vn -0.077135 0.054373 0.033072
vn -0.078258 0.052905 0.032813
vn -0.077128 0.054368 0.033098
vn -0.078243 0.052895 0.032864
vn -0.077120 0.054362 0.033125
vn -0.078229 0.052885 0.032915
vn -0.077112 0.054357 0.033151
vn -0.078214 0.052875 0.032966
vn -0.077105 0.054352 0.033177
vn -0.078199 0.052865 0.033017
vn -0.077097 0.054346 0.033204
vn -0.078184 0.052856 0.033068
vn -0.077090 0.054341 0.033230
vn -0.078170 0.052846 0.033119
vn -0.077082 0.054336 0.033256
vn -0.078155 0.052836 0.033170
vn -0.077075 0.054330 0.033283
vn -0.078140 0.052826 0.033220
vn -0.077067 0.054325 0.033309
vn -0.078125 0.052816 0.033271
vn -0.077059 0.054320 0.033335
vn -0.078110 0.052805 0.033322
vn -0.077052 0.054314 0.033362
vn -0.078096 0.052795 0.033373
vn -0.077044 0.054309 0.033388
vn -0.078081 0.052785 0.033423
vn -0.077037 0.054303 0.033414
vn -0.089185 0.039857 0.021388
vn -0.089126 0.039830 0.021684
vn -0.089065 0.039803 0.021979
vn -0.089004 0.039776 0.022274
vn -0.088943 0.039748 0.022568
vn -0.088880 0.039720 0.022861
vn -0.088817 0.039692 0.023154
vn -0.088753 0.039663 0.023447
vn -0.088688 0.039634 0.023738
vn -0.088623 0.039605 0.024029
vn -0.088557 0.039576 0.024320
vn -0.088490 0.039546 0.024609
vn -0.088423 0.039516 0.024898
vn -0.088355 0.039485 0.025187
vn -0.088286 0.039455 0.025474
vn -0.088216 0.039424 0.025761
vn -0.088146 0.039392 0.026048
vn -0.088076 0.039361 0.026333
vn -0.088004 0.039329 0.026618
vn -0.087932 0.039296 0.026903
vn -0.087859 0.039264 0.027186
vn -0.087786 0.039231 0.027469
vn -0.087712 0.039198 0.027751
vn -0.087637 0.039165 0.028033
vn -0.087562 0.039131 0.028313
vn -0.087486 0.039097 0.028593
vn -0.087410 0.039063 0.028873
vn -0.087333 0.039029 0.029151
vn -0.087255 0.038994 0.029429
vn -0.087177 0.038959 0.029706
vn -0.087098 0.038924 0.029982
vn -0.087018 0.038888 0.030258
vn -0.086938 0.038852 0.030532
vn -0.086858 0.038816 0.030806
vn -0.086776 0.038780 0.031080
vn -0.086695 0.038744 0.031352
vn -0.086612 0.038707 0.031624
vn -0.086530 0.038670 0.031895
vn -0.086446 0.038632 0.032165
vn -0.076347 0.055006 0.033845
vn -0.076768 0.054114 0.034328
vn -0.077534 0.052416 0.035228
vn -0.077550 0.052427 0.035178
vn -0.078848 0.049355 0.036701
vn -0.078879 0.049374 0.036610
vn -0.080777 0.044294 0.038899
vn -0.080834 0.044325 0.038744
vn -0.083029 0.037105 0.041586
vn -0.083128 0.037150 0.041347
vn -0.083228 0.037194 0.041107
vn -0.083327 0.037238 0.040866
vn -0.080949 0.044388 0.038433
vn -0.081006 0.044419 0.038276
vn -0.078969 0.049431 0.036337
vn -0.079000 0.049450 0.036246
vn -0.077611 0.052468 0.034979
vn -0.077627 0.052479 0.034930
vn -0.076806 0.054141 0.034198
vn -0.076814 0.054147 0.034172
vn -0.076367 0.055020 0.033778
vn -0.076370 0.055023 0.033765
vn -0.080662 0.044230 0.039209
vn -0.082728 0.036971 0.042300
vn -0.082828 0.037016 0.042063
vn -0.080719 0.044262 0.039054
vn -0.078818 0.049336 0.036792
vn -0.075919 0.055889 0.033358
vn -0.075923 0.055881 0.033362
vn -0.075928 0.055870 0.033369
vn -0.075938 0.055850 0.033379
vn -0.075957 0.055811 0.033400
vn -0.075916 0.055895 0.033354
vn -0.075916 0.055895 0.033354
vn -0.075919 0.055889 0.033356
vn -0.075920 0.055890 0.033355
vn -0.075924 0.055882 0.033359
vn -0.075924 0.055882 0.033358
vn -0.075930 0.055871 0.033364
vn -0.075930 0.055871 0.033363
vn -0.075940 0.055852 0.033371
vn -0.075941 0.055852 0.033370
vn -0.075961 0.055814 0.033387
vn -0.075962 0.055815 0.033385
vn -0.075919 0.055889 0.033356
vn -0.075917 0.055895 0.033352
vn -0.075917 0.055895 0.033351
vn -0.075917 0.055895 0.033351
vn -0.075920 0.055890 0.033353
vn -0.075920 0.055890 0.033352
vn -0.075925 0.055883 0.033355
vn -0.075925 0.055883 0.033355
vn -0.075931 0.055872 0.033359
vn -0.075931 0.055872 0.033358
vn -0.075942 0.055853 0.033366
vn -0.075942 0.055853 0.033364
vn -0.075964 0.055816 0.033378
vn -0.075964 0.055816 0.033376
vn -0.075920 0.055890 0.033354
vn -0.075917 0.055896 0.033350
vn -0.075918 0.055896 0.033350
vn -0.075918 0.055896 0.033349
vn -0.075921 0.055890 0.033351
vn -0.075921 0.055891 0.033351
vn -0.075925 0.055883 0.033353
vn -0.075925 0.055883 0.033353
vn -0.075932 0.055872 0.033357
vn -0.075932 0.055872 0.033356
vn -0.075943 0.055854 0.033362
vn -0.075943 0.055854 0.033361
vn -0.075965 0.055817 0.033373
vn -0.075966 0.055817 0.033371
vn -0.075921 0.055890 0.033352
vn -0.075918 0.055896 0.033349
vn -0.075918 0.055896 0.033348
vn -0.075921 0.055891 0.033350
vn -0.075921 0.055891 0.033349
vn -0.075926 0.055883 0.033351
vn -0.075926 0.055884 0.033351
vn -0.075933 0.055873 0.033354
vn -0.075933 0.055873 0.033353
vn -0.075944 0.055854 0.033359
vn -0.075944 0.055855 0.033358
vn -0.075967 0.055818 0.033368
vn -0.075967 0.055818 0.033366
vn -0.075921 0.055891 0.033350
vn -0.075918 0.055896 0.033346
vn -0.075919 0.055896 0.033346
vn -0.075919 0.055897 0.033345
vn -0.075922 0.055891 0.033347
vn -0.075922 0.055891 0.033346
vn -0.075927 0.055884 0.033348
vn -0.075927 0.055884 0.033347
vn -0.075934 0.055873 0.033350
vn -0.075934 0.055874 0.033349
vn -0.075946 0.055856 0.033353
vn -0.075946 0.055856 0.033352
vn -0.075969 0.055820 0.033359
vn -0.075970 0.055820 0.033358
vn -0.075922 0.055891 0.033347
vn -0.075919 0.055897 0.033345
vn -0.075919 0.055897 0.033344
vn -0.075919 0.055897 0.033344
vn -0.075922 0.055892 0.033345
vn -0.075923 0.055892 0.033344
vn -0.075927 0.055885 0.033346
vn -0.075927 0.055885 0.033345
vn -0.075935 0.055874 0.033347
vn -0.075935 0.055874 0.033346
vn -0.075947 0.055856 0.033350
vn -0.075947 0.055857 0.033349
vn -0.075970 0.055821 0.033354
vn -0.075971 0.055821 0.033353
vn -0.075922 0.055892 0.033346
vn -0.075919 0.055897 0.033343
vn -0.075919 0.055897 0.033343
vn -0.075920 0.055897 0.033342
vn -0.075923 0.055892 0.033343
vn -0.075923 0.055892 0.033343
vn -0.075928 0.055885 0.033344
vn -0.075928 0.055885 0.033343
vn -0.075935 0.055875 0.033345
vn -0.075935 0.055875 0.033344
vn -0.075947 0.055857 0.033346
vn -0.075948 0.055857 0.033345
vn -0.075972 0.055822 0.033349
vn -0.075972 0.055822 0.033347
vn -0.075923 0.055892 0.033344
vn -0.075923 0.055892 0.033342
vn -0.075920 0.055898 0.033340
vn -0.075920 0.055898 0.033340
vn -0.075920 0.055898 0.033339
vn -0.075924 0.055893 0.033340
vn -0.075924 0.055893 0.033339
vn -0.075929 0.055886 0.033340
vn -0.075929 0.055886 0.033339
vn -0.075937 0.055876 0.033340
vn -0.075937 0.055876 0.033339
vn -0.075949 0.055858 0.033339
vn -0.075950 0.055859 0.033338
vn -0.075975 0.055824 0.033339
vn -0.075975 0.055824 0.033337
vn -0.075924 0.055893 0.033340
vn -0.075921 0.055898 0.033339
vn -0.075921 0.055898 0.033339
vn -0.075921 0.055898 0.033338
vn -0.075924 0.055893 0.033338
vn -0.075925 0.055893 0.033338
vn -0.075930 0.055886 0.033338
vn -0.075930 0.055886 0.033337
vn -0.075937 0.055876 0.033337
vn -0.075938 0.055876 0.033336
vn -0.075950 0.055859 0.033336
vn -0.075951 0.055859 0.033335
vn -0.075976 0.055825 0.033334
vn -0.075977 0.055826 0.033332
vn -0.075924 0.055893 0.033339
vn -0.075921 0.055898 0.033338
vn -0.075921 0.055898 0.033337
vn -0.075925 0.055894 0.033337
vn -0.075925 0.055894 0.033336
vn -0.075930 0.055887 0.033336
vn -0.075930 0.055887 0.033335
vn -0.075938 0.055877 0.033335
vn -0.075938 0.055877 0.033334
vn -0.075951 0.055860 0.033333
vn -0.075952 0.055860 0.033331
vn -0.075978 0.055826 0.033329
vn -0.075978 0.055827 0.033327
vn -0.075925 0.055893 0.033337
vn -0.075922 0.055899 0.033335
vn -0.075922 0.055899 0.033335
vn -0.075922 0.055899 0.033334
vn -0.075926 0.055894 0.033334
vn -0.075926 0.055894 0.033333
vn -0.075931 0.055887 0.033332
vn -0.075931 0.055888 0.033332
vn -0.075939 0.055878 0.033330
vn -0.075940 0.055878 0.033329
vn -0.075953 0.055861 0.033327
vn -0.075953 0.055861 0.033326
vn -0.075980 0.055828 0.033320
vn -0.075981 0.055828 0.033319
vn -0.075926 0.055894 0.033334
vn -0.075922 0.055899 0.033334
vn -0.075922 0.055899 0.033333
vn -0.075922 0.055899 0.033333
vn -0.075926 0.055894 0.033332
vn -0.075926 0.055895 0.033331
vn -0.075932 0.055888 0.033330
vn -0.075932 0.055888 0.033330
vn -0.075940 0.055878 0.033328
vn -0.075940 0.055878 0.033327
vn -0.075954 0.055862 0.033324
vn -0.075954 0.055862 0.033322
vn -0.075982 0.055829 0.033315
vn -0.075982 0.055829 0.033313
vn -0.075926 0.055894 0.033333
vn -0.075923 0.055899 0.033332
vn -0.075923 0.055899 0.033332
vn -0.075927 0.055895 0.033330
vn -0.075927 0.055895 0.033330
vn -0.075932 0.055888 0.033328
vn -0.075933 0.055888 0.033328
vn -0.075941 0.055879 0.033325
vn -0.075941 0.055879 0.033324
vn -0.075955 0.055862 0.033320
vn -0.075955 0.055863 0.033319
vn -0.075983 0.055830 0.033310
vn -0.075984 0.055831 0.033308
vn -0.075927 0.055895 0.033331
vn -0.075923 0.055900 0.033330
vn -0.075923 0.055900 0.033329
vn -0.075923 0.055900 0.033329
vn -0.075927 0.055895 0.033327
vn -0.075928 0.055896 0.033327
vn -0.075933 0.055889 0.033325
vn -0.075934 0.055889 0.033324
vn -0.075942 0.055880 0.033321
vn -0.075942 0.055880 0.033320
vn -0.075957 0.055864 0.033314
vn -0.075957 0.055864 0.033313
vn -0.075986 0.055832 0.033302
vn -0.075986 0.055832 0.033300
vn -0.075927 0.055895 0.033328
vn -0.075924 0.055900 0.033328
vn -0.075924 0.055900 0.033328
vn -0.075924 0.055900 0.033327
vn -0.075928 0.055896 0.033326
vn -0.075928 0.055896 0.033325
vn -0.075934 0.055889 0.033323
vn -0.075934 0.055890 0.033322
vn -0.075943 0.055880 0.033318
vn -0.075943 0.055880 0.033318
vn -0.075958 0.055864 0.033311
vn -0.075958 0.055865 0.033310
vn -0.075987 0.055833 0.033296
vn -0.075987 0.055833 0.033295
vn -0.075928 0.055896 0.033326
vn -0.075924 0.055900 0.033327
vn -0.075924 0.055901 0.033326
vn -0.075924 0.055901 0.033326
vn -0.075928 0.055896 0.033324
vn -0.075929 0.055896 0.033323
vn -0.075934 0.055890 0.033321
vn -0.075935 0.055890 0.033320
vn -0.075943 0.055881 0.033316
vn -0.075944 0.055881 0.033315
vn -0.075958 0.055865 0.033308
vn -0.075959 0.055865 0.033307
vn -0.075988 0.055834 0.033291
vn -0.075989 0.055834 0.033290
vn -0.075928 0.055896 0.033325
vn -0.075929 0.055896 0.033323
vn -0.075925 0.055901 0.033324
vn -0.075925 0.055901 0.033323
vn -0.075925 0.055901 0.033323
vn -0.075929 0.055897 0.033321
vn -0.075930 0.055897 0.033320
vn -0.075936 0.055891 0.033317
vn -0.075936 0.055891 0.033316
vn -0.075945 0.055882 0.033311
vn -0.075945 0.055882 0.033310
vn -0.075960 0.055867 0.033301
vn -0.075961 0.055867 0.033300
vn -0.075991 0.055836 0.033281
vn -0.075992 0.055837 0.033279
vn -0.075929 0.055897 0.033321
vn -0.075925 0.055901 0.033322
vn -0.075925 0.055901 0.033322
vn -0.075926 0.055902 0.033321
vn -0.075930 0.055897 0.033319
vn -0.075930 0.055897 0.033318
vn -0.075936 0.055891 0.033315
vn -0.075936 0.055891 0.033314
vn -0.075946 0.055882 0.033308
vn -0.075946 0.055882 0.033307
vn -0.075961 0.055867 0.033297
vn -0.075962 0.055867 0.033296
vn -0.075993 0.055837 0.033276
vn -0.075993 0.055838 0.033274
vn -0.075930 0.055897 0.033319
vn -0.075926 0.055902 0.033321
vn -0.075926 0.055902 0.033321
vn -0.075930 0.055898 0.033317
vn -0.075931 0.055898 0.033317
vn -0.075937 0.055892 0.033313
vn -0.075937 0.055892 0.033312
vn -0.075946 0.055883 0.033306
vn -0.075947 0.055883 0.033305
vn -0.075962 0.055868 0.033294
vn -0.075963 0.055868 0.033293
vn -0.075994 0.055838 0.033271
vn -0.075930 0.055897 0.033318
vn -0.075923 0.055881 0.033362
vn -0.075929 0.055870 0.033367
vn -0.075939 0.055851 0.033376
vn -0.075959 0.055813 0.033393
vn -0.075923 0.055882 0.033360
vn -0.075924 0.055882 0.033356
vn -0.075925 0.055883 0.033354
vn -0.075926 0.055883 0.033352
vn -0.075927 0.055884 0.033349
vn -0.075927 0.055884 0.033347
vn -0.075928 0.055885 0.033345
vn -0.075928 0.055885 0.033343
vn -0.075929 0.055886 0.033341
vn -0.075929 0.055886 0.033338
vn -0.075930 0.055887 0.033336
vn -0.075931 0.055887 0.033333
vn -0.075932 0.055888 0.033331
vn -0.075932 0.055888 0.033329
vn -0.075933 0.055889 0.033326
vn -0.075934 0.055889 0.033323
vn -0.075934 0.055890 0.033321
vn -0.075935 0.055890 0.033319
vn -0.075935 0.055891 0.033317
vn -0.075936 0.055891 0.033315
vn -0.075937 0.055891 0.033313
vn -0.075929 0.055870 0.033368
vn -0.075938 0.055850 0.033378
vn -0.075958 0.055812 0.033398
vn -0.075930 0.055870 0.033364
vn -0.075931 0.055871 0.033360
vn -0.075932 0.055872 0.033358
vn -0.075932 0.055872 0.033355
vn -0.075934 0.055873 0.033351
vn -0.075934 0.055874 0.033348
vn -0.075935 0.055874 0.033346
vn -0.075936 0.055875 0.033343
vn -0.075936 0.055875 0.033341
vn -0.075937 0.055876 0.033338
vn -0.075938 0.055877 0.033335
vn -0.075939 0.055877 0.033331
vn -0.075940 0.055878 0.033329
vn -0.075941 0.055878 0.033326
vn -0.075942 0.055879 0.033322
vn -0.075943 0.055880 0.033319
vn -0.075943 0.055880 0.033317
vn -0.075944 0.055881 0.033314
vn -0.075945 0.055882 0.033312
vn -0.075945 0.055882 0.033309
vn -0.075946 0.055883 0.033306
vn -0.075939 0.055851 0.033377
vn -0.075959 0.055812 0.033395
vn -0.075940 0.055852 0.033372
vn -0.075942 0.055853 0.033367
vn -0.075943 0.055853 0.033363
vn -0.075944 0.055854 0.033360
vn -0.075945 0.055855 0.033354
vn -0.075946 0.055856 0.033351
vn -0.075947 0.055857 0.033347
vn -0.075948 0.055857 0.033344
vn -0.075949 0.055858 0.033341
vn -0.075950 0.055859 0.033337
vn -0.075951 0.055860 0.033334
vn -0.075953 0.055861 0.033328
vn -0.075954 0.055862 0.033325
vn -0.075955 0.055862 0.033321
vn -0.075956 0.055863 0.033316
vn -0.075957 0.055864 0.033312
vn -0.075958 0.055865 0.033309
vn -0.075959 0.055866 0.033305
vn -0.075960 0.055866 0.033302
vn -0.075961 0.055867 0.033299
vn -0.075962 0.055868 0.033295
vn -0.075958 0.055812 0.033397
vn -0.075961 0.055814 0.033388
vn -0.075963 0.055816 0.033380
vn -0.075965 0.055817 0.033375
vn -0.075966 0.055818 0.033370
vn -0.075969 0.055820 0.033361
vn -0.075970 0.055821 0.033356
vn -0.075971 0.055822 0.033351
vn -0.075973 0.055823 0.033346
vn -0.075974 0.055824 0.033341
vn -0.075976 0.055825 0.033336
vn -0.075977 0.055826 0.033330
vn -0.075980 0.055828 0.033322
vn -0.075981 0.055829 0.033317
vn -0.075983 0.055830 0.033312
vn -0.075985 0.055832 0.033303
vn -0.075986 0.055833 0.033298
vn -0.075988 0.055834 0.033293
vn -0.075989 0.055835 0.033288
vn -0.075991 0.055836 0.033283
vn -0.075992 0.055837 0.033278
vn -0.075994 0.055838 0.033273
vn -0.076647 0.055222 0.032801
vn -0.076643 0.055219 0.032814
vn -0.076639 0.055216 0.032828
vn -0.076635 0.055213 0.032841
vn -0.076631 0.055211 0.032855
vn -0.076628 0.055208 0.032868
vn -0.076624 0.055205 0.032881
vn -0.076620 0.055202 0.032895
vn -0.076616 0.055200 0.032908
vn -0.076612 0.055197 0.032922
vn -0.076609 0.055194 0.032935
vn -0.076605 0.055191 0.032949
vn -0.076601 0.055189 0.032962
vn -0.076597 0.055186 0.032976
vn -0.076593 0.055183 0.032989
vn -0.076590 0.055180 0.033002
vn -0.076586 0.055178 0.033016
vn -0.076582 0.055175 0.033029
vn -0.076578 0.055172 0.033043
vn -0.076574 0.055169 0.033056
vn -0.076570 0.055167 0.033070
vn -0.076567 0.055164 0.033083
vn -0.076563 0.055161 0.033096
vn -0.076559 0.055158 0.033110
vn -0.076555 0.055156 0.033123
vn -0.076551 0.055153 0.033137
vn -0.076548 0.055150 0.033150
vn -0.076544 0.055147 0.033164
vn -0.076540 0.055145 0.033177
vn -0.076536 0.055142 0.033190
vn -0.076532 0.055139 0.033204
vn -0.076528 0.055136 0.033217
vn -0.076525 0.055134 0.033231
vn -0.076521 0.055131 0.033244
vn -0.076517 0.055128 0.033257
vn -0.076513 0.055125 0.033271
vn -0.076509 0.055123 0.033284
vn -0.076505 0.055120 0.033298
vn -0.076502 0.055117 0.033311
vn -0.076498 0.055114 0.033324
vn -0.076494 0.055112 0.033338
vn -0.076490 0.055109 0.033351
vn -0.076486 0.055106 0.033365
vn -0.076482 0.055103 0.033378
vn -0.076479 0.055100 0.033391
vn -0.086107 0.038481 0.033238
vn -0.086021 0.038443 0.033504
vn -0.085935 0.038404 0.033769
vn -0.082532 0.045256 0.033768
vn -0.082480 0.045228 0.033933
vn -0.079793 0.049946 0.033741
vn -0.079764 0.049928 0.033835
vn -0.078021 0.052745 0.033626
vn -0.078006 0.052735 0.033676
vn -0.077006 0.054282 0.033519
vn -0.076998 0.054277 0.033545
vn -0.076463 0.055089 0.033445
vn -0.076459 0.055087 0.033458
vn -0.082584 0.045285 0.033602
vn -0.085848 0.038365 0.034034
vn -0.085760 0.038326 0.034298
vn -0.085672 0.038286 0.034561
vn -0.082375 0.045170 0.034263
vn -0.082323 0.045141 0.034428
vn -0.079707 0.049893 0.034023
vn -0.079678 0.049875 0.034117
vn -0.077976 0.052715 0.033777
vn -0.077961 0.052705 0.033828
vn -0.076983 0.054266 0.033598
vn -0.076976 0.054260 0.033624
vn -0.076452 0.055081 0.033485
vn -0.076448 0.055078 0.033498
vn -0.082428 0.045199 0.034098
vn -0.085583 0.038247 0.034823
vn -0.085494 0.038207 0.035084
vn -0.085405 0.038167 0.035345
vn -0.082217 0.045083 0.034755
vn -0.082163 0.045054 0.034919
vn -0.079620 0.049838 0.034304
vn -0.079591 0.049820 0.034398
vn -0.077931 0.052684 0.033928
vn -0.077916 0.052674 0.033979
vn -0.076960 0.054250 0.033676
vn -0.076953 0.054244 0.033702
vn -0.076440 0.055073 0.033525
vn -0.076436 0.055070 0.033538
vn -0.082270 0.045112 0.034592
vn -0.085315 0.038127 0.035605
vn -0.085225 0.038087 0.035863
vn -0.085134 0.038046 0.036122
vn -0.082056 0.044995 0.035245
vn -0.082003 0.044966 0.035407
vn -0.079533 0.049784 0.034585
vn -0.079504 0.049766 0.034678
vn -0.077886 0.052654 0.034079
vn -0.077871 0.052643 0.034129
vn -0.076937 0.054233 0.033755
vn -0.076930 0.054228 0.033781
vn -0.076428 0.055064 0.033565
vn -0.076425 0.055062 0.033578
vn -0.082110 0.045024 0.035082
vn -0.085042 0.038005 0.036379
vn -0.084951 0.037964 0.036635
vn -0.084858 0.037923 0.036891
vn -0.081895 0.044906 0.035731
vn -0.081840 0.044877 0.035893
vn -0.079445 0.049729 0.034864
vn -0.079416 0.049711 0.034957
vn -0.077840 0.052623 0.034230
vn -0.077825 0.052613 0.034280
vn -0.076914 0.054217 0.033833
vn -0.076907 0.054212 0.033859
vn -0.076417 0.055056 0.033605
vn -0.076413 0.055053 0.033618
vn -0.081949 0.044936 0.035569
vn -0.084766 0.037881 0.037146
vn -0.084672 0.037840 0.037399
vn -0.084579 0.037798 0.037653
vn -0.081731 0.044817 0.036215
vn -0.081676 0.044787 0.036375
vn -0.079357 0.049674 0.035142
vn -0.079328 0.049655 0.035235
vn -0.077795 0.052592 0.034380
vn -0.077780 0.052582 0.034430
vn -0.076891 0.054201 0.033912
vn -0.076884 0.054196 0.033938
vn -0.076405 0.055048 0.033645
vn -0.076401 0.055045 0.033658
vn -0.081786 0.044847 0.036054
vn -0.084485 0.037756 0.037905
vn -0.084391 0.037714 0.038156
vn -0.084296 0.037671 0.038407
vn -0.081566 0.044726 0.036695
vn -0.081511 0.044696 0.036855
vn -0.079268 0.049618 0.035419
vn -0.079239 0.049600 0.035512
vn -0.077749 0.052561 0.034530
vn -0.077734 0.052551 0.034580
vn -0.076868 0.054185 0.033990
vn -0.076860 0.054179 0.034016
vn -0.076394 0.055039 0.033685
vn -0.076390 0.055037 0.033698
vn -0.081621 0.044756 0.036535
vn -0.084201 0.037629 0.038656
vn -0.084105 0.037586 0.038905
vn -0.084009 0.037543 0.039153
vn -0.081400 0.044635 0.037173
vn -0.081344 0.044604 0.037332
vn -0.079179 0.049562 0.035696
vn -0.079150 0.049544 0.035788
vn -0.077703 0.052530 0.034680
vn -0.077688 0.052520 0.034730
vn -0.076845 0.054168 0.034068
vn -0.076837 0.054163 0.034094
vn -0.076382 0.055031 0.033725
vn -0.076378 0.055028 0.033738
vn -0.081455 0.044665 0.037014
vn -0.083913 0.037500 0.039401
vn -0.083816 0.037457 0.039647
vn -0.083719 0.037414 0.039892
vn -0.081232 0.044543 0.037648
vn -0.081175 0.044512 0.037805
vn -0.079090 0.049506 0.035971
vn -0.079060 0.049488 0.036063
vn -0.077658 0.052499 0.034830
vn -0.077642 0.052489 0.034880
vn -0.076822 0.054152 0.034146
vn -0.081288 0.044574 0.037490
vn -0.083621 0.037370 0.040137
vn -0.083523 0.037326 0.040381
vn -0.083425 0.037282 0.040624
vn -0.081062 0.044450 0.038120
vn -0.081119 0.044481 0.037963
vn -0.080892 0.044356 0.038588
vn -0.078939 0.049412 0.036428
vn -0.077596 0.052458 0.035029
vn -0.076799 0.054136 0.034224
vn -0.076363 0.055017 0.033792
vn -0.082929 0.037061 0.041825
vn -0.076351 0.055009 0.033832
vn -0.076775 0.054119 0.034302
vn -0.076355 0.055011 0.033818
vn -0.076783 0.054125 0.034276
vn -0.077565 0.052437 0.035128
vn -0.076359 0.055014 0.033805
vn -0.076791 0.054130 0.034250
vn -0.077581 0.052447 0.035079
vn -0.078909 0.049393 0.036519
vn -0.076374 0.055025 0.033752
vn -0.076386 0.055034 0.033712
vn -0.076398 0.055042 0.033672
vn -0.076409 0.055050 0.033632
vn -0.076421 0.055059 0.033592
vn -0.076432 0.055067 0.033552
vn -0.076444 0.055075 0.033512
vn -0.076455 0.055084 0.033471
vn -0.076467 0.055092 0.033431
vn -0.076830 0.054157 0.034120
vn -0.077673 0.052510 0.034780
vn -0.079120 0.049525 0.035880
vn -0.076853 0.054174 0.034042
vn -0.076876 0.054190 0.033964
vn -0.076899 0.054206 0.033885
vn -0.076922 0.054223 0.033807
vn -0.076945 0.054239 0.033729
vn -0.076968 0.054255 0.033650
vn -0.076991 0.054271 0.033571
vn -0.077014 0.054287 0.033493
vn -0.077719 0.052541 0.034630
vn -0.077765 0.052572 0.034480
vn -0.077810 0.052603 0.034330
vn -0.077856 0.052633 0.034180
vn -0.077901 0.052664 0.034029
vn -0.077946 0.052694 0.033878
vn -0.077991 0.052725 0.033727
vn -0.078036 0.052755 0.033575
vn -0.079030 0.049469 0.036154
vn -0.079209 0.049581 0.035604
vn -0.079298 0.049637 0.035327
vn -0.079387 0.049692 0.035049
vn -0.079475 0.049747 0.034771
vn -0.079562 0.049802 0.034491
vn -0.079649 0.049856 0.034211
vn -0.079735 0.049911 0.033929
vn -0.079821 0.049964 0.033647
usemtl Pierre_bleue_Pyramide
f 1/1/1 2/2/2 3/3/3
f 4/4/4 5/5/5 28/6/6
f 28/6/6 5/5/5 27/7/7
f 27/7/7 5/5/5 34/8/8
f 27/7/7 34/8/8 26/9/9
f 26/9/9 34/8/8 33/10/10
f 26/9/9 33/10/10 25/11/11
f 25/11/11 33/10/10 32/12/12
f 25/11/11 32/12/12 46/13/13
f 46/13/13 32/12/12 45/14/14
f 46/13/13 45/14/14 24/15/15
f 24/15/15 45/14/14 23/16/16
f 23/16/16 45/14/14 44/17/17
f 23/16/16 44/17/17 29/18/18
f 29/18/18 44/17/17 19/19/19
f 29/18/18 19/19/19 22/20/20
f 22/20/20 19/19/19 20/21/21
f 22/20/20 20/21/21 21/22/22
f 34/8/8 5/5/5 35/23/23
f 35/23/23 5/5/5 6/24/24
f 35/23/23 6/24/24 36/25/25
f 36/25/25 6/24/24 7/26/26
f 36/25/25 7/26/26 37/27/27
f 37/27/27 7/26/26 40/28/28
f 37/27/27 40/28/28 41/29/29
f 41/29/29 40/28/28 8/30/30
f 41/29/29 8/30/30 9/31/31
f 7/26/26 8/30/30 40/28/28
f 10/32/32 43/33/33 9/31/31
f 9/31/31 43/33/33 42/34/34
f 9/31/31 42/34/34 41/29/29
f 41/29/29 42/34/34 38/35/35
f 41/29/29 38/35/35 37/27/27
f 37/27/27 38/35/35 32/12/12
f 37/27/27 32/12/12 33/10/10
f 11/36/36 13/37/37 10/32/32
f 10/32/32 13/37/37 14/38/38
f 10/32/32 14/38/38 43/33/33
f 43/33/33 14/38/38 42/34/34
f 11/36/36 12/39/39 13/37/37
f 14/38/38 15/40/40 42/34/34
f 42/34/34 15/40/40 39/41/41
f 42/34/34 39/41/41 38/35/35
f 38/35/35 39/41/41 31/42/42
f 38/35/35 31/42/42 32/12/12
f 32/12/12 31/42/42 45/14/14
f 15/40/40 16/43/43 39/41/41
f 39/41/41 16/43/43 17/44/44
f 39/41/41 17/44/44 30/45/45
f 30/45/45 17/44/44 18/46/46
f 30/45/45 18/46/46 44/17/17
f 44/17/17 18/46/46 19/19/19
f 22/20/20 23/16/16 29/18/18
f 24/15/15 25/11/11 46/13/13
f 31/42/42 39/41/41 30/45/45
f 31/42/42 30/45/45 44/17/17
f 45/14/14 31/42/42 44/17/17
f 36/25/25 37/27/27 33/10/10
f 35/23/23 36/25/25 34/8/8
f 34/8/8 36/25/25 33/10/10
f 4/47/47 28/48/48 58/49/49
f 58/49/49 28/48/48 47/50/50
f 58/49/49 47/50/50 57/51/51
f 57/51/51 47/50/50 48/52/52
f 57/51/51 48/52/52 56/53/53
f 56/53/53 48/52/52 49/54/54
f 56/53/53 49/54/54 55/55/55
f 55/55/55 49/54/54 50/56/56
f 55/55/55 50/56/56 54/57/57
f 54/57/57 50/56/56 51/58/58
f 54/57/57 51/58/58 53/59/59
f 53/59/59 51/58/58 52/60/60
f 53/59/59 52/60/60 1/61/61
f 21/62/62 20/63/63 70/64/64
f 70/64/64 20/63/63 59/65/65
f 70/64/64 59/65/65 69/66/66
f 69/66/66 59/65/65 60/67/67
f 69/66/66 60/67/67 68/68/68
f 68/68/68 60/67/67 61/69/69
f 68/68/68 61/69/69 67/70/70
f 67/70/70 61/69/69 62/71/71
f 67/70/70 62/71/71 66/72/72
f 66/72/72 62/71/71 63/73/73
f 66/72/72 63/73/73 65/74/74
f 65/74/74 63/73/73 64/75/75
f 65/74/74 64/75/75 2/76/76
f 12/77/77 71/78/78 13/79/79
f 13/79/79 71/78/78 82/80/80
f 82/80/80 71/78/78 72/81/81
f 82/80/80 72/81/81 81/82/82
f 81/82/82 72/81/81 73/83/83
f 81/82/82 73/83/83 80/84/84
f 80/84/84 73/83/83 74/85/85
f 80/84/84 74/85/85 79/86/86
f 79/86/86 74/85/85 75/87/87
f 79/86/86 75/87/87 78/88/88
f 78/88/88 75/87/87 76/89/89
f 78/88/88 76/89/89 77/90/90
f 77/90/90 76/89/89 3/91/91
f 12/92/92 11/93/93 71/94/94
f 71/94/94 11/93/93 83/95/95
f 71/94/94 83/95/95 72/96/96
f 72/96/96 83/95/95 84/97/97
f 72/96/96 84/97/97 73/98/98
f 73/98/98 84/97/97 85/99/99
f 73/98/98 85/99/99 74/100/100
f 74/100/100 85/99/99 86/101/101
f 74/100/100 86/101/101 75/102/102
f 75/102/102 86/101/101 87/103/103
f 75/102/102 87/103/103 76/104/104
f 76/104/104 87/103/103 88/105/105
f 76/104/104 88/105/105 3/106/106
f 27/107/107 166/108/108 28/109/109
f 28/109/109 166/108/108 167/110/110
f 28/109/109 167/110/110 168/111/111
f 168/111/111 167/110/110 247/112/112
f 168/111/111 247/112/112 248/113/113
f 248/113/113 247/112/112 327/114/114
f 248/113/113 327/114/114 328/115/115
f 328/115/115 327/114/114 407/116/116
f 328/115/115 407/116/116 408/117/117
f 408/117/117 407/116/116 487/118/118
f 408/117/117 487/118/118 50/119/119
f 50/119/119 487/118/118 51/120/120
f 51/120/120 487/118/118 566/121/121
f 51/120/120 566/121/121 52/122/122
f 52/122/122 566/121/121 645/123/123
f 52/122/122 645/123/123 89/124/124
f 89/124/124 645/123/123 644/125/125
f 89/124/124 644/125/125 802/126/126
f 802/126/126 644/125/125 643/127/127
f 802/126/126 643/127/127 801/128/128
f 801/128/128 643/127/127 642/129/129
f 801/128/128 642/129/129 800/130/130
f 800/130/130 642/129/129 641/131/131
f 800/130/130 641/131/131 799/132/132
f 799/132/132 641/131/131 640/133/133
f 799/132/132 640/133/133 798/134/134
f 798/134/134 640/133/133 639/135/135
f 798/134/134 639/135/135 797/136/136
f 797/136/136 639/135/135 638/137/137
f 797/136/136 638/137/137 796/138/138
f 796/138/138 638/137/137 637/139/139
f 796/138/138 637/139/139 795/140/140
f 795/140/140 637/139/139 636/141/141
f 795/140/140 636/141/141 794/142/142
f 794/142/142 636/141/141 635/143/143
f 794/142/142 635/143/143 793/144/144
f 793/144/144 635/143/143 634/145/145
f 793/144/144 634/145/145 792/146/146
f 792/146/146 634/145/145 633/147/147
f 792/146/146 633/147/147 791/148/148
f 791/148/148 633/147/147 632/149/149
f 791/148/148 632/149/149 790/150/150
f 790/150/150 632/149/149 631/151/151
f 790/150/150 631/151/151 789/152/152
f 789/152/152 631/151/151 630/153/153
f 789/152/152 630/153/153 788/154/154
f 788/154/154 630/153/153 629/155/155
f 788/154/154 629/155/155 787/156/156
f 787/156/156 629/155/155 628/157/157
f 787/156/156 628/157/157 786/158/158
f 786/158/158 628/157/157 627/159/159
f 786/158/158 627/159/159 785/160/160
f 785/160/160 627/159/159 626/161/161
f 785/160/160 626/161/161 784/162/162
f 784/162/162 626/161/161 625/163/163
f 784/162/162 625/163/163 783/164/164
f 783/164/164 625/163/163 624/165/165
f 783/164/164 624/165/165 782/166/166
f 782/166/166 624/165/165 623/167/167
f 782/166/166 623/167/167 781/168/168
f 781/168/168 623/167/167 622/169/169
f 781/168/168 622/169/169 780/170/170
f 780/170/170 622/169/169 621/171/171
f 780/170/170 621/171/171 779/172/172
f 779/172/172 621/171/171 620/173/173
f 779/172/172 620/173/173 778/174/174
f 778/174/174 620/173/173 619/175/175
f 778/174/174 619/175/175 777/176/176
f 777/176/176 619/175/175 618/177/177
f 777/176/176 618/177/177 776/178/178
f 776/178/178 618/177/177 617/179/179
f 776/178/178 617/179/179 775/180/180
f 775/180/180 617/179/179 616/181/181
f 775/180/180 616/181/181 774/182/182
f 774/182/182 616/181/181 615/183/183
f 774/182/182 615/183/183 773/184/184
f 773/184/184 615/183/183 614/185/185
f 773/184/184 614/185/185 772/186/186
f 772/186/186 614/185/185 613/187/187
f 772/186/186 613/187/187 771/188/188
f 771/188/188 613/187/187 612/189/189
f 771/188/188 612/189/189 770/190/190
f 770/190/190 612/189/189 611/191/191
f 770/190/190 611/191/191 769/192/192
f 769/192/192 611/191/191 610/193/193
f 769/192/192 610/193/193 768/194/194
f 768/194/194 610/193/193 609/195/195
f 768/194/194 609/195/195 767/196/196
f 767/196/196 609/195/195 608/197/197
f 767/196/196 608/197/197 766/198/198
f 766/198/198 608/197/197 607/199/199
f 766/198/198 607/199/199 765/200/200
f 765/200/200 607/199/199 606/201/201
f 765/200/200 606/201/201 764/202/202
f 764/202/202 606/201/201 605/203/203
f 764/202/202 605/203/203 763/204/204
f 763/204/204 605/203/203 604/205/205
f 763/204/204 604/205/205 762/206/206
f 762/206/206 604/205/205 603/207/207
f 762/206/206 603/207/207 761/208/208
f 761/208/208 603/207/207 602/209/209
f 761/208/208 602/209/209 760/210/210
f 760/210/210 602/209/209 601/211/211
f 760/210/210 601/211/211 759/212/212
f 759/212/212 601/211/211 600/213/213
f 759/212/212 600/213/213 758/214/214
f 758/214/214 600/213/213 599/215/215
f 758/214/214 599/215/215 757/216/216
f 757/216/216 599/215/215 598/217/217
f 757/216/216 598/217/217 756/218/218
f 756/218/218 598/217/217 597/219/219
f 756/218/218 597/219/219 755/220/220
f 755/220/220 597/219/219 596/221/221
f 755/220/220 596/221/221 754/222/222
f 754/222/222 596/221/221 595/223/223
f 754/222/222 595/223/223 753/224/224
f 753/224/224 595/223/223 594/225/225
f 753/224/224 594/225/225 752/226/226
f 752/226/226 594/225/225 593/227/227
f 752/226/226 593/227/227 751/228/228
f 751/228/228 593/227/227 592/229/229
f 751/228/228 592/229/229 750/230/230
f 750/230/230 592/229/229 591/231/231
f 750/230/230 591/231/231 749/232/232
f 749/232/232 591/231/231 590/233/233
f 749/232/232 590/233/233 748/234/234
f 748/234/234 590/233/233 589/235/235
f 748/234/234 589/235/235 747/236/236
f 747/236/236 589/235/235 588/237/237
f 747/236/236 588/237/237 746/238/238
f 746/238/238 588/237/237 587/239/239
f 746/238/238 587/239/239 745/240/240
f 745/240/240 587/239/239 586/241/241
f 745/240/240 586/241/241 744/242/242
f 744/242/242 586/241/241 585/243/243
f 744/242/242 585/243/243 743/244/244
f 743/244/244 585/243/243 584/245/245
f 743/244/244 584/245/245 742/246/246
f 742/246/246 584/245/245 583/247/247
f 742/246/246 583/247/247 741/248/248
f 741/248/248 583/247/247 582/249/249
f 741/248/248 582/249/249 740/250/250
f 740/250/250 582/249/249 581/251/251
f 740/250/250 581/251/251 739/252/252
f 739/252/252 581/251/251 580/253/253
f 739/252/252 580/253/253 738/254/254
f 738/254/254 580/253/253 579/255/255
f 738/254/254 579/255/255 737/256/256
f 737/256/256 579/255/255 578/257/257
f 737/256/256 578/257/257 736/258/258
f 736/258/258 578/257/257 577/259/259
f 736/258/258 577/259/259 735/260/260
f 735/260/260 577/259/259 576/261/261
f 735/260/260 576/261/261 734/262/262
f 734/262/262 576/261/261 575/263/263
f 734/262/262 575/263/263 733/264/264
f 733/264/264 575/263/263 574/265/265
f 733/264/264 574/265/265 732/266/266
f 732/266/266 574/265/265 573/267/267
f 732/266/266 573/267/267 731/268/268
f 731/268/268 573/267/267 572/269/269
f 731/268/268 572/269/269 730/270/270
f 730/270/270 572/269/269 571/271/271
f 730/270/270 571/271/271 729/272/272
f 729/272/272 571/271/271 570/273/273
f 729/272/272 570/273/273 728/274/274
f 728/274/274 570/273/273 569/275/275
f 728/274/274 569/275/275 727/276/276
f 727/276/276 569/275/275 568/277/277
f 727/276/276 568/277/277 726/278/278
f 726/278/278 568/277/277 567/279/279
f 726/278/278 567/279/279 725/280/280
f 725/280/280 567/279/279 65/281/281
f 725/280/280 65/281/281 2/282/282
f 26/283/283 155/284/284 27/107/107
f 27/107/107 155/284/284 156/285/285
f 27/107/107 156/285/285 157/286/286
f 157/286/286 156/285/285 236/287/287
f 157/286/286 236/287/287 237/288/288
f 237/288/288 236/287/287 316/289/289
f 237/288/288 316/289/289 317/290/290
f 317/290/290 316/289/289 396/291/291
f 317/290/290 396/291/291 397/292/292
f 397/292/292 396/291/291 476/293/293
f 397/292/292 476/293/293 477/294/294
f 477/294/294 476/293/293 556/295/295
f 477/294/294 556/295/295 557/296/296
f 557/296/296 556/295/295 636/141/141
f 557/296/296 636/141/141 637/139/139
f 25/297/297 143/298/298 26/283/283
f 26/283/283 143/298/298 144/299/299
f 26/283/283 144/299/299 145/300/300
f 145/300/300 144/299/299 224/301/301
f 145/300/300 224/301/301 225/302/302
f 225/302/302 224/301/301 304/303/303
f 225/302/302 304/303/303 305/304/304
f 305/304/304 304/303/303 384/305/305
f 305/304/304 384/305/305 385/306/306
f 385/306/306 384/305/305 464/307/307
f 385/306/306 464/307/307 465/308/308
f 465/308/308 464/307/307 544/309/309
f 465/308/308 544/309/309 545/310/310
f 545/310/310 544/309/309 624/165/165
f 545/310/310 624/165/165 625/163/163
f 24/311/311 132/312/312 25/297/297
f 25/297/297 132/312/312 133/313/313
f 25/297/297 133/313/313 134/314/314
f 134/314/314 133/313/313 213/315/315
f 134/314/314 213/315/315 214/316/316
f 214/316/316 213/315/315 293/317/317
f 214/316/316 293/317/317 294/318/318
f 294/318/318 293/317/317 373/319/319
f 294/318/318 373/319/319 374/320/320
f 374/320/320 373/319/319 453/321/321
f 374/320/320 453/321/321 454/322/322
f 454/322/322 453/321/321 533/323/323
f 454/322/322 533/323/323 534/324/324
f 534/324/324 533/323/323 613/187/187
f 534/324/324 613/187/187 614/185/185
f 23/325/325 121/326/326 24/311/311
f 24/311/311 121/326/326 122/327/327
f 24/311/311 122/327/327 123/328/328
f 123/328/328 122/327/327 202/329/329
f 123/328/328 202/329/329 203/330/330
f 203/330/330 202/329/329 282/331/331
f 203/330/330 282/331/331 283/332/332
f 283/332/332 282/331/331 362/333/333
f 283/332/332 362/333/333 363/334/334
f 363/334/334 362/333/333 442/335/335
f 363/334/334 442/335/335 443/336/336
f 443/336/336 442/335/335 522/337/337
f 443/336/336 522/337/337 523/338/338
f 523/338/338 522/337/337 602/209/209
f 523/338/338 602/209/209 603/207/207
f 22/339/339 109/340/340 23/325/325
f 23/325/325 109/340/340 110/341/341
f 23/325/325 110/341/341 111/342/342
f 111/342/342 110/341/341 190/343/343
f 111/342/342 190/343/343 191/344/344
f 191/344/344 190/343/343 270/345/345
f 191/344/344 270/345/345 271/346/346
f 271/346/346 270/345/345 350/347/347
f 271/346/346 350/347/347 351/348/348
f 351/348/348 350/347/347 430/349/349
f 351/348/348 430/349/349 431/350/350
f 431/350/350 430/349/349 510/351/351
f 431/350/350 510/351/351 511/352/352
f 511/352/352 510/351/351 590/233/233
f 511/352/352 590/233/233 591/231/231
f 21/353/353 98/354/354 22/339/339
f 22/339/339 98/354/354 99/355/355
f 22/339/339 99/355/355 100/356/356
f 100/356/356 99/355/355 179/357/357
f 100/356/356 179/357/357 180/358/358
f 180/358/358 179/357/357 259/359/359
f 180/358/358 259/359/359 260/360/360
f 260/360/360 259/359/359 339/361/361
f 260/360/360 339/361/361 340/362/362
f 340/362/362 339/361/361 419/363/363
f 340/362/362 419/363/363 420/364/364
f 420/364/364 419/363/363 499/365/365
f 420/364/364 499/365/365 500/366/366
f 500/366/366 499/365/365 579/255/255
f 500/366/366 579/255/255 580/253/253
f 70/367/367 93/368/368 21/353/353
f 21/353/353 93/368/368 94/369/369
f 21/353/353 94/369/369 95/370/370
f 95/370/370 94/369/369 174/371/371
f 95/370/370 174/371/371 175/372/372
f 175/372/372 174/371/371 254/373/373
f 175/372/372 254/373/373 255/374/374
f 255/374/374 254/373/373 334/375/375
f 255/374/374 334/375/375 335/376/376
f 335/376/376 334/375/375 414/377/377
f 335/376/376 414/377/377 415/378/378
f 415/378/378 414/377/377 494/379/379
f 415/378/378 494/379/379 495/380/380
f 495/380/380 494/379/379 574/265/265
f 495/380/380 574/265/265 575/263/263
f 93/368/368 70/367/367 172/381/381
f 172/381/381 70/367/367 69/382/382
f 172/381/381 69/382/382 251/383/383
f 251/383/383 69/382/382 68/384/384
f 251/383/383 68/384/384 330/385/385
f 330/385/385 68/384/384 67/386/386
f 330/385/385 67/386/386 409/387/387
f 409/387/387 67/386/386 66/388/388
f 409/387/387 66/388/388 488/389/389
f 488/389/389 66/388/388 65/281/281
f 488/389/389 65/281/281 567/279/279
f 1/390/390 685/391/391 2/282/282
f 2/282/282 685/391/391 686/392/392
f 2/282/282 686/392/392 687/393/393
f 687/393/393 686/392/392 1154/394/394
f 687/393/393 1154/394/394 1153/395/395
f 1153/395/395 1154/394/394 1075/396/396
f 1153/395/395 1075/396/396 1074/397/397
f 1074/397/397 1075/396/396 996/398/398
f 1074/397/397 996/398/398 995/399/399
f 995/399/399 996/398/398 916/400/400
f 995/399/399 916/400/400 915/401/401
f 915/401/401 916/400/400 836/402/402
f 915/401/401 836/402/402 835/403/403
f 835/403/403 836/402/402 757/216/216
f 835/403/403 757/216/216 756/218/218
f 52/122/122 90/404/404 1/390/390
f 1/390/390 90/404/404 1117/405/405
f 1/390/390 1117/405/405 960/406/406
f 960/406/406 1117/405/405 1116/407/407
f 960/406/406 1116/407/407 1194/408/408
f 1194/408/408 1116/407/407 1115/409/409
f 1194/408/408 1115/409/409 1193/410/410
f 1193/410/410 1115/409/409 1114/411/411
f 1193/410/410 1114/411/411 1192/412/412
f 1192/412/412 1114/411/411 1113/413/413
f 1192/412/412 1113/413/413 1191/414/414
f 1191/414/414 1113/413/413 1112/415/415
f 1191/414/414 1112/415/415 1190/416/416
f 1190/416/416 1112/415/415 1111/417/417
f 1190/416/416 1111/417/417 1189/418/418
f 1189/418/418 1111/417/417 1110/419/419
f 1189/418/418 1110/419/419 1188/420/420
f 1188/420/420 1110/419/419 1109/421/421
f 1188/420/420 1109/421/421 1187/422/422
f 1187/422/422 1109/421/421 1108/423/423
f 1187/422/422 1108/423/423 1186/424/424
f 1186/424/424 1108/423/423 1107/425/425
f 1186/424/424 1107/425/425 1185/426/426
f 1185/426/426 1107/425/425 1106/427/427
f 1185/426/426 1106/427/427 1184/428/428
f 1184/428/428 1106/427/427 1105/429/429
f 1184/428/428 1105/429/429 1183/430/430
f 1183/430/430 1105/429/429 1104/431/431
f 1183/430/430 1104/431/431 1182/432/432
f 1182/432/432 1104/431/431 1103/433/433
f 1182/432/432 1103/433/433 1181/434/434
f 1181/434/434 1103/433/433 1102/435/435
f 1181/434/434 1102/435/435 1180/436/436
f 1180/436/436 1102/435/435 1101/437/437
f 1180/436/436 1101/437/437 1179/438/438
f 1179/438/438 1101/437/437 1100/439/439
f 1179/438/438 1100/439/439 1178/440/440
f 1178/440/440 1100/439/439 1099/441/441
f 1178/440/440 1099/441/441 1177/442/442
f 1177/442/442 1099/441/441 1098/443/443
f 1177/442/442 1098/443/443 1176/444/444
f 1176/444/444 1098/443/443 1097/445/445
f 1176/444/444 1097/445/445 1175/446/446
f 1175/446/446 1097/445/445 1096/447/447
f 1175/446/446 1096/447/447 1174/448/448
f 1174/448/448 1096/447/447 1095/449/449
f 1174/448/448 1095/449/449 1173/450/450
f 1173/450/450 1095/449/449 1094/451/451
f 1173/450/450 1094/451/451 1172/452/452
f 1172/452/452 1094/451/451 1093/453/453
f 1172/452/452 1093/453/453 1171/454/454
f 1171/454/454 1093/453/453 1092/455/455
f 1171/454/454 1092/455/455 1170/456/456
f 1170/456/456 1092/455/455 1091/457/457
f 1170/456/456 1091/457/457 1169/458/458
f 1169/458/458 1091/457/457 1090/459/459
f 1169/458/458 1090/459/459 1168/460/460
f 1168/460/460 1090/459/459 1089/461/461
f 1168/460/460 1089/461/461 1167/462/462
f 1167/462/462 1089/461/461 1088/463/463
f 1167/462/462 1088/463/463 1166/464/464
f 1166/464/464 1088/463/463 1087/465/465
f 1166/464/464 1087/465/465 1165/466/466
f 1165/466/466 1087/465/465 1086/467/467
f 1165/466/466 1086/467/467 1164/468/468
f 1164/468/468 1086/467/467 1085/469/469
f 1164/468/468 1085/469/469 1163/470/470
f 1163/470/470 1085/469/469 1084/471/471
f 1163/470/470 1084/471/471 1162/472/472
f 1162/472/472 1084/471/471 1083/473/473
f 1162/472/472 1083/473/473 1161/474/474
f 1161/474/474 1083/473/473 1082/475/475
f 1161/474/474 1082/475/475 1160/476/476
f 1160/476/476 1082/475/475 1081/477/477
f 1160/476/476 1081/477/477 1159/478/478
f 1159/478/478 1081/477/477 1080/479/479
f 1159/478/478 1080/479/479 1158/480/480
f 1158/480/480 1080/479/479 1079/481/481
f 1158/480/480 1079/481/481 1157/482/482
f 1157/482/482 1079/481/481 1078/483/483
f 1157/482/482 1078/483/483 1156/484/484
f 1156/484/484 1078/483/483 1077/485/485
f 1156/484/484 1077/485/485 1155/486/486
f 1155/486/486 1077/485/485 1076/487/487
f 1155/486/486 1076/487/487 1154/394/394
f 1154/394/394 1076/487/487 1075/396/396
f 50/119/119 49/488/488 408/117/117
f 408/117/117 49/488/488 329/489/489
f 408/117/117 329/489/489 328/115/115
f 328/115/115 329/489/489 249/490/490
f 328/115/115 249/490/490 248/113/113
f 248/113/113 249/490/490 169/491/491
f 248/113/113 169/491/491 168/111/111
f 168/111/111 169/491/491 28/109/109
f 49/488/488 48/492/492 329/489/489
f 329/489/489 48/492/492 250/493/493
f 329/489/489 250/493/493 249/490/490
f 249/490/490 250/493/493 170/494/494
f 249/490/490 170/494/494 169/491/491
f 169/491/491 170/494/494 28/109/109
f 48/492/492 47/495/495 250/493/493
f 250/493/493 47/495/495 171/496/496
f 250/493/493 171/496/496 170/494/494
f 170/494/494 171/496/496 28/109/109
f 47/495/495 28/109/109 171/496/496
f 52/122/122 803/497/497 90/404/404
f 90/404/404 803/497/497 959/498/498
f 90/404/404 959/498/498 1038/499/499
f 1038/499/499 959/498/498 958/500/500
f 1038/499/499 958/500/500 1037/501/501
f 1037/501/501 958/500/500 957/502/502
f 1037/501/501 957/502/502 1036/503/503
f 1036/503/503 957/502/502 956/504/504
f 1036/503/503 956/504/504 1035/505/505
f 1035/505/505 956/504/504 955/506/506
f 1035/505/505 955/506/506 1034/507/507
f 1034/507/507 955/506/506 954/508/508
f 1034/507/507 954/508/508 1033/509/509
f 1033/509/509 954/508/508 953/510/510
f 1033/509/509 953/510/510 1032/511/511
f 1032/511/511 953/510/510 952/512/512
f 1032/511/511 952/512/512 1031/513/513
f 1031/513/513 952/512/512 951/514/514
f 1031/513/513 951/514/514 1030/515/515
f 1030/515/515 951/514/514 950/516/516
f 1030/515/515 950/516/516 1029/517/517
f 1029/517/517 950/516/516 949/518/518
f 1029/517/517 949/518/518 1028/519/519
f 1028/519/519 949/518/518 948/520/520
f 1028/519/519 948/520/520 1027/521/521
f 1027/521/521 948/520/520 947/522/522
f 1027/521/521 947/522/522 1026/523/523
f 1026/523/523 947/522/522 946/524/524
f 1026/523/523 946/524/524 1025/525/525
f 1025/525/525 946/524/524 945/526/526
f 1025/525/525 945/526/526 1024/527/527
f 1024/527/527 945/526/526 944/528/528
f 1024/527/527 944/528/528 1023/529/529
f 1023/529/529 944/528/528 943/530/530
f 1023/529/529 943/530/530 1022/531/531
f 1022/531/531 943/530/530 942/532/532
f 1022/531/531 942/532/532 1021/533/533
f 1021/533/533 942/532/532 941/534/534
f 1021/533/533 941/534/534 1020/535/535
f 1020/535/535 941/534/534 940/536/536
f 1020/535/535 940/536/536 1019/537/537
f 1019/537/537 940/536/536 939/538/538
f 1019/537/537 939/538/538 1018/539/539
f 1018/539/539 939/538/538 938/540/540
f 1018/539/539 938/540/540 1017/541/541
f 1017/541/541 938/540/540 937/542/542
f 1017/541/541 937/542/542 1016/543/543
f 1016/543/543 937/542/542 936/544/544
f 1016/543/543 936/544/544 1015/545/545
f 1015/545/545 936/544/544 935/546/546
f 1015/545/545 935/546/546 1014/547/547
f 1014/547/547 935/546/546 934/548/548
f 1014/547/547 934/548/548 1013/549/549
f 1013/549/549 934/548/548 933/550/550
f 1013/549/549 933/550/550 1012/551/551
f 1012/551/551 933/550/550 932/552/552
f 1012/551/551 932/552/552 1011/553/553
f 1011/553/553 932/552/552 931/554/554
f 1011/553/553 931/554/554 1010/555/555
f 1010/555/555 931/554/554 930/556/556
f 1010/555/555 930/556/556 1009/557/557
f 1009/557/557 930/556/556 929/558/558
f 1009/557/557 929/558/558 1008/559/559
f 1008/559/559 929/558/558 928/560/560
f 1008/559/559 928/560/560 1007/561/561
f 1007/561/561 928/560/560 927/562/562
f 1007/561/561 927/562/562 1006/563/563
f 1006/563/563 927/562/562 926/564/564
f 1006/563/563 926/564/564 1005/565/565
f 1005/565/565 926/564/564 925/566/566
f 1005/565/565 925/566/566 1004/567/567
f 1004/567/567 925/566/566 924/568/568
f 1004/567/567 924/568/568 1003/569/569
f 1003/569/569 924/568/568 923/570/570
f 1003/569/569 923/570/570 1002/571/571
f 1002/571/571 923/570/570 922/572/572
f 1002/571/571 922/572/572 1001/573/573
f 1001/573/573 922/572/572 921/574/574
f 1001/573/573 921/574/574 1000/575/575
f 1000/575/575 921/574/574 920/576/576
f 1000/575/575 920/576/576 999/577/577
f 999/577/577 920/576/576 919/578/578
f 999/577/577 919/578/578 998/579/579
f 998/579/579 919/578/578 918/580/580
f 998/579/579 918/580/580 997/581/581
f 997/581/581 918/580/580 917/582/582
f 997/581/581 917/582/582 996/398/398
f 996/398/398 917/582/582 916/400/400
f 1/390/390 960/406/406 646/583/583
f 646/583/583 960/406/406 1194/408/408
f 646/583/583 1194/408/408 647/584/584
f 647/584/584 1194/408/408 1193/410/410
f 647/584/584 1193/410/410 648/585/585
f 648/585/585 1193/410/410 1192/412/412
f 648/585/585 1192/412/412 649/586/586
f 649/586/586 1192/412/412 1191/414/414
f 649/586/586 1191/414/414 650/587/587
f 650/587/587 1191/414/414 1190/416/416
f 650/587/587 1190/416/416 651/588/588
f 651/588/588 1190/416/416 1189/418/418
f 651/588/588 1189/418/418 652/589/589
f 652/589/589 1189/418/418 1188/420/420
f 652/589/589 1188/420/420 653/590/590
f 653/590/590 1188/420/420 1187/422/422
f 653/590/590 1187/422/422 654/591/591
f 654/591/591 1187/422/422 1186/424/424
f 654/591/591 1186/424/424 655/592/592
f 655/592/592 1186/424/424 1185/426/426
f 655/592/592 1185/426/426 656/593/593
f 656/593/593 1185/426/426 1184/428/428
f 656/593/593 1184/428/428 657/594/594
f 657/594/594 1184/428/428 1183/430/430
f 657/594/594 1183/430/430 658/595/595
f 658/595/595 1183/430/430 1182/432/432
f 658/595/595 1182/432/432 659/596/596
f 659/596/596 1182/432/432 1181/434/434
f 659/596/596 1181/434/434 660/597/597
f 660/597/597 1181/434/434 1180/436/436
f 660/597/597 1180/436/436 661/598/598
f 661/598/598 1180/436/436 1179/438/438
f 661/598/598 1179/438/438 662/599/599
f 662/599/599 1179/438/438 1178/440/440
f 662/599/599 1178/440/440 663/600/600
f 663/600/600 1178/440/440 1177/442/442
f 663/600/600 1177/442/442 664/601/601
f 664/601/601 1177/442/442 1176/444/444
f 664/601/601 1176/444/444 665/602/602
f 665/602/602 1176/444/444 1175/446/446
f 665/602/602 1175/446/446 666/603/603
f 666/603/603 1175/446/446 1174/448/448
f 666/603/603 1174/448/448 667/604/604
f 667/604/604 1174/448/448 1173/450/450
f 667/604/604 1173/450/450 668/605/605
f 668/605/605 1173/450/450 1172/452/452
f 668/605/605 1172/452/452 669/606/606
f 669/606/606 1172/452/452 1171/454/454
f 669/606/606 1171/454/454 670/607/607
f 670/607/607 1171/454/454 1170/456/456
f 670/607/607 1170/456/456 671/608/608
f 671/608/608 1170/456/456 1169/458/458
f 671/608/608 1169/458/458 672/609/609
f 672/609/609 1169/458/458 1168/460/460
f 672/609/609 1168/460/460 673/610/610
f 673/610/610 1168/460/460 1167/462/462
f 673/610/610 1167/462/462 674/611/611
f 674/611/611 1167/462/462 1166/464/464
f 674/611/611 1166/464/464 675/612/612
f 675/612/612 1166/464/464 1165/466/466
f 675/612/612 1165/466/466 676/613/613
f 676/613/613 1165/466/466 1164/468/468
f 676/613/613 1164/468/468 677/614/614
f 677/614/614 1164/468/468 1163/470/470
f 677/614/614 1163/470/470 678/615/615
f 678/615/615 1163/470/470 1162/472/472
f 678/615/615 1162/472/472 679/616/616
f 679/616/616 1162/472/472 1161/474/474
f 679/616/616 1161/474/474 680/617/617
f 680/617/617 1161/474/474 1160/476/476
f 680/617/617 1160/476/476 681/618/618
f 681/618/618 1160/476/476 1159/478/478
f 681/618/618 1159/478/478 682/619/619
f 682/619/619 1159/478/478 1158/480/480
f 682/619/619 1158/480/480 683/620/620
f 683/620/620 1158/480/480 1157/482/482
f 683/620/620 1157/482/482 684/621/621
f 684/621/621 1157/482/482 1156/484/484
f 684/621/621 1156/484/484 685/391/391
f 685/391/391 1156/484/484 1155/486/486
f 685/391/391 1155/486/486 686/392/392
f 686/392/392 1155/486/486 1154/394/394
f 91/622/622 2/282/282 882/623/623
f 882/623/623 2/282/282 961/624/624
f 882/623/623 961/624/624 962/625/625
f 962/625/625 961/624/624 1040/626/626
f 962/625/625 1040/626/626 1041/627/627
f 1041/627/627 1040/626/626 1119/628/628
f 1041/627/627 1119/628/628 1120/629/629
f 1120/629/629 1119/628/628 721/630/630
f 1120/629/629 721/630/630 720/631/631
f 720/631/631 721/630/630 2/282/282
f 720/631/631 2/282/282 719/632/632
f 719/632/632 2/282/282 718/633/633
f 719/632/632 718/633/633 1122/634/634
f 1122/634/634 718/633/633 1123/635/635
f 1122/634/634 1123/635/635 1044/636/636
f 1044/636/636 1123/635/635 1045/637/637
f 1044/636/636 1045/637/637 966/638/638
f 966/638/638 1045/637/637 967/639/639
f 966/638/638 967/639/639 887/640/640
f 887/640/640 967/639/639 888/641/641
f 887/640/640 888/641/641 808/642/642
f 808/642/642 888/641/641 809/643/643
f 808/642/642 809/643/643 730/270/270
f 730/270/270 809/643/643 731/268/268
f 92/644/644 2/282/282 724/645/645
f 724/645/645 2/282/282 723/646/646
f 724/645/645 723/646/646 92/644/644
f 92/644/644 723/646/646 1118/647/647
f 92/644/644 1118/647/647 1039/648/648
f 1039/648/648 1118/647/647 1040/626/626
f 1039/648/648 1040/626/626 961/624/624
f 94/369/369 93/368/368 173/649/649
f 173/649/649 93/368/368 172/381/381
f 173/649/649 172/381/381 252/650/650
f 252/650/650 172/381/381 251/383/383
f 252/650/650 251/383/383 331/651/651
f 331/651/651 251/383/383 330/385/385
f 331/651/651 330/385/385 410/652/652
f 410/652/652 330/385/385 409/387/387
f 410/652/652 409/387/387 489/653/653
f 489/653/653 409/387/387 488/389/389
f 489/653/653 488/389/389 568/277/277
f 568/277/277 488/389/389 567/279/279
f 95/370/370 96/654/654 21/353/353
f 21/353/353 96/654/654 97/655/655
f 21/353/353 97/655/655 98/354/354
f 98/354/354 97/655/655 177/656/656
f 98/354/354 177/656/656 178/657/657
f 178/657/657 177/656/656 257/658/658
f 178/657/657 257/658/658 258/659/659
f 258/659/659 257/658/658 337/660/660
f 258/659/659 337/660/660 338/661/661
f 338/661/661 337/660/660 417/662/662
f 338/661/661 417/662/662 418/663/663
f 418/663/663 417/662/662 497/664/664
f 418/663/663 497/664/664 498/665/665
f 498/665/665 497/664/664 577/259/259
f 498/665/665 577/259/259 578/257/257
f 95/370/370 175/372/372 96/654/654
f 96/654/654 175/372/372 176/666/666
f 96/654/654 176/666/666 97/655/655
f 97/655/655 176/666/666 177/656/656
f 179/357/357 99/355/355 178/657/657
f 178/657/657 99/355/355 98/354/354
f 100/356/356 101/667/667 22/339/339
f 22/339/339 101/667/667 102/668/668
f 22/339/339 102/668/668 103/669/669
f 103/669/669 102/668/668 182/670/670
f 103/669/669 182/670/670 183/671/671
f 183/671/671 182/670/670 262/672/672
f 183/671/671 262/672/672 263/673/673
f 263/673/673 262/672/672 342/674/674
f 263/673/673 342/674/674 343/675/675
f 343/675/675 342/674/674 422/676/676
f 343/675/675 422/676/676 423/677/677
f 423/677/677 422/676/676 502/678/678
f 423/677/677 502/678/678 503/679/679
f 503/679/679 502/678/678 582/249/249
f 503/679/679 582/249/249 583/247/247
f 100/356/356 180/358/358 101/667/667
f 101/667/667 180/358/358 181/680/680
f 101/667/667 181/680/680 102/668/668
f 102/668/668 181/680/680 182/670/670
f 103/669/669 104/681/681 22/339/339
f 22/339/339 104/681/681 105/682/682
f 22/339/339 105/682/682 106/683/683
f 106/683/683 105/682/682 185/684/684
f 106/683/683 185/684/684 186/685/685
f 186/685/685 185/684/684 265/686/686
f 186/685/685 265/686/686 266/687/687
f 266/687/687 265/686/686 345/688/688
f 266/687/687 345/688/688 346/689/689
f 346/689/689 345/688/688 425/690/690
f 346/689/689 425/690/690 426/691/691
f 426/691/691 425/690/690 505/692/692
f 426/691/691 505/692/692 506/693/693
f 506/693/693 505/692/692 585/243/243
f 506/693/693 585/243/243 586/241/241
f 103/669/669 183/671/671 104/681/681
f 104/681/681 183/671/671 184/694/694
f 104/681/681 184/694/694 105/682/682
f 105/682/682 184/694/694 185/684/684
f 106/683/683 107/695/695 22/339/339
f 22/339/339 107/695/695 108/696/696
f 22/339/339 108/696/696 109/340/340
f 109/340/340 108/696/696 188/697/697
f 109/340/340 188/697/697 189/698/698
f 189/698/698 188/697/697 268/699/699
f 189/698/698 268/699/699 269/700/700
f 269/700/700 268/699/699 348/701/701
f 269/700/700 348/701/701 349/702/702
f 349/702/702 348/701/701 428/703/703
f 349/702/702 428/703/703 429/704/704
f 429/704/704 428/703/703 508/705/705
f 429/704/704 508/705/705 509/706/706
f 509/706/706 508/705/705 588/237/237
f 509/706/706 588/237/237 589/235/235
f 106/683/683 186/685/685 107/695/695
f 107/695/695 186/685/685 187/707/707
f 107/695/695 187/707/707 108/696/696
f 108/696/696 187/707/707 188/697/697
f 190/343/343 110/341/341 189/698/698
f 189/698/698 110/341/341 109/340/340
f 111/342/342 112/708/708 23/325/325
f 23/325/325 112/708/708 113/709/709
f 23/325/325 113/709/709 114/710/710
f 114/710/710 113/709/709 193/711/711
f 114/710/710 193/711/711 194/712/712
f 194/712/712 193/711/711 273/713/713
f 194/712/712 273/713/713 274/714/714
f 274/714/714 273/713/713 353/715/715
f 274/714/714 353/715/715 354/716/716
f 354/716/716 353/715/715 433/717/717
f 354/716/716 433/717/717 434/718/718
f 434/718/718 433/717/717 513/719/719
f 434/718/718 513/719/719 514/720/720
f 514/720/720 513/719/719 593/227/227
f 514/720/720 593/227/227 594/225/225
f 111/342/342 191/344/344 112/708/708
f 112/708/708 191/344/344 192/721/721
f 112/708/708 192/721/721 113/709/709
f 113/709/709 192/721/721 193/711/711
f 114/710/710 115/722/722 23/325/325
f 23/325/325 115/722/722 116/723/723
f 23/325/325 116/723/723 117/724/724
f 117/724/724 116/723/723 196/725/725
f 117/724/724 196/725/725 197/726/726
f 197/726/726 196/725/725 276/727/727
f 197/726/726 276/727/727 277/728/728
f 277/728/728 276/727/727 356/729/729
f 277/728/728 356/729/729 357/730/730
f 357/730/730 356/729/729 436/731/731
f 357/730/730 436/731/731 437/732/732
f 437/732/732 436/731/731 516/733/733
f 437/732/732 516/733/733 517/734/734
f 517/734/734 516/733/733 596/221/221
f 517/734/734 596/221/221 597/219/219
f 114/710/710 194/712/712 115/722/722
f 115/722/722 194/712/712 195/735/735
f 115/722/722 195/735/735 116/723/723
f 116/723/723 195/735/735 196/725/725
f 117/724/724 118/736/736 23/325/325
f 23/325/325 118/736/736 119/737/737
f 23/325/325 119/737/737 120/738/738
f 120/738/738 119/737/737 199/739/739
f 120/738/738 199/739/739 200/740/740
f 200/740/740 199/739/739 279/741/741
f 200/740/740 279/741/741 280/742/742
f 280/742/742 279/741/741 359/743/743
f 280/742/742 359/743/743 360/744/744
f 360/744/744 359/743/743 439/745/745
f 360/744/744 439/745/745 440/746/746
f 440/746/746 439/745/745 519/747/747
f 440/746/746 519/747/747 520/748/748
f 520/748/748 519/747/747 599/215/215
f 520/748/748 599/215/215 600/213/213
f 117/724/724 197/726/726 118/736/736
f 118/736/736 197/726/726 198/749/749
f 118/736/736 198/749/749 119/737/737
f 119/737/737 198/749/749 199/739/739
f 121/326/326 23/325/325 120/738/738
f 120/738/738 200/740/740 121/326/326
f 121/326/326 200/740/740 201/750/750
f 121/326/326 201/750/750 122/327/327
f 122/327/327 201/750/750 202/329/329
f 123/328/328 124/751/751 24/311/311
f 24/311/311 124/751/751 125/752/752
f 24/311/311 125/752/752 126/753/753
f 126/753/753 125/752/752 205/754/754
f 126/753/753 205/754/754 206/755/755
f 206/755/755 205/754/754 285/756/756
f 206/755/755 285/756/756 286/757/757
f 286/757/757 285/756/756 365/758/758
f 286/757/757 365/758/758 366/759/759
f 366/759/759 365/758/758 445/760/760
f 366/759/759 445/760/760 446/761/761
f 446/761/761 445/760/760 525/762/762
f 446/761/761 525/762/762 526/763/763
f 526/763/763 525/762/762 605/203/203
f 526/763/763 605/203/203 606/201/201
f 123/328/328 203/330/330 124/751/751
f 124/751/751 203/330/330 204/764/764
f 124/751/751 204/764/764 125/752/752
f 125/752/752 204/764/764 205/754/754
f 126/753/753 127/765/765 24/311/311
f 24/311/311 127/765/765 128/766/766
f 24/311/311 128/766/766 129/767/767
f 129/767/767 128/766/766 208/768/768
f 129/767/767 208/768/768 209/769/769
f 209/769/769 208/768/768 288/770/770
f 209/769/769 288/770/770 289/771/771
f 289/771/771 288/770/770 368/772/772
f 289/771/771 368/772/772 369/773/773
f 369/773/773 368/772/772 448/774/774
f 369/773/773 448/774/774 449/775/775
f 449/775/775 448/774/774 528/776/776
f 449/775/775 528/776/776 529/777/777
f 529/777/777 528/776/776 608/197/197
f 529/777/777 608/197/197 609/195/195
f 126/753/753 206/755/755 127/765/765
f 127/765/765 206/755/755 207/778/778
f 127/765/765 207/778/778 128/766/766
f 128/766/766 207/778/778 208/768/768
f 129/767/767 130/779/779 24/311/311
f 24/311/311 130/779/779 131/780/780
f 24/311/311 131/780/780 132/312/312
f 132/312/312 131/780/780 211/781/781
f 132/312/312 211/781/781 212/782/782
f 212/782/782 211/781/781 291/783/783
f 212/782/782 291/783/783 292/784/784
f 292/784/784 291/783/783 371/785/785
f 292/784/784 371/785/785 372/786/786
f 372/786/786 371/785/785 451/787/787
f 372/786/786 451/787/787 452/788/788
f 452/788/788 451/787/787 531/789/789
f 452/788/788 531/789/789 532/790/790
f 532/790/790 531/789/789 611/191/191
f 532/790/790 611/191/191 612/189/189
f 129/767/767 209/769/769 130/779/779
f 130/779/779 209/769/769 210/791/791
f 130/779/779 210/791/791 131/780/780
f 131/780/780 210/791/791 211/781/781
f 213/315/315 133/313/313 212/782/782
f 212/782/782 133/313/313 132/312/312
f 134/314/314 135/792/792 25/297/297
f 25/297/297 135/792/792 136/793/793
f 25/297/297 136/793/793 137/794/794
f 137/794/794 136/793/793 216/795/795
f 137/794/794 216/795/795 217/796/796
f 217/796/796 216/795/795 296/797/797
f 217/796/796 296/797/797 297/798/798
f 297/798/798 296/797/797 376/799/799
f 297/798/798 376/799/799 377/800/800
f 377/800/800 376/799/799 456/801/801
f 377/800/800 456/801/801 457/802/802
f 457/802/802 456/801/801 536/803/803
f 457/802/802 536/803/803 537/804/804
f 537/804/804 536/803/803 616/181/181
f 537/804/804 616/181/181 617/179/179
f 134/314/314 214/316/316 135/792/792
f 135/792/792 214/316/316 215/805/805
f 135/792/792 215/805/805 136/793/793
f 136/793/793 215/805/805 216/795/795
f 137/794/794 138/806/806 25/297/297
f 25/297/297 138/806/806 139/807/807
f 25/297/297 139/807/807 140/808/808
f 140/808/808 139/807/807 219/809/809
f 140/808/808 219/809/809 220/810/810
f 220/810/810 219/809/809 299/811/811
f 220/810/810 299/811/811 300/812/812
f 300/812/812 299/811/811 379/813/813
f 300/812/812 379/813/813 380/814/814
f 380/814/814 379/813/813 459/815/815
f 380/814/814 459/815/815 460/816/816
f 460/816/816 459/815/815 539/817/817
f 460/816/816 539/817/817 540/818/818
f 540/818/818 539/817/817 619/175/175
f 540/818/818 619/175/175 620/173/173
f 137/794/794 217/796/796 138/806/806
f 138/806/806 217/796/796 218/819/819
f 138/806/806 218/819/819 139/807/807
f 139/807/807 218/819/819 219/809/809
f 140/808/808 141/820/820 25/297/297
f 25/297/297 141/820/820 142/821/821
f 25/297/297 142/821/821 143/298/298
f 143/298/298 142/821/821 222/822/822
f 143/298/298 222/822/822 223/823/823
f 223/823/823 222/822/822 302/824/824
f 223/823/823 302/824/824 303/825/825
f 303/825/825 302/824/824 382/826/826
f 303/825/825 382/826/826 383/827/827
f 383/827/827 382/826/826 462/828/828
f 383/827/827 462/828/828 463/829/829
f 463/829/829 462/828/828 542/830/830
f 463/829/829 542/830/830 543/831/831
f 543/831/831 542/830/830 622/169/169
f 543/831/831 622/169/169 623/167/167
f 140/808/808 220/810/810 141/820/820
f 141/820/820 220/810/810 221/832/832
f 141/820/820 221/832/832 142/821/821
f 142/821/821 221/832/832 222/822/822
f 224/301/301 144/299/299 223/823/823
f 223/823/823 144/299/299 143/298/298
f 145/300/300 146/833/833 26/283/283
f 26/283/283 146/833/833 147/834/834
f 26/283/283 147/834/834 148/835/835
f 148/835/835 147/834/834 227/836/836
f 148/835/835 227/836/836 228/837/837
f 228/837/837 227/836/836 307/838/838
f 228/837/837 307/838/838 308/839/839
f 308/839/839 307/838/838 387/840/840
f 308/839/839 387/840/840 388/841/841
f 388/841/841 387/840/840 467/842/842
f 388/841/841 467/842/842 468/843/843
f 468/843/843 467/842/842 547/844/844
f 468/843/843 547/844/844 548/845/845
f 548/845/845 547/844/844 627/159/159
f 548/845/845 627/159/159 628/157/157
f 145/300/300 225/302/302 146/833/833
f 146/833/833 225/302/302 226/846/846
f 146/833/833 226/846/846 147/834/834
f 147/834/834 226/846/846 227/836/836
f 148/835/835 149/847/847 26/283/283
f 26/283/283 149/847/847 150/848/848
f 26/283/283 150/848/848 151/849/849
f 151/849/849 150/848/848 230/850/850
f 151/849/849 230/850/850 231/851/851
f 231/851/851 230/850/850 310/852/852
f 231/851/851 310/852/852 311/853/853
f 311/853/853 310/852/852 390/854/854
f 311/853/853 390/854/854 391/855/855
f 391/855/855 390/854/854 470/856/856
f 391/855/855 470/856/856 471/857/857
f 471/857/857 470/856/856 550/858/858
f 471/857/857 550/858/858 551/859/859
f 551/859/859 550/858/858 630/153/153
f 551/859/859 630/153/153 631/151/151
f 148/835/835 228/837/837 149/847/847
f 149/847/847 228/837/837 229/860/860
f 149/847/847 229/860/860 150/848/848
f 150/848/848 229/860/860 230/850/850
f 151/849/849 152/861/861 26/283/283
f 26/283/283 152/861/861 153/862/862
f 26/283/283 153/862/862 154/863/863
f 154/863/863 153/862/862 233/864/864
f 154/863/863 233/864/864 234/865/865
f 234/865/865 233/864/864 313/866/866
f 234/865/865 313/866/866 314/867/867
f 314/867/867 313/866/866 393/868/868
f 314/867/867 393/868/868 394/869/869
f 394/869/869 393/868/868 473/870/870
f 394/869/869 473/870/870 474/871/871
f 474/871/871 473/870/870 553/872/872
f 474/871/871 553/872/872 554/873/873
f 554/873/873 553/872/872 633/147/147
f 554/873/873 633/147/147 634/145/145
f 151/849/849 231/851/851 152/861/861
f 152/861/861 231/851/851 232/874/874
f 152/861/861 232/874/874 153/862/862
f 153/862/862 232/874/874 233/864/864
f 155/284/284 26/283/283 154/863/863
f 154/863/863 234/865/865 155/284/284
f 155/284/284 234/865/865 235/875/875
f 155/284/284 235/875/875 156/285/285
f 156/285/285 235/875/875 236/287/287
f 157/286/286 158/876/876 27/107/107
f 27/107/107 158/876/876 159/877/877
f 27/107/107 159/877/877 160/878/878
f 160/878/878 159/877/877 239/879/879
f 160/878/878 239/879/879 240/880/880
f 240/880/880 239/879/879 319/881/881
f 240/880/880 319/881/881 320/882/882
f 320/882/882 319/881/881 399/883/883
f 320/882/882 399/883/883 400/884/884
f 400/884/884 399/883/883 479/885/885
f 400/884/884 479/885/885 480/886/886
f 480/886/886 479/885/885 559/887/887
f 480/886/886 559/887/887 560/888/888
f 560/888/888 559/887/887 639/135/135
f 560/888/888 639/135/135 640/133/133
f 157/286/286 237/288/288 158/876/876
f 158/876/876 237/288/288 238/889/889
f 158/876/876 238/889/889 159/877/877
f 159/877/877 238/889/889 239/879/879
f 160/878/878 161/890/890 27/107/107
f 27/107/107 161/890/890 162/891/891
f 27/107/107 162/891/891 163/892/892
f 163/892/892 162/891/891 242/893/893
f 163/892/892 242/893/893 243/894/894
f 243/894/894 242/893/893 322/895/895
f 243/894/894 322/895/895 323/896/896
f 323/896/896 322/895/895 402/897/897
f 323/896/896 402/897/897 403/898/898
f 403/898/898 402/897/897 482/899/899
f 403/898/898 482/899/899 483/900/900
f 483/900/900 482/899/899 562/901/901
f 483/900/900 562/901/901 563/902/902
f 563/902/902 562/901/901 642/129/129
f 563/902/902 642/129/129 643/127/127
f 160/878/878 240/880/880 161/890/890
f 161/890/890 240/880/880 241/903/903
f 161/890/890 241/903/903 162/891/891
f 162/891/891 241/903/903 242/893/893
f 163/892/892 164/904/904 27/107/107
f 27/107/107 164/904/904 165/905/905
f 27/107/107 165/905/905 166/108/108
f 166/108/108 165/905/905 245/906/906
f 166/108/108 245/906/906 246/907/907
f 246/907/907 245/906/906 325/908/908
f 246/907/907 325/908/908 326/909/909
f 326/909/909 325/908/908 405/910/910
f 326/909/909 405/910/910 406/911/911
f 406/911/911 405/910/910 485/912/912
f 406/911/911 485/912/912 486/913/913
f 486/913/913 485/912/912 565/914/914
f 486/913/913 565/914/914 566/121/121
f 566/121/121 565/914/914 645/123/123
f 163/892/892 243/894/894 164/904/904
f 164/904/904 243/894/894 244/915/915
f 164/904/904 244/915/915 165/905/905
f 165/905/905 244/915/915 245/906/906
f 247/112/112 167/110/110 246/907/907
f 246/907/907 167/110/110 166/108/108
f 94/369/369 173/649/649 174/371/371
f 174/371/371 173/649/649 253/916/916
f 174/371/371 253/916/916 254/373/373
f 254/373/373 253/916/916 333/917/917
f 254/373/373 333/917/917 334/375/375
f 334/375/375 333/917/917 413/918/918
f 334/375/375 413/918/918 414/377/377
f 414/377/377 413/918/918 493/919/919
f 414/377/377 493/919/919 494/379/379
f 494/379/379 493/919/919 573/267/267
f 494/379/379 573/267/267 574/265/265
f 253/916/916 173/649/649 252/650/650
f 175/372/372 255/374/374 176/666/666
f 176/666/666 255/374/374 256/920/920
f 176/666/666 256/920/920 177/656/656
f 177/656/656 256/920/920 257/658/658
f 259/359/359 179/357/357 258/659/659
f 258/659/659 179/357/357 178/657/657
f 180/358/358 260/360/360 181/680/680
f 181/680/680 260/360/360 261/921/921
f 181/680/680 261/921/921 182/670/670
f 182/670/670 261/921/921 262/672/672
f 183/671/671 263/673/673 184/694/694
f 184/694/694 263/673/673 264/922/922
f 184/694/694 264/922/922 185/684/684
f 185/684/684 264/922/922 265/686/686
f 186/685/685 266/687/687 187/707/707
f 187/707/707 266/687/687 267/923/923
f 187/707/707 267/923/923 188/697/697
f 188/697/697 267/923/923 268/699/699
f 270/345/345 190/343/343 269/700/700
f 269/700/700 190/343/343 189/698/698
f 191/344/344 271/346/346 192/721/721
f 192/721/721 271/346/346 272/924/924
f 192/721/721 272/924/924 193/711/711
f 193/711/711 272/924/924 273/713/713
f 194/712/712 274/714/714 195/735/735
f 195/735/735 274/714/714 275/925/925
f 195/735/735 275/925/925 196/725/725
f 196/725/725 275/925/925 276/727/727
f 197/726/726 277/728/728 198/749/749
f 198/749/749 277/728/728 278/926/926
f 198/749/749 278/926/926 199/739/739
f 199/739/739 278/926/926 279/741/741
f 200/740/740 280/742/742 201/750/750
f 201/750/750 280/742/742 281/927/927
f 201/750/750 281/927/927 202/329/329
f 202/329/329 281/927/927 282/331/331
f 203/330/330 283/332/332 204/764/764
f 204/764/764 283/332/332 284/928/928
f 204/764/764 284/928/928 205/754/754
f 205/754/754 284/928/928 285/756/756
f 206/755/755 286/757/757 207/778/778
f 207/778/778 286/757/757 287/929/929
f 207/778/778 287/929/929 208/768/768
f 208/768/768 287/929/929 288/770/770
f 209/769/769 289/771/771 210/791/791
f 210/791/791 289/771/771 290/930/930
f 210/791/791 290/930/930 211/781/781
f 211/781/781 290/930/930 291/783/783
f 293/317/317 213/315/315 292/784/784
f 292/784/784 213/315/315 212/782/782
f 214/316/316 294/318/318 215/805/805
f 215/805/805 294/318/318 295/931/931
f 215/805/805 295/931/931 216/795/795
f 216/795/795 295/931/931 296/797/797
f 217/796/796 297/798/798 218/819/819
f 218/819/819 297/798/798 298/932/932
f 218/819/819 298/932/932 219/809/809
f 219/809/809 298/932/932 299/811/811
f 220/810/810 300/812/812 221/832/832
f 221/832/832 300/812/812 301/933/933
f 221/832/832 301/933/933 222/822/822
f 222/822/822 301/933/933 302/824/824
f 304/303/303 224/301/301 303/825/825
f 303/825/825 224/301/301 223/823/823
f 225/302/302 305/304/304 226/846/846
f 226/846/846 305/304/304 306/934/934
f 226/846/846 306/934/934 227/836/836
f 227/836/836 306/934/934 307/838/838
f 228/837/837 308/839/839 229/860/860
f 229/860/860 308/839/839 309/935/935
f 229/860/860 309/935/935 230/850/850
f 230/850/850 309/935/935 310/852/852
f 231/851/851 311/853/853 232/874/874
f 232/874/874 311/853/853 312/936/936
f 232/874/874 312/936/936 233/864/864
f 233/864/864 312/936/936 313/866/866
f 234/865/865 314/867/867 235/875/875
f 235/875/875 314/867/867 315/937/937
f 235/875/875 315/937/937 236/287/287
f 236/287/287 315/937/937 316/289/289
f 237/288/288 317/290/290 238/889/889
f 238/889/889 317/290/290 318/938/938
f 238/889/889 318/938/938 239/879/879
f 239/879/879 318/938/938 319/881/881
f 240/880/880 320/882/882 241/903/903
f 241/903/903 320/882/882 321/939/939
f 241/903/903 321/939/939 242/893/893
f 242/893/893 321/939/939 322/895/895
f 243/894/894 323/896/896 244/915/915
f 244/915/915 323/896/896 324/940/940
f 244/915/915 324/940/940 245/906/906
f 245/906/906 324/940/940 325/908/908
f 327/114/114 247/112/112 326/909/909
f 326/909/909 247/112/112 246/907/907
f 253/916/916 252/650/650 332/941/941
f 332/941/941 252/650/650 331/651/651
f 332/941/941 331/651/651 411/942/942
f 411/942/942 331/651/651 410/652/652
f 411/942/942 410/652/652 490/943/943
f 490/943/943 410/652/652 489/653/653
f 490/943/943 489/653/653 569/275/275
f 569/275/275 489/653/653 568/277/277
f 255/374/374 335/376/376 256/920/920
f 256/920/920 335/376/376 336/944/944
f 256/920/920 336/944/944 257/658/658
f 257/658/658 336/944/944 337/660/660
f 339/361/361 259/359/359 338/661/661
f 338/661/661 259/359/359 258/659/659
f 260/360/360 340/362/362 261/921/921
f 261/921/921 340/362/362 341/945/945
f 261/921/921 341/945/945 262/672/672
f 262/672/672 341/945/945 342/674/674
f 263/673/673 343/675/675 264/922/922
f 264/922/922 343/675/675 344/946/946
f 264/922/922 344/946/946 265/686/686
f 265/686/686 344/946/946 345/688/688
f 266/687/687 346/689/689 267/923/923
f 267/923/923 346/689/689 347/947/947
f 267/923/923 347/947/947 268/699/699
f 268/699/699 347/947/947 348/701/701
f 350/347/347 270/345/345 349/702/702
f 349/702/702 270/345/345 269/700/700
f 271/346/346 351/348/348 272/924/924
f 272/924/924 351/348/348 352/948/948
f 272/924/924 352/948/948 273/713/713
f 273/713/713 352/948/948 353/715/715
f 274/714/714 354/716/716 275/925/925
f 275/925/925 354/716/716 355/949/949
f 275/925/925 355/949/949 276/727/727
f 276/727/727 355/949/949 356/729/729
f 277/728/728 357/730/730 278/926/926
f 278/926/926 357/730/730 358/950/950
f 278/926/926 358/950/950 279/741/741
f 279/741/741 358/950/950 359/743/743
f 280/742/742 360/744/744 281/927/927
f 281/927/927 360/744/744 361/951/951
f 281/927/927 361/951/951 282/331/331
f 282/331/331 361/951/951 362/333/333
f 283/332/332 363/334/334 284/928/928
f 284/928/928 363/334/334 364/952/952
f 284/928/928 364/952/952 285/756/756
f 285/756/756 364/952/952 365/758/758
f 286/757/757 366/759/759 287/929/929
f 287/929/929 366/759/759 367/953/953
f 287/929/929 367/953/953 288/770/770
f 288/770/770 367/953/953 368/772/772
f 289/771/771 369/773/773 290/930/930
f 290/930/930 369/773/773 370/954/954
f 290/930/930 370/954/954 291/783/783
f 291/783/783 370/954/954 371/785/785
f 373/319/319 293/317/317 372/786/786
f 372/786/786 293/317/317 292/784/784
f 294/318/318 374/320/320 295/931/931
f 295/931/931 374/320/320 375/955/955
f 295/931/931 375/955/955 296/797/797
f 296/797/797 375/955/955 376/799/799
f 297/798/798 377/800/800 298/932/932
f 298/932/932 377/800/800 378/956/956
f 298/932/932 378/956/956 299/811/811
f 299/811/811 378/956/956 379/813/813
f 300/812/812 380/814/814 301/933/933
f 301/933/933 380/814/814 381/957/957
f 301/933/933 381/957/957 302/824/824
f 302/824/824 381/957/957 382/826/826
f 384/305/305 304/303/303 383/827/827
f 383/827/827 304/303/303 303/825/825
f 305/304/304 385/306/306 306/934/934
f 306/934/934 385/306/306 386/958/958
f 306/934/934 386/958/958 307/838/838
f 307/838/838 386/958/958 387/840/840
f 308/839/839 388/841/841 309/935/935
f 309/935/935 388/841/841 389/959/959
f 309/935/935 389/959/959 310/852/852
f 310/852/852 389/959/959 390/854/854
f 311/853/853 391/855/855 312/936/936
f 312/936/936 391/855/855 392/960/960
f 312/936/936 392/960/960 313/866/866
f 313/866/866 392/960/960 393/868/868
f 314/867/867 394/869/869 315/937/937
f 315/937/937 394/869/869 395/961/961
f 315/937/937 395/961/961 316/289/289
f 316/289/289 395/961/961 396/291/291
f 317/290/290 397/292/292 318/938/938
f 318/938/938 397/292/292 398/962/962
f 318/938/938 398/962/962 319/881/881
f 319/881/881 398/962/962 399/883/883
f 320/882/882 400/884/884 321/939/939
f 321/939/939 400/884/884 401/963/963
f 321/939/939 401/963/963 322/895/895
f 322/895/895 401/963/963 402/897/897
f 323/896/896 403/898/898 324/940/940
f 324/940/940 403/898/898 404/964/964
f 324/940/940 404/964/964 325/908/908
f 325/908/908 404/964/964 405/910/910
f 407/116/116 327/114/114 406/911/911
f 406/911/911 327/114/114 326/909/909
f 253/916/916 332/941/941 333/917/917
f 333/917/917 332/941/941 412/965/965
f 333/917/917 412/965/965 413/918/918
f 413/918/918 412/965/965 492/966/966
f 413/918/918 492/966/966 493/919/919
f 493/919/919 492/966/966 572/269/269
f 493/919/919 572/269/269 573/267/267
f 412/965/965 332/941/941 411/942/942
f 335/376/376 415/378/378 336/944/944
f 336/944/944 415/378/378 416/967/967
f 336/944/944 416/967/967 337/660/660
f 337/660/660 416/967/967 417/662/662
f 419/363/363 339/361/361 418/663/663
f 418/663/663 339/361/361 338/661/661
f 340/362/362 420/364/364 341/945/945
f 341/945/945 420/364/364 421/968/968
f 341/945/945 421/968/968 342/674/674
f 342/674/674 421/968/968 422/676/676
f 343/675/675 423/677/677 344/946/946
f 344/946/946 423/677/677 424/969/969
f 344/946/946 424/969/969 345/688/688
f 345/688/688 424/969/969 425/690/690
f 346/689/689 426/691/691 347/947/947
f 347/947/947 426/691/691 427/970/970
f 347/947/947 427/970/970 348/701/701
f 348/701/701 427/970/970 428/703/703
f 430/349/349 350/347/347 429/704/704
f 429/704/704 350/347/347 349/702/702
f 351/348/348 431/350/350 352/948/948
f 352/948/948 431/350/350 432/971/971
f 352/948/948 432/971/971 353/715/715
f 353/715/715 432/971/971 433/717/717
f 354/716/716 434/718/718 355/949/949
f 355/949/949 434/718/718 435/972/972
f 355/949/949 435/972/972 356/729/729
f 356/729/729 435/972/972 436/731/731
f 357/730/730 437/732/732 358/950/950
f 358/950/950 437/732/732 438/973/973
f 358/950/950 438/973/973 359/743/743
f 359/743/743 438/973/973 439/745/745
f 360/744/744 440/746/746 361/951/951
f 361/951/951 440/746/746 441/974/974
f 361/951/951 441/974/974 362/333/333
f 362/333/333 441/974/974 442/335/335
f 363/334/334 443/336/336 364/952/952
f 364/952/952 443/336/336 444/975/975
f 364/952/952 444/975/975 365/758/758
f 365/758/758 444/975/975 445/760/760
f 366/759/759 446/761/761 367/953/953
f 367/953/953 446/761/761 447/976/976
f 367/953/953 447/976/976 368/772/772
f 368/772/772 447/976/976 448/774/774
f 369/773/773 449/775/775 370/954/954
f 370/954/954 449/775/775 450/977/977
f 370/954/954 450/977/977 371/785/785
f 371/785/785 450/977/977 451/787/787
f 453/321/321 373/319/319 452/788/788
f 452/788/788 373/319/319 372/786/786
f 374/320/320 454/322/322 375/955/955
f 375/955/955 454/322/322 455/978/978
f 375/955/955 455/978/978 376/799/799
f 376/799/799 455/978/978 456/801/801
f 377/800/800 457/802/802 378/956/956
f 378/956/956 457/802/802 458/979/979
f 378/956/956 458/979/979 379/813/813
f 379/813/813 458/979/979 459/815/815
f 380/814/814 460/816/816 381/957/957
f 381/957/957 460/816/816 461/980/980
f 381/957/957 461/980/980 382/826/826
f 382/826/826 461/980/980 462/828/828
f 464/307/307 384/305/305 463/829/829
f 463/829/829 384/305/305 383/827/827
f 385/306/306 465/308/308 386/958/958
f 386/958/958 465/308/308 466/981/981
f 386/958/958 466/981/981 387/840/840
f 387/840/840 466/981/981 467/842/842
f 388/841/841 468/843/843 389/959/959
f 389/959/959 468/843/843 469/982/982
f 389/959/959 469/982/982 390/854/854
f 390/854/854 469/982/982 470/856/856
f 391/855/855 471/857/857 392/960/960
f 392/960/960 471/857/857 472/983/983
f 392/960/960 472/983/983 393/868/868
f 393/868/868 472/983/983 473/870/870
f 394/869/869 474/871/871 395/961/961
f 395/961/961 474/871/871 475/984/984
f 395/961/961 475/984/984 396/291/291
f 396/291/291 475/984/984 476/293/293
f 397/292/292 477/294/294 398/962/962
f 398/962/962 477/294/294 478/985/985
f 398/962/962 478/985/985 399/883/883
f 399/883/883 478/985/985 479/885/885
f 400/884/884 480/886/886 401/963/963
f 401/963/963 480/886/886 481/986/986
f 401/963/963 481/986/986 402/897/897
f 402/897/897 481/986/986 482/899/899
f 403/898/898 483/900/900 404/964/964
f 404/964/964 483/900/900 484/987/987
f 404/964/964 484/987/987 405/910/910
f 405/910/910 484/987/987 485/912/912
f 487/118/118 407/116/116 486/913/913
f 486/913/913 407/116/116 406/911/911
f 412/965/965 411/942/942 491/988/988
f 491/988/988 411/942/942 490/943/943
f 491/988/988 490/943/943 570/273/273
f 570/273/273 490/943/943 569/275/275
f 415/378/378 495/380/380 416/967/967
f 416/967/967 495/380/380 496/989/989
f 416/967/967 496/989/989 417/662/662
f 417/662/662 496/989/989 497/664/664
f 499/365/365 419/363/363 498/665/665
f 498/665/665 419/363/363 418/663/663
f 420/364/364 500/366/366 421/968/968
f 421/968/968 500/366/366 501/990/990
f 421/968/968 501/990/990 422/676/676
f 422/676/676 501/990/990 502/678/678
f 423/677/677 503/679/679 424/969/969
f 424/969/969 503/679/679 504/991/991
f 424/969/969 504/991/991 425/690/690
f 425/690/690 504/991/991 505/692/692
f 426/691/691 506/693/693 427/970/970
f 427/970/970 506/693/693 507/992/992
f 427/970/970 507/992/992 428/703/703
f 428/703/703 507/992/992 508/705/705
f 510/351/351 430/349/349 509/706/706
f 509/706/706 430/349/349 429/704/704
f 431/350/350 511/352/352 432/971/971
f 432/971/971 511/352/352 512/993/993
f 432/971/971 512/993/993 433/717/717
f 433/717/717 512/993/993 513/719/719
f 434/718/718 514/720/720 435/972/972
f 435/972/972 514/720/720 515/994/994
f 435/972/972 515/994/994 436/731/731
f 436/731/731 515/994/994 516/733/733
f 437/732/732 517/734/734 438/973/973
f 438/973/973 517/734/734 518/995/995
f 438/973/973 518/995/995 439/745/745
f 439/745/745 518/995/995 519/747/747
f 440/746/746 520/748/748 441/974/974
f 441/974/974 520/748/748 521/996/996
f 441/974/974 521/996/996 442/335/335
f 442/335/335 521/996/996 522/337/337
f 443/336/336 523/338/338 444/975/975
f 444/975/975 523/338/338 524/997/997
f 444/975/975 524/997/997 445/760/760
f 445/760/760 524/997/997 525/762/762
f 446/761/761 526/763/763 447/976/976
f 447/976/976 526/763/763 527/998/998
f 447/976/976 527/998/998 448/774/774
f 448/774/774 527/998/998 528/776/776
f 449/775/775 529/777/777 450/977/977
f 450/977/977 529/777/777 530/999/999
f 450/977/977 530/999/999 451/787/787
f 451/787/787 530/999/999 531/789/789
f 533/323/323 453/321/321 532/790/790
f 532/790/790 453/321/321 452/788/788
f 454/322/322 534/324/324 455/978/978
f 455/978/978 534/324/324 535/1000/1000
f 455/978/978 535/1000/1000 456/801/801
f 456/801/801 535/1000/1000 536/803/803
f 457/802/802 537/804/804 458/979/979
f 458/979/979 537/804/804 538/1001/1001
f 458/979/979 538/1001/1001 459/815/815
f 459/815/815 538/1001/1001 539/817/817
f 460/816/816 540/818/818 461/980/980
f 461/980/980 540/818/818 541/1002/1002
f 461/980/980 541/1002/1002 462/828/828
f 462/828/828 541/1002/1002 542/830/830
f 544/309/309 464/307/307 543/831/831
f 543/831/831 464/307/307 463/829/829
f 465/308/308 545/310/310 466/981/981
f 466/981/981 545/310/310 546/1003/1003
f 466/981/981 546/1003/1003 467/842/842
f 467/842/842 546/1003/1003 547/844/844
f 468/843/843 548/845/845 469/982/982
f 469/982/982 548/845/845 549/1004/1004
f 469/982/982 549/1004/1004 470/856/856
f 470/856/856 549/1004/1004 550/858/858
f 471/857/857 551/859/859 472/983/983
f 472/983/983 551/859/859 552/1005/1005
f 472/983/983 552/1005/1005 473/870/870
f 473/870/870 552/1005/1005 553/872/872
f 474/871/871 554/873/873 475/984/984
f 475/984/984 554/873/873 555/1006/1006
f 475/984/984 555/1006/1006 476/293/293
f 476/293/293 555/1006/1006 556/295/295
f 477/294/294 557/296/296 478/985/985
f 478/985/985 557/296/296 558/1007/1007
f 478/985/985 558/1007/1007 479/885/885
f 479/885/885 558/1007/1007 559/887/887
f 480/886/886 560/888/888 481/986/986
f 481/986/986 560/888/888 561/1008/1008
f 481/986/986 561/1008/1008 482/899/899
f 482/899/899 561/1008/1008 562/901/901
f 483/900/900 563/902/902 484/987/987
f 484/987/987 563/902/902 564/1009/1009
f 484/987/987 564/1009/1009 485/912/912
f 485/912/912 564/1009/1009 565/914/914
f 566/121/121 487/118/118 486/913/913
f 412/965/965 491/988/988 492/966/966
f 492/966/966 491/988/988 571/271/271
f 492/966/966 571/271/271 572/269/269
f 571/271/271 491/988/988 570/273/273
f 495/380/380 575/263/263 496/989/989
f 496/989/989 575/263/263 576/261/261
f 496/989/989 576/261/261 497/664/664
f 497/664/664 576/261/261 577/259/259
f 579/255/255 499/365/365 578/257/257
f 578/257/257 499/365/365 498/665/665
f 500/366/366 580/253/253 501/990/990
f 501/990/990 580/253/253 581/251/251
f 501/990/990 581/251/251 502/678/678
f 502/678/678 581/251/251 582/249/249
f 503/679/679 583/247/247 504/991/991
f 504/991/991 583/247/247 584/245/245
f 504/991/991 584/245/245 505/692/692
f 505/692/692 584/245/245 585/243/243
f 506/693/693 586/241/241 507/992/992
f 507/992/992 586/241/241 587/239/239
f 507/992/992 587/239/239 508/705/705
f 508/705/705 587/239/239 588/237/237
f 590/233/233 510/351/351 589/235/235
f 589/235/235 510/351/351 509/706/706
f 511/352/352 591/231/231 512/993/993
f 512/993/993 591/231/231 592/229/229
f 512/993/993 592/229/229 513/719/719
f 513/719/719 592/229/229 593/227/227
f 514/720/720 594/225/225 515/994/994
f 515/994/994 594/225/225 595/223/223
f 515/994/994 595/223/223 516/733/733
f 516/733/733 595/223/223 596/221/221
f 517/734/734 597/219/219 518/995/995
f 518/995/995 597/219/219 598/217/217
f 518/995/995 598/217/217 519/747/747
f 519/747/747 598/217/217 599/215/215
f 520/748/748 600/213/213 521/996/996
f 521/996/996 600/213/213 601/211/211
f 521/996/996 601/211/211 522/337/337
f 522/337/337 601/211/211 602/209/209
f 523/338/338 603/207/207 524/997/997
f 524/997/997 603/207/207 604/205/205
f 524/997/997 604/205/205 525/762/762
f 525/762/762 604/205/205 605/203/203
f 526/763/763 606/201/201 527/998/998
f 527/998/998 606/201/201 607/199/199
f 527/998/998 607/199/199 528/776/776
f 528/776/776 607/199/199 608/197/197
f 529/777/777 609/195/195 530/999/999
f 530/999/999 609/195/195 610/193/193
f 530/999/999 610/193/193 531/789/789
f 531/789/789 610/193/193 611/191/191
f 613/187/187 533/323/323 612/189/189
f 612/189/189 533/323/323 532/790/790
f 534/324/324 614/185/185 535/1000/1000
f 535/1000/1000 614/185/185 615/183/183
f 535/1000/1000 615/183/183 536/803/803
f 536/803/803 615/183/183 616/181/181
f 537/804/804 617/179/179 538/1001/1001
f 538/1001/1001 617/179/179 618/177/177
f 538/1001/1001 618/177/177 539/817/817
f 539/817/817 618/177/177 619/175/175
f 540/818/818 620/173/173 541/1002/1002
f 541/1002/1002 620/173/173 621/171/171
f 541/1002/1002 621/171/171 542/830/830
f 542/830/830 621/171/171 622/169/169
f 624/165/165 544/309/309 623/167/167
f 623/167/167 544/309/309 543/831/831
f 545/310/310 625/163/163 546/1003/1003
f 546/1003/1003 625/163/163 626/161/161
f 546/1003/1003 626/161/161 547/844/844
f 547/844/844 626/161/161 627/159/159
f 548/845/845 628/157/157 549/1004/1004
f 549/1004/1004 628/157/157 629/155/155
f 549/1004/1004 629/155/155 550/858/858
f 550/858/858 629/155/155 630/153/153
f 551/859/859 631/151/151 552/1005/1005
f 552/1005/1005 631/151/151 632/149/149
f 552/1005/1005 632/149/149 553/872/872
f 553/872/872 632/149/149 633/147/147
f 554/873/873 634/145/145 555/1006/1006
f 555/1006/1006 634/145/145 635/143/143
f 555/1006/1006 635/143/143 556/295/295
f 556/295/295 635/143/143 636/141/141
f 557/296/296 637/139/139 558/1007/1007
f 558/1007/1007 637/139/139 638/137/137
f 558/1007/1007 638/137/137 559/887/887
f 559/887/887 638/137/137 639/135/135
f 560/888/888 640/133/133 561/1008/1008
f 561/1008/1008 640/133/133 641/131/131
f 561/1008/1008 641/131/131 562/901/901
f 562/901/901 641/131/131 642/129/129
f 563/902/902 643/127/127 564/1009/1009
f 564/1009/1009 643/127/127 644/125/125
f 564/1009/1009 644/125/125 565/914/914
f 565/914/914 644/125/125 645/123/123
f 52/122/122 89/124/124 881/1010/1010
f 881/1010/1010 89/124/124 802/126/126
f 881/1010/1010 802/126/126 880/1011/1011
f 880/1011/1011 802/126/126 801/128/128
f 880/1011/1011 801/128/128 879/1012/1012
f 879/1012/1012 801/128/128 800/130/130
f 879/1012/1012 800/130/130 878/1013/1013
f 878/1013/1013 800/130/130 799/132/132
f 878/1013/1013 799/132/132 877/1014/1014
f 877/1014/1014 799/132/132 798/134/134
f 877/1014/1014 798/134/134 876/1015/1015
f 876/1015/1015 798/134/134 797/136/136
f 876/1015/1015 797/136/136 875/1016/1016
f 875/1016/1016 797/136/136 796/138/138
f 875/1016/1016 796/138/138 874/1017/1017
f 874/1017/1017 796/138/138 795/140/140
f 874/1017/1017 795/140/140 873/1018/1018
f 873/1018/1018 795/140/140 794/142/142
f 873/1018/1018 794/142/142 872/1019/1019
f 872/1019/1019 794/142/142 793/144/144
f 872/1019/1019 793/144/144 871/1020/1020
f 871/1020/1020 793/144/144 792/146/146
f 871/1020/1020 792/146/146 870/1021/1021
f 870/1021/1021 792/146/146 791/148/148
f 870/1021/1021 791/148/148 869/1022/1022
f 869/1022/1022 791/148/148 790/150/150
f 869/1022/1022 790/150/150 868/1023/1023
f 868/1023/1023 790/150/150 789/152/152
f 868/1023/1023 789/152/152 867/1024/1024
f 867/1024/1024 789/152/152 788/154/154
f 867/1024/1024 788/154/154 866/1025/1025
f 866/1025/1025 788/154/154 787/156/156
f 866/1025/1025 787/156/156 865/1026/1026
f 865/1026/1026 787/156/156 786/158/158
f 865/1026/1026 786/158/158 864/1027/1027
f 864/1027/1027 786/158/158 785/160/160
f 864/1027/1027 785/160/160 863/1028/1028
f 863/1028/1028 785/160/160 784/162/162
f 863/1028/1028 784/162/162 862/1029/1029
f 862/1029/1029 784/162/162 783/164/164
f 862/1029/1029 783/164/164 861/1030/1030
f 861/1030/1030 783/164/164 782/166/166
f 861/1030/1030 782/166/166 860/1031/1031
f 860/1031/1031 782/166/166 781/168/168
f 860/1031/1031 781/168/168 859/1032/1032
f 859/1032/1032 781/168/168 780/170/170
f 859/1032/1032 780/170/170 858/1033/1033
f 858/1033/1033 780/170/170 779/172/172
f 858/1033/1033 779/172/172 857/1034/1034
f 857/1034/1034 779/172/172 778/174/174
f 857/1034/1034 778/174/174 856/1035/1035
f 856/1035/1035 778/174/174 777/176/176
f 856/1035/1035 777/176/176 855/1036/1036
f 855/1036/1036 777/176/176 776/178/178
f 855/1036/1036 776/178/178 854/1037/1037
f 854/1037/1037 776/178/178 775/180/180
f 854/1037/1037 775/180/180 853/1038/1038
f 853/1038/1038 775/180/180 774/182/182
f 853/1038/1038 774/182/182 852/1039/1039
f 852/1039/1039 774/182/182 773/184/184
f 852/1039/1039 773/184/184 851/1040/1040
f 851/1040/1040 773/184/184 772/186/186
f 851/1040/1040 772/186/186 850/1041/1041
f 850/1041/1041 772/186/186 771/188/188
f 850/1041/1041 771/188/188 849/1042/1042
f 849/1042/1042 771/188/188 770/190/190
f 849/1042/1042 770/190/190 848/1043/1043
f 848/1043/1043 770/190/190 769/192/192
f 848/1043/1043 769/192/192 847/1044/1044
f 847/1044/1044 769/192/192 768/194/194
f 847/1044/1044 768/194/194 846/1045/1045
f 846/1045/1045 768/194/194 767/196/196
f 846/1045/1045 767/196/196 845/1046/1046
f 845/1046/1046 767/196/196 766/198/198
f 845/1046/1046 766/198/198 844/1047/1047
f 844/1047/1047 766/198/198 765/200/200
f 844/1047/1047 765/200/200 843/1048/1048
f 843/1048/1048 765/200/200 764/202/202
f 843/1048/1048 764/202/202 842/1049/1049
f 842/1049/1049 764/202/202 763/204/204
f 842/1049/1049 763/204/204 841/1050/1050
f 841/1050/1050 763/204/204 762/206/206
f 841/1050/1050 762/206/206 840/1051/1051
f 840/1051/1051 762/206/206 761/208/208
f 840/1051/1051 761/208/208 839/1052/1052
f 839/1052/1052 761/208/208 760/210/210
f 839/1052/1052 760/210/210 838/1053/1053
f 838/1053/1053 760/210/210 759/212/212
f 838/1053/1053 759/212/212 837/1054/1054
f 837/1054/1054 759/212/212 758/214/214
f 837/1054/1054 758/214/214 836/402/402
f 836/402/402 758/214/214 757/216/216
f 646/583/583 647/584/584 1/390/390
f 1/390/390 647/584/584 648/585/585
f 1/390/390 648/585/585 649/586/586
f 649/586/586 650/587/587 1/390/390
f 1/390/390 650/587/587 651/588/588
f 1/390/390 651/588/588 652/589/589
f 652/589/589 653/590/590 1/390/390
f 1/390/390 653/590/590 654/591/591
f 1/390/390 654/591/591 655/592/592
f 655/592/592 656/593/593 1/390/390
f 1/390/390 656/593/593 657/594/594
f 1/390/390 657/594/594 658/595/595
f 658/595/595 659/596/596 1/390/390
f 1/390/390 659/596/596 660/597/597
f 1/390/390 660/597/597 661/598/598
f 661/598/598 662/599/599 1/390/390
f 1/390/390 662/599/599 663/600/600
f 1/390/390 663/600/600 664/601/601
f 664/601/601 665/602/602 1/390/390
f 1/390/390 665/602/602 666/603/603
f 1/390/390 666/603/603 667/604/604
f 667/604/604 668/605/605 1/390/390
f 1/390/390 668/605/605 669/606/606
f 1/390/390 669/606/606 670/607/607
f 670/607/607 671/608/608 1/390/390
f 1/390/390 671/608/608 672/609/609
f 1/390/390 672/609/609 673/610/610
f 673/610/610 674/611/611 1/390/390
f 1/390/390 674/611/611 675/612/612
f 1/390/390 675/612/612 676/613/613
f 676/613/613 677/614/614 1/390/390
f 1/390/390 677/614/614 678/615/615
f 1/390/390 678/615/615 679/616/616
f 679/616/616 680/617/617 1/390/390
f 1/390/390 680/617/617 681/618/618
f 1/390/390 681/618/618 682/619/619
f 682/619/619 683/620/620 1/390/390
f 1/390/390 683/620/620 684/621/621
f 1/390/390 684/621/621 685/391/391
f 687/393/393 688/1055/1055 2/282/282
f 2/282/282 688/1055/1055 689/1056/1056
f 2/282/282 689/1056/1056 690/1057/1057
f 690/1057/1057 689/1056/1056 1151/1058/1058
f 690/1057/1057 1151/1058/1058 1150/1059/1059
f 1150/1059/1059 1151/1058/1058 1072/1060/1060
f 1150/1059/1059 1072/1060/1060 1071/1061/1061
f 1071/1061/1061 1072/1060/1060 993/1062/1062
f 1071/1061/1061 993/1062/1062 992/1063/1063
f 992/1063/1063 993/1062/1062 913/1064/1064
f 992/1063/1063 913/1064/1064 912/1065/1065
f 912/1065/1065 913/1064/1064 833/1066/1066
f 912/1065/1065 833/1066/1066 832/1067/1067
f 832/1067/1067 833/1066/1066 754/222/222
f 832/1067/1067 754/222/222 753/224/224
f 687/393/393 1153/395/395 688/1055/1055
f 688/1055/1055 1153/395/395 1152/1068/1068
f 688/1055/1055 1152/1068/1068 689/1056/1056
f 689/1056/1056 1152/1068/1068 1151/1058/1058
f 690/1057/1057 691/1069/1069 2/282/282
f 2/282/282 691/1069/1069 692/1070/1070
f 2/282/282 692/1070/1070 693/1071/1071
f 693/1071/1071 692/1070/1070 1148/1072/1072
f 693/1071/1071 1148/1072/1072 1147/1073/1073
f 1147/1073/1073 1148/1072/1072 1069/1074/1074
f 1147/1073/1073 1069/1074/1074 1068/1075/1075
f 1068/1075/1075 1069/1074/1074 990/1076/1076
f 1068/1075/1075 990/1076/1076 989/1077/1077
f 989/1077/1077 990/1076/1076 910/1078/1078
f 989/1077/1077 910/1078/1078 909/1079/1079
f 909/1079/1079 910/1078/1078 830/1080/1080
f 909/1079/1079 830/1080/1080 829/1081/1081
f 829/1081/1081 830/1080/1080 751/228/228
f 829/1081/1081 751/228/228 750/230/230
f 690/1057/1057 1150/1059/1059 691/1069/1069
f 691/1069/1069 1150/1059/1059 1149/1082/1082
f 691/1069/1069 1149/1082/1082 692/1070/1070
f 692/1070/1070 1149/1082/1082 1148/1072/1072
f 693/1071/1071 694/1083/1083 2/282/282
f 2/282/282 694/1083/1083 695/1084/1084
f 2/282/282 695/1084/1084 696/1085/1085
f 696/1085/1085 695/1084/1084 1145/1086/1086
f 696/1085/1085 1145/1086/1086 1144/1087/1087
f 1144/1087/1087 1145/1086/1086 1066/1088/1088
f 1144/1087/1087 1066/1088/1088 1065/1089/1089
f 1065/1089/1089 1066/1088/1088 987/1090/1090
f 1065/1089/1089 987/1090/1090 986/1091/1091
f 986/1091/1091 987/1090/1090 907/1092/1092
f 986/1091/1091 907/1092/1092 906/1093/1093
f 906/1093/1093 907/1092/1092 827/1094/1094
f 906/1093/1093 827/1094/1094 826/1095/1095
f 826/1095/1095 827/1094/1094 748/234/234
f 826/1095/1095 748/234/234 747/236/236
f 693/1071/1071 1147/1073/1073 694/1083/1083
f 694/1083/1083 1147/1073/1073 1146/1096/1096
f 694/1083/1083 1146/1096/1096 695/1084/1084
f 695/1084/1084 1146/1096/1096 1145/1086/1086
f 696/1085/1085 697/1097/1097 2/282/282
f 2/282/282 697/1097/1097 698/1098/1098
f 2/282/282 698/1098/1098 699/1099/1099
f 699/1099/1099 698/1098/1098 1142/1100/1100
f 699/1099/1099 1142/1100/1100 1141/1101/1101
f 1141/1101/1101 1142/1100/1100 1063/1102/1102
f 1141/1101/1101 1063/1102/1102 1062/1103/1103
f 1062/1103/1103 1063/1102/1102 984/1104/1104
f 1062/1103/1103 984/1104/1104 983/1105/1105
f 983/1105/1105 984/1104/1104 904/1106/1106
f 983/1105/1105 904/1106/1106 903/1107/1107
f 903/1107/1107 904/1106/1106 824/1108/1108
f 903/1107/1107 824/1108/1108 823/1109/1109
f 823/1109/1109 824/1108/1108 745/240/240
f 823/1109/1109 745/240/240 744/242/242
f 696/1085/1085 1144/1087/1087 697/1097/1097
f 697/1097/1097 1144/1087/1087 1143/1110/1110
f 697/1097/1097 1143/1110/1110 698/1098/1098
f 698/1098/1098 1143/1110/1110 1142/1100/1100
f 699/1099/1099 700/1111/1111 2/282/282
f 2/282/282 700/1111/1111 701/1112/1112
f 2/282/282 701/1112/1112 702/1113/1113
f 702/1113/1113 701/1112/1112 1139/1114/1114
f 702/1113/1113 1139/1114/1114 1138/1115/1115
f 1138/1115/1115 1139/1114/1114 1060/1116/1116
f 1138/1115/1115 1060/1116/1116 1059/1117/1117
f 1059/1117/1117 1060/1116/1116 981/1118/1118
f 1059/1117/1117 981/1118/1118 980/1119/1119
f 980/1119/1119 981/1118/1118 901/1120/1120
f 980/1119/1119 901/1120/1120 900/1121/1121
f 900/1121/1121 901/1120/1120 821/1122/1122
f 900/1121/1121 821/1122/1122 820/1123/1123
f 820/1123/1123 821/1122/1122 742/246/246
f 820/1123/1123 742/246/246 741/248/248
f 699/1099/1099 1141/1101/1101 700/1111/1111
f 700/1111/1111 1141/1101/1101 1140/1124/1124
f 700/1111/1111 1140/1124/1124 701/1112/1112
f 701/1112/1112 1140/1124/1124 1139/1114/1114
f 702/1113/1113 703/1125/1125 2/282/282
f 2/282/282 703/1125/1125 704/1126/1126
f 2/282/282 704/1126/1126 705/1127/1127
f 705/1127/1127 704/1126/1126 1136/1128/1128
f 705/1127/1127 1136/1128/1128 1135/1129/1129
f 1135/1129/1129 1136/1128/1128 1057/1130/1130
f 1135/1129/1129 1057/1130/1130 1056/1131/1131
f 1056/1131/1131 1057/1130/1130 978/1132/1132
f 1056/1131/1131 978/1132/1132 977/1133/1133
f 977/1133/1133 978/1132/1132 898/1134/1134
f 977/1133/1133 898/1134/1134 897/1135/1135
f 897/1135/1135 898/1134/1134 818/1136/1136
f 897/1135/1135 818/1136/1136 817/1137/1137
f 817/1137/1137 818/1136/1136 739/252/252
f 817/1137/1137 739/252/252 738/254/254
f 702/1113/1113 1138/1115/1115 703/1125/1125
f 703/1125/1125 1138/1115/1115 1137/1138/1138
f 703/1125/1125 1137/1138/1138 704/1126/1126
f 704/1126/1126 1137/1138/1138 1136/1128/1128
f 705/1127/1127 706/1139/1139 2/282/282
f 2/282/282 706/1139/1139 707/1140/1140
f 2/282/282 707/1140/1140 708/1141/1141
f 708/1141/1141 707/1140/1140 1133/1142/1142
f 708/1141/1141 1133/1142/1142 1132/1143/1143
f 1132/1143/1143 1133/1142/1142 1054/1144/1144
f 1132/1143/1143 1054/1144/1144 1053/1145/1145
f 1053/1145/1145 1054/1144/1144 975/1146/1146
f 1053/1145/1145 975/1146/1146 974/1147/1147
f 974/1147/1147 975/1146/1146 895/1148/1148
f 974/1147/1147 895/1148/1148 894/1149/1149
f 894/1149/1149 895/1148/1148 815/1150/1150
f 894/1149/1149 815/1150/1150 814/1151/1151
f 814/1151/1151 815/1150/1150 736/258/258
f 814/1151/1151 736/258/258 735/260/260
f 705/1127/1127 1135/1129/1129 706/1139/1139
f 706/1139/1139 1135/1129/1129 1134/1152/1152
f 706/1139/1139 1134/1152/1152 707/1140/1140
f 707/1140/1140 1134/1152/1152 1133/1142/1142
f 708/1141/1141 709/1153/1153 2/282/282
f 2/282/282 709/1153/1153 710/1154/1154
f 2/282/282 710/1154/1154 711/1155/1155
f 711/1155/1155 710/1154/1154 1130/1156/1156
f 711/1155/1155 1130/1156/1156 1129/1157/1157
f 1129/1157/1157 1130/1156/1156 1051/1158/1158
f 1129/1157/1157 1051/1158/1158 1050/1159/1159
f 1050/1159/1159 1051/1158/1158 972/1160/1160
f 1050/1159/1159 972/1160/1160 971/1161/1161
f 971/1161/1161 972/1160/1160 892/1162/1162
f 971/1161/1161 892/1162/1162 891/1163/1163
f 891/1163/1163 892/1162/1162 812/1164/1164
f 891/1163/1163 812/1164/1164 811/1165/1165
f 811/1165/1165 812/1164/1164 733/264/264
f 811/1165/1165 733/264/264 732/266/266
f 708/1141/1141 1132/1143/1143 709/1153/1153
f 709/1153/1153 1132/1143/1143 1131/1166/1166
f 709/1153/1153 1131/1166/1166 710/1154/1154
f 710/1154/1154 1131/1166/1166 1130/1156/1156
f 711/1155/1155 712/1167/1167 2/282/282
f 2/282/282 712/1167/1167 713/1168/1168
f 2/282/282 713/1168/1168 714/1169/1169
f 714/1169/1169 713/1168/1168 1127/1170/1170
f 714/1169/1169 1127/1170/1170 1126/1171/1171
f 1126/1171/1171 1127/1170/1170 1048/1172/1172
f 1126/1171/1171 1048/1172/1172 1047/1173/1173
f 1047/1173/1173 1048/1172/1172 969/1174/1174
f 1047/1173/1173 969/1174/1174 968/1175/1175
f 968/1175/1175 969/1174/1174 889/1176/1176
f 968/1175/1175 889/1176/1176 888/641/641
f 888/641/641 889/1176/1176 809/643/643
f 711/1155/1155 1129/1157/1157 712/1167/1167
f 712/1167/1167 1129/1157/1157 1128/1177/1177
f 712/1167/1167 1128/1177/1177 713/1168/1168
f 713/1168/1168 1128/1177/1177 1127/1170/1170
f 714/1169/1169 715/1178/1178 2/282/282
f 2/282/282 715/1178/1178 716/1179/1179
f 2/282/282 716/1179/1179 717/1180/1180
f 717/1180/1180 716/1179/1179 1124/1181/1181
f 717/1180/1180 1124/1181/1181 1123/635/635
f 1123/635/635 1124/1181/1181 1045/637/637
f 714/1169/1169 1126/1171/1171 715/1178/1178
f 715/1178/1178 1126/1171/1171 1125/1182/1182
f 715/1178/1178 1125/1182/1182 716/1179/1179
f 716/1179/1179 1125/1182/1182 1124/1181/1181
f 718/633/633 2/282/282 717/1180/1180
f 1123/635/635 718/633/633 717/1180/1180
f 720/631/631 719/632/632 1121/1183/1183
f 1121/1183/1183 719/632/632 1122/634/634
f 1121/1183/1183 1122/634/634 1043/1184/1184
f 1043/1184/1184 1122/634/634 1044/636/636
f 1043/1184/1184 1044/636/636 965/1185/1185
f 965/1185/1185 1044/636/636 966/638/638
f 965/1185/1185 966/638/638 886/1186/1186
f 886/1186/1186 966/638/638 887/640/640
f 886/1186/1186 887/640/640 807/1187/1187
f 807/1187/1187 887/640/640 808/642/642
f 807/1187/1187 808/642/642 729/272/272
f 729/272/272 808/642/642 730/270/270
f 723/646/646 2/282/282 722/1188/1188
f 722/1188/1188 2/282/282 721/630/630
f 722/1188/1188 721/630/630 1119/628/628
f 1118/647/647 723/646/646 722/1188/1188
f 1118/647/647 722/1188/1188 1119/628/628
f 961/624/624 2/282/282 1039/648/648
f 1039/648/648 2/282/282 92/644/644
f 726/278/278 725/280/280 804/1189/1189
f 804/1189/1189 725/280/280 91/622/622
f 804/1189/1189 91/622/622 883/1190/1190
f 883/1190/1190 91/622/622 882/623/623
f 883/1190/1190 882/623/623 962/625/625
f 727/276/276 726/278/278 805/1191/1191
f 805/1191/1191 726/278/278 804/1189/1189
f 805/1191/1191 804/1189/1189 884/1192/1192
f 884/1192/1192 804/1189/1189 883/1190/1190
f 884/1192/1192 883/1190/1190 963/1193/1193
f 963/1193/1193 883/1190/1190 962/625/625
f 963/1193/1193 962/625/625 1041/627/627
f 807/1187/1187 729/272/272 728/274/274
f 728/274/274 727/276/276 806/1194/1194
f 806/1194/1194 727/276/276 805/1191/1191
f 806/1194/1194 805/1191/1191 885/1195/1195
f 885/1195/1195 805/1191/1191 884/1192/1192
f 885/1195/1195 884/1192/1192 964/1196/1196
f 964/1196/1196 884/1192/1192 963/1193/1193
f 964/1196/1196 963/1193/1193 1042/1197/1197
f 1042/1197/1197 963/1193/1193 1041/627/627
f 1042/1197/1197 1041/627/627 1120/629/629
f 732/266/266 731/268/268 810/1198/1198
f 810/1198/1198 731/268/268 809/643/643
f 810/1198/1198 809/643/643 889/1176/1176
f 733/264/264 812/1164/1164 734/262/262
f 734/262/262 812/1164/1164 813/1199/1199
f 734/262/262 813/1199/1199 735/260/260
f 735/260/260 813/1199/1199 814/1151/1151
f 736/258/258 815/1150/1150 737/256/256
f 737/256/256 815/1150/1150 816/1200/1200
f 737/256/256 816/1200/1200 738/254/254
f 738/254/254 816/1200/1200 817/1137/1137
f 739/252/252 818/1136/1136 740/250/250
f 740/250/250 818/1136/1136 819/1201/1201
f 740/250/250 819/1201/1201 741/248/248
f 741/248/248 819/1201/1201 820/1123/1123
f 742/246/246 821/1122/1122 743/244/244
f 743/244/244 821/1122/1122 822/1202/1202
f 743/244/244 822/1202/1202 744/242/242
f 744/242/242 822/1202/1202 823/1109/1109
f 745/240/240 824/1108/1108 746/238/238
f 746/238/238 824/1108/1108 825/1203/1203
f 746/238/238 825/1203/1203 747/236/236
f 747/236/236 825/1203/1203 826/1095/1095
f 748/234/234 827/1094/1094 749/232/232
f 749/232/232 827/1094/1094 828/1204/1204
f 749/232/232 828/1204/1204 750/230/230
f 750/230/230 828/1204/1204 829/1081/1081
f 751/228/228 830/1080/1080 752/226/226
f 752/226/226 830/1080/1080 831/1205/1205
f 752/226/226 831/1205/1205 753/224/224
f 753/224/224 831/1205/1205 832/1067/1067
f 754/222/222 833/1066/1066 755/220/220
f 755/220/220 833/1066/1066 834/1206/1206
f 755/220/220 834/1206/1206 756/218/218
f 756/218/218 834/1206/1206 835/403/403
f 52/122/122 881/1010/1010 803/497/497
f 803/497/497 881/1010/1010 880/1011/1011
f 803/497/497 880/1011/1011 959/498/498
f 959/498/498 880/1011/1011 879/1012/1012
f 959/498/498 879/1012/1012 958/500/500
f 958/500/500 879/1012/1012 878/1013/1013
f 958/500/500 878/1013/1013 957/502/502
f 957/502/502 878/1013/1013 877/1014/1014
f 957/502/502 877/1014/1014 956/504/504
f 956/504/504 877/1014/1014 876/1015/1015
f 956/504/504 876/1015/1015 955/506/506
f 955/506/506 876/1015/1015 875/1016/1016
f 955/506/506 875/1016/1016 954/508/508
f 954/508/508 875/1016/1016 874/1017/1017
f 954/508/508 874/1017/1017 953/510/510
f 953/510/510 874/1017/1017 873/1018/1018
f 953/510/510 873/1018/1018 952/512/512
f 952/512/512 873/1018/1018 872/1019/1019
f 952/512/512 872/1019/1019 951/514/514
f 951/514/514 872/1019/1019 871/1020/1020
f 951/514/514 871/1020/1020 950/516/516
f 950/516/516 871/1020/1020 870/1021/1021
f 950/516/516 870/1021/1021 949/518/518
f 949/518/518 870/1021/1021 869/1022/1022
f 949/518/518 869/1022/1022 948/520/520
f 948/520/520 869/1022/1022 868/1023/1023
f 948/520/520 868/1023/1023 947/522/522
f 947/522/522 868/1023/1023 867/1024/1024
f 947/522/522 867/1024/1024 946/524/524
f 946/524/524 867/1024/1024 866/1025/1025
f 946/524/524 866/1025/1025 945/526/526
f 945/526/526 866/1025/1025 865/1026/1026
f 945/526/526 865/1026/1026 944/528/528
f 944/528/528 865/1026/1026 864/1027/1027
f 944/528/528 864/1027/1027 943/530/530
f 943/530/530 864/1027/1027 863/1028/1028
f 943/530/530 863/1028/1028 942/532/532
f 942/532/532 863/1028/1028 862/1029/1029
f 942/532/532 862/1029/1029 941/534/534
f 941/534/534 862/1029/1029 861/1030/1030
f 941/534/534 861/1030/1030 940/536/536
f 940/536/536 861/1030/1030 860/1031/1031
f 940/536/536 860/1031/1031 939/538/538
f 939/538/538 860/1031/1031 859/1032/1032
f 939/538/538 859/1032/1032 938/540/540
f 938/540/540 859/1032/1032 858/1033/1033
f 938/540/540 858/1033/1033 937/542/542
f 937/542/542 858/1033/1033 857/1034/1034
f 937/542/542 857/1034/1034 936/544/544
f 936/544/544 857/1034/1034 856/1035/1035
f 936/544/544 856/1035/1035 935/546/546
f 935/546/546 856/1035/1035 855/1036/1036
f 935/546/546 855/1036/1036 934/548/548
f 934/548/548 855/1036/1036 854/1037/1037
f 934/548/548 854/1037/1037 933/550/550
f 933/550/550 854/1037/1037 853/1038/1038
f 933/550/550 853/1038/1038 932/552/552
f 932/552/552 853/1038/1038 852/1039/1039
f 932/552/552 852/1039/1039 931/554/554
f 931/554/554 852/1039/1039 851/1040/1040
f 931/554/554 851/1040/1040 930/556/556
f 930/556/556 851/1040/1040 850/1041/1041
f 930/556/556 850/1041/1041 929/558/558
f 929/558/558 850/1041/1041 849/1042/1042
f 929/558/558 849/1042/1042 928/560/560
f 928/560/560 849/1042/1042 848/1043/1043
f 928/560/560 848/1043/1043 927/562/562
f 927/562/562 848/1043/1043 847/1044/1044
f 927/562/562 847/1044/1044 926/564/564
f 926/564/564 847/1044/1044 846/1045/1045
f 926/564/564 846/1045/1045 925/566/566
f 925/566/566 846/1045/1045 845/1046/1046
f 925/566/566 845/1046/1046 924/568/568
f 924/568/568 845/1046/1046 844/1047/1047
f 924/568/568 844/1047/1047 923/570/570
f 923/570/570 844/1047/1047 843/1048/1048
f 923/570/570 843/1048/1048 922/572/572
f 922/572/572 843/1048/1048 842/1049/1049
f 922/572/572 842/1049/1049 921/574/574
f 921/574/574 842/1049/1049 841/1050/1050
f 921/574/574 841/1050/1050 920/576/576
f 920/576/576 841/1050/1050 840/1051/1051
f 920/576/576 840/1051/1051 919/578/578
f 919/578/578 840/1051/1051 839/1052/1052
f 919/578/578 839/1052/1052 918/580/580
f 918/580/580 839/1052/1052 838/1053/1053
f 918/580/580 838/1053/1053 917/582/582
f 917/582/582 838/1053/1053 837/1054/1054
f 917/582/582 837/1054/1054 916/400/400
f 916/400/400 837/1054/1054 836/402/402
f 2/282/282 91/622/622 725/280/280
f 886/1186/1186 807/1187/1187 806/1194/1194
f 806/1194/1194 807/1187/1187 728/274/274
f 886/1186/1186 806/1194/1194 885/1195/1195
f 732/266/266 810/1198/1198 811/1165/1165
f 811/1165/1165 810/1198/1198 890/1207/1207
f 811/1165/1165 890/1207/1207 891/1163/1163
f 891/1163/1163 890/1207/1207 970/1208/1208
f 891/1163/1163 970/1208/1208 971/1161/1161
f 971/1161/1161 970/1208/1208 1049/1209/1209
f 971/1161/1161 1049/1209/1209 1050/1159/1159
f 1050/1159/1159 1049/1209/1209 1128/1177/1177
f 1050/1159/1159 1128/1177/1177 1129/1157/1157
f 890/1207/1207 810/1198/1198 889/1176/1176
f 812/1164/1164 892/1162/1162 813/1199/1199
f 813/1199/1199 892/1162/1162 893/1210/1210
f 813/1199/1199 893/1210/1210 814/1151/1151
f 814/1151/1151 893/1210/1210 894/1149/1149
f 815/1150/1150 895/1148/1148 816/1200/1200
f 816/1200/1200 895/1148/1148 896/1211/1211
f 816/1200/1200 896/1211/1211 817/1137/1137
f 817/1137/1137 896/1211/1211 897/1135/1135
f 818/1136/1136 898/1134/1134 819/1201/1201
f 819/1201/1201 898/1134/1134 899/1212/1212
f 819/1201/1201 899/1212/1212 820/1123/1123
f 820/1123/1123 899/1212/1212 900/1121/1121
f 821/1122/1122 901/1120/1120 822/1202/1202
f 822/1202/1202 901/1120/1120 902/1213/1213
f 822/1202/1202 902/1213/1213 823/1109/1109
f 823/1109/1109 902/1213/1213 903/1107/1107
f 824/1108/1108 904/1106/1106 825/1203/1203
f 825/1203/1203 904/1106/1106 905/1214/1214
f 825/1203/1203 905/1214/1214 826/1095/1095
f 826/1095/1095 905/1214/1214 906/1093/1093
f 827/1094/1094 907/1092/1092 828/1204/1204
f 828/1204/1204 907/1092/1092 908/1215/1215
f 828/1204/1204 908/1215/1215 829/1081/1081
f 829/1081/1081 908/1215/1215 909/1079/1079
f 830/1080/1080 910/1078/1078 831/1205/1205
f 831/1205/1205 910/1078/1078 911/1216/1216
f 831/1205/1205 911/1216/1216 832/1067/1067
f 832/1067/1067 911/1216/1216 912/1065/1065
f 833/1066/1066 913/1064/1064 834/1206/1206
f 834/1206/1206 913/1064/1064 914/1217/1217
f 834/1206/1206 914/1217/1217 835/403/403
f 835/403/403 914/1217/1217 915/401/401
f 965/1185/1185 886/1186/1186 885/1195/1195
f 965/1185/1185 885/1195/1195 964/1196/1196
f 968/1175/1175 888/641/641 967/639/639
f 970/1208/1208 890/1207/1207 969/1174/1174
f 969/1174/1174 890/1207/1207 889/1176/1176
f 892/1162/1162 972/1160/1160 893/1210/1210
f 893/1210/1210 972/1160/1160 973/1218/1218
f 893/1210/1210 973/1218/1218 894/1149/1149
f 894/1149/1149 973/1218/1218 974/1147/1147
f 895/1148/1148 975/1146/1146 896/1211/1211
f 896/1211/1211 975/1146/1146 976/1219/1219
f 896/1211/1211 976/1219/1219 897/1135/1135
f 897/1135/1135 976/1219/1219 977/1133/1133
f 898/1134/1134 978/1132/1132 899/1212/1212
f 899/1212/1212 978/1132/1132 979/1220/1220
f 899/1212/1212 979/1220/1220 900/1121/1121
f 900/1121/1121 979/1220/1220 980/1119/1119
f 901/1120/1120 981/1118/1118 902/1213/1213
f 902/1213/1213 981/1118/1118 982/1221/1221
f 902/1213/1213 982/1221/1221 903/1107/1107
f 903/1107/1107 982/1221/1221 983/1105/1105
f 904/1106/1106 984/1104/1104 905/1214/1214
f 905/1214/1214 984/1104/1104 985/1222/1222
f 905/1214/1214 985/1222/1222 906/1093/1093
f 906/1093/1093 985/1222/1222 986/1091/1091
f 907/1092/1092 987/1090/1090 908/1215/1215
f 908/1215/1215 987/1090/1090 988/1223/1223
f 908/1215/1215 988/1223/1223 909/1079/1079
f 909/1079/1079 988/1223/1223 989/1077/1077
f 910/1078/1078 990/1076/1076 911/1216/1216
f 911/1216/1216 990/1076/1076 991/1224/1224
f 911/1216/1216 991/1224/1224 912/1065/1065
f 912/1065/1065 991/1224/1224 992/1063/1063
f 913/1064/1064 993/1062/1062 914/1217/1217
f 914/1217/1217 993/1062/1062 994/1225/1225
f 914/1217/1217 994/1225/1225 915/401/401
f 915/401/401 994/1225/1225 995/399/399
f 1043/1184/1184 965/1185/1185 964/1196/1196
f 1043/1184/1184 964/1196/1196 1042/1197/1197
f 968/1175/1175 967/639/639 1046/1226/1226
f 1046/1226/1226 967/639/639 1045/637/637
f 1046/1226/1226 1045/637/637 1124/1181/1181
f 1049/1209/1209 970/1208/1208 1048/1172/1172
f 1048/1172/1172 970/1208/1208 969/1174/1174
f 972/1160/1160 1051/1158/1158 973/1218/1218
f 973/1218/1218 1051/1158/1158 1052/1227/1227
f 973/1218/1218 1052/1227/1227 974/1147/1147
f 974/1147/1147 1052/1227/1227 1053/1145/1145
f 975/1146/1146 1054/1144/1144 976/1219/1219
f 976/1219/1219 1054/1144/1144 1055/1228/1228
f 976/1219/1219 1055/1228/1228 977/1133/1133
f 977/1133/1133 1055/1228/1228 1056/1131/1131
f 978/1132/1132 1057/1130/1130 979/1220/1220
f 979/1220/1220 1057/1130/1130 1058/1229/1229
f 979/1220/1220 1058/1229/1229 980/1119/1119
f 980/1119/1119 1058/1229/1229 1059/1117/1117
f 981/1118/1118 1060/1116/1116 982/1221/1221
f 982/1221/1221 1060/1116/1116 1061/1230/1230
f 982/1221/1221 1061/1230/1230 983/1105/1105
f 983/1105/1105 1061/1230/1230 1062/1103/1103
f 984/1104/1104 1063/1102/1102 985/1222/1222
f 985/1222/1222 1063/1102/1102 1064/1231/1231
f 985/1222/1222 1064/1231/1231 986/1091/1091
f 986/1091/1091 1064/1231/1231 1065/1089/1089
f 987/1090/1090 1066/1088/1088 988/1223/1223
f 988/1223/1223 1066/1088/1088 1067/1232/1232
f 988/1223/1223 1067/1232/1232 989/1077/1077
f 989/1077/1077 1067/1232/1232 1068/1075/1075
f 990/1076/1076 1069/1074/1074 991/1224/1224
f 991/1224/1224 1069/1074/1074 1070/1233/1233
f 991/1224/1224 1070/1233/1233 992/1063/1063
f 992/1063/1063 1070/1233/1233 1071/1061/1061
f 993/1062/1062 1072/1060/1060 994/1225/1225
f 994/1225/1225 1072/1060/1060 1073/1234/1234
f 994/1225/1225 1073/1234/1234 995/399/399
f 995/399/399 1073/1234/1234 1074/397/397
f 996/398/398 1075/396/396 997/581/581
f 997/581/581 1075/396/396 1076/487/487
f 997/581/581 1076/487/487 998/579/579
f 998/579/579 1076/487/487 1077/485/485
f 998/579/579 1077/485/485 999/577/577
f 999/577/577 1077/485/485 1078/483/483
f 999/577/577 1078/483/483 1000/575/575
f 1000/575/575 1078/483/483 1079/481/481
f 1000/575/575 1079/481/481 1001/573/573
f 1001/573/573 1079/481/481 1080/479/479
f 1001/573/573 1080/479/479 1002/571/571
f 1002/571/571 1080/479/479 1081/477/477
f 1002/571/571 1081/477/477 1003/569/569
f 1003/569/569 1081/477/477 1082/475/475
f 1003/569/569 1082/475/475 1004/567/567
f 1004/567/567 1082/475/475 1083/473/473
f 1004/567/567 1083/473/473 1005/565/565
f 1005/565/565 1083/473/473 1084/471/471
f 1005/565/565 1084/471/471 1006/563/563
f 1006/563/563 1084/471/471 1085/469/469
f 1006/563/563 1085/469/469 1007/561/561
f 1007/561/561 1085/469/469 1086/467/467
f 1007/561/561 1086/467/467 1008/559/559
f 1008/559/559 1086/467/467 1087/465/465
f 1008/559/559 1087/465/465 1009/557/557
f 1009/557/557 1087/465/465 1088/463/463
f 1009/557/557 1088/463/463 1010/555/555
f 1010/555/555 1088/463/463 1089/461/461
f 1010/555/555 1089/461/461 1011/553/553
f 1011/553/553 1089/461/461 1090/459/459
f 1011/553/553 1090/459/459 1012/551/551
f 1012/551/551 1090/459/459 1091/457/457
f 1012/551/551 1091/457/457 1013/549/549
f 1013/549/549 1091/457/457 1092/455/455
f 1013/549/549 1092/455/455 1014/547/547
f 1014/547/547 1092/455/455 1093/453/453
f 1014/547/547 1093/453/453 1015/545/545
f 1015/545/545 1093/453/453 1094/451/451
f 1015/545/545 1094/451/451 1016/543/543
f 1016/543/543 1094/451/451 1095/449/449
f 1016/543/543 1095/449/449 1017/541/541
f 1017/541/541 1095/449/449 1096/447/447
f 1017/541/541 1096/447/447 1018/539/539
f 1018/539/539 1096/447/447 1097/445/445
f 1018/539/539 1097/445/445 1019/537/537
f 1019/537/537 1097/445/445 1098/443/443
f 1019/537/537 1098/443/443 1020/535/535
f 1020/535/535 1098/443/443 1099/441/441
f 1020/535/535 1099/441/441 1021/533/533
f 1021/533/533 1099/441/441 1100/439/439
f 1021/533/533 1100/439/439 1022/531/531
f 1022/531/531 1100/439/439 1101/437/437
f 1022/531/531 1101/437/437 1023/529/529
f 1023/529/529 1101/437/437 1102/435/435
f 1023/529/529 1102/435/435 1024/527/527
f 1024/527/527 1102/435/435 1103/433/433
f 1024/527/527 1103/433/433 1025/525/525
f 1025/525/525 1103/433/433 1104/431/431
f 1025/525/525 1104/431/431 1026/523/523
f 1026/523/523 1104/431/431 1105/429/429
f 1026/523/523 1105/429/429 1027/521/521
f 1027/521/521 1105/429/429 1106/427/427
f 1027/521/521 1106/427/427 1028/519/519
f 1028/519/519 1106/427/427 1107/425/425
f 1028/519/519 1107/425/425 1029/517/517
f 1029/517/517 1107/425/425 1108/423/423
f 1029/517/517 1108/423/423 1030/515/515
f 1030/515/515 1108/423/423 1109/421/421
f 1030/515/515 1109/421/421 1031/513/513
f 1031/513/513 1109/421/421 1110/419/419
f 1031/513/513 1110/419/419 1032/511/511
f 1032/511/511 1110/419/419 1111/417/417
f 1032/511/511 1111/417/417 1033/509/509
f 1033/509/509 1111/417/417 1112/415/415
f 1033/509/509 1112/415/415 1034/507/507
f 1034/507/507 1112/415/415 1113/413/413
f 1034/507/507 1113/413/413 1035/505/505
f 1035/505/505 1113/413/413 1114/411/411
f 1035/505/505 1114/411/411 1036/503/503
f 1036/503/503 1114/411/411 1115/409/409
f 1036/503/503 1115/409/409 1037/501/501
f 1037/501/501 1115/409/409 1116/407/407
f 1037/501/501 1116/407/407 1038/499/499
f 1038/499/499 1116/407/407 1117/405/405
f 1038/499/499 1117/405/405 90/404/404
f 1119/628/628 1040/626/626 1118/647/647
f 1121/1183/1183 1043/1184/1184 1042/1197/1197
f 1121/1183/1183 1042/1197/1197 1120/629/629
f 968/1175/1175 1046/1226/1226 1047/1173/1173
f 1047/1173/1173 1046/1226/1226 1125/1182/1182
f 1047/1173/1173 1125/1182/1182 1126/1171/1171
f 1125/1182/1182 1046/1226/1226 1124/1181/1181
f 1128/1177/1177 1049/1209/1209 1127/1170/1170
f 1127/1170/1170 1049/1209/1209 1048/1172/1172
f 1051/1158/1158 1130/1156/1156 1052/1227/1227
f 1052/1227/1227 1130/1156/1156 1131/1166/1166
f 1052/1227/1227 1131/1166/1166 1053/1145/1145
f 1053/1145/1145 1131/1166/1166 1132/1143/1143
f 1054/1144/1144 1133/1142/1142 1055/1228/1228
f 1055/1228/1228 1133/1142/1142 1134/1152/1152
f 1055/1228/1228 1134/1152/1152 1056/1131/1131
f 1056/1131/1131 1134/1152/1152 1135/1129/1129
f 1057/1130/1130 1136/1128/1128 1058/1229/1229
f 1058/1229/1229 1136/1128/1128 1137/1138/1138
f 1058/1229/1229 1137/1138/1138 1059/1117/1117
f 1059/1117/1117 1137/1138/1138 1138/1115/1115
f 1060/1116/1116 1139/1114/1114 1061/1230/1230
f 1061/1230/1230 1139/1114/1114 1140/1124/1124
f 1061/1230/1230 1140/1124/1124 1062/1103/1103
f 1062/1103/1103 1140/1124/1124 1141/1101/1101
f 1063/1102/1102 1142/1100/1100 1064/1231/1231
f 1064/1231/1231 1142/1100/1100 1143/1110/1110
f 1064/1231/1231 1143/1110/1110 1065/1089/1089
f 1065/1089/1089 1143/1110/1110 1144/1087/1087
f 1066/1088/1088 1145/1086/1086 1067/1232/1232
f 1067/1232/1232 1145/1086/1086 1146/1096/1096
f 1067/1232/1232 1146/1096/1096 1068/1075/1075
f 1068/1075/1075 1146/1096/1096 1147/1073/1073
f 1069/1074/1074 1148/1072/1072 1070/1233/1233
f 1070/1233/1233 1148/1072/1072 1149/1082/1082
f 1070/1233/1233 1149/1082/1082 1071/1061/1061
f 1071/1061/1061 1149/1082/1082 1150/1059/1059
f 1072/1060/1060 1151/1058/1058 1073/1234/1234
f 1073/1234/1234 1151/1058/1058 1152/1068/1068
f 1073/1234/1234 1152/1068/1068 1074/397/397
f 1074/397/397 1152/1068/1068 1153/395/395
f 720/631/631 1121/1183/1183 1120/629/629
f 19/1235/1235 1272/1236/1236 20/1237/1237
f 20/1237/1237 1272/1236/1236 1273/1238/1238
f 20/1237/1237 1273/1238/1238 1274/1239/1239
f 1274/1239/1239 1273/1238/1238 1353/1240/1240
f 1274/1239/1239 1353/1240/1240 1354/1241/1241
f 1354/1241/1241 1353/1240/1240 1433/1242/1242
f 1354/1241/1241 1433/1242/1242 1434/1243/1243
f 1434/1243/1243 1433/1242/1242 1513/1244/1244
f 1434/1243/1243 1513/1244/1244 1514/1245/1245
f 1514/1245/1245 1513/1244/1244 1593/1246/1246
f 1514/1245/1245 1593/1246/1246 62/1247/1247
f 62/1247/1247 1593/1246/1246 63/1248/1248
f 63/1248/1248 1593/1246/1246 1672/1249/1249
f 63/1248/1248 1672/1249/1249 64/1250/1250
f 64/1250/1250 1672/1249/1249 1751/1251/1251
f 64/1250/1250 1751/1251/1251 1195/1252/1252
f 1195/1252/1252 1751/1251/1251 1750/1253/1253
f 1195/1252/1252 1750/1253/1253 1908/1254/1254
f 1908/1254/1254 1750/1253/1253 1749/1255/1255
f 1908/1254/1254 1749/1255/1255 1907/1256/1256
f 1907/1256/1256 1749/1255/1255 1748/1257/1257
f 1907/1256/1256 1748/1257/1257 1906/1258/1258
f 1906/1258/1258 1748/1257/1257 1747/1259/1259
f 1906/1258/1258 1747/1259/1259 1905/1260/1260
f 1905/1260/1260 1747/1259/1259 1746/1261/1261
f 1905/1260/1260 1746/1261/1261 1904/1262/1262
f 1904/1262/1262 1746/1261/1261 1745/1263/1263
f 1904/1262/1262 1745/1263/1263 1903/1264/1264
f 1903/1264/1264 1745/1263/1263 1744/1265/1265
f 1903/1264/1264 1744/1265/1265 1902/1266/1266
f 1902/1266/1266 1744/1265/1265 1743/1267/1267
f 1902/1266/1266 1743/1267/1267 1901/1268/1268
f 1901/1268/1268 1743/1267/1267 1742/1269/1269
f 1901/1268/1268 1742/1269/1269 1900/1270/1270
f 1900/1270/1270 1742/1269/1269 1741/1271/1271
f 1900/1270/1270 1741/1271/1271 1899/1272/1272
f 1899/1272/1272 1741/1271/1271 1740/1273/1273
f 1899/1272/1272 1740/1273/1273 1898/1274/1274
f 1898/1274/1274 1740/1273/1273 1739/1275/1275
f 1898/1274/1274 1739/1275/1275 1897/1276/1276
f 1897/1276/1276 1739/1275/1275 1738/1277/1277
f 1897/1276/1276 1738/1277/1277 1896/1278/1278
f 1896/1278/1278 1738/1277/1277 1737/1279/1279
f 1896/1278/1278 1737/1279/1279 1895/1280/1280
f 1895/1280/1280 1737/1279/1279 1736/1281/1281
f 1895/1280/1280 1736/1281/1281 1894/1282/1282
f 1894/1282/1282 1736/1281/1281 1735/1283/1283
f 1894/1282/1282 1735/1283/1283 1893/1284/1284
f 1893/1284/1284 1735/1283/1283 1734/1285/1285
f 1893/1284/1284 1734/1285/1285 1892/1286/1286
f 1892/1286/1286 1734/1285/1285 1733/1287/1287
f 1892/1286/1286 1733/1287/1287 1891/1288/1288
f 1891/1288/1288 1733/1287/1287 1732/1289/1289
f 1891/1288/1288 1732/1289/1289 1890/1290/1290
f 1890/1290/1290 1732/1289/1289 1731/1291/1291
f 1890/1290/1290 1731/1291/1291 1889/1292/1292
f 1889/1292/1292 1731/1291/1291 1730/1293/1293
f 1889/1292/1292 1730/1293/1293 1888/1294/1294
f 1888/1294/1294 1730/1293/1293 1729/1295/1295
f 1888/1294/1294 1729/1295/1295 1887/1296/1296
f 1887/1296/1296 1729/1295/1295 1728/1297/1297
f 1887/1296/1296 1728/1297/1297 1886/1298/1298
f 1886/1298/1298 1728/1297/1297 1727/1299/1299
f 1886/1298/1298 1727/1299/1299 1885/1300/1300
f 1885/1300/1300 1727/1299/1299 1726/1301/1301
f 1885/1300/1300 1726/1301/1301 1884/1302/1302
f 1884/1302/1302 1726/1301/1301 1725/1303/1303
f 1884/1302/1302 1725/1303/1303 1883/1304/1304
f 1883/1304/1304 1725/1303/1303 1724/1305/1305
f 1883/1304/1304 1724/1305/1305 1882/1306/1306
f 1882/1306/1306 1724/1305/1305 1723/1307/1307
f 1882/1306/1306 1723/1307/1307 1881/1308/1308
f 1881/1308/1308 1723/1307/1307 1722/1309/1309
f 1881/1308/1308 1722/1309/1309 1880/1310/1310
f 1880/1310/1310 1722/1309/1309 1721/1311/1311
f 1880/1310/1310 1721/1311/1311 1879/1312/1312
f 1879/1312/1312 1721/1311/1311 1720/1313/1313
f 1879/1312/1312 1720/1313/1313 1878/1314/1314
f 1878/1314/1314 1720/1313/1313 1719/1315/1315
f 1878/1314/1314 1719/1315/1315 1877/1316/1316
f 1877/1316/1316 1719/1315/1315 1718/1317/1317
f 1877/1316/1316 1718/1317/1317 1876/1318/1318
f 1876/1318/1318 1718/1317/1317 1717/1319/1319
f 1876/1318/1318 1717/1319/1319 1875/1320/1320
f 1875/1320/1320 1717/1319/1319 1716/1321/1321
f 1875/1320/1320 1716/1321/1321 1874/1322/1322
f 1874/1322/1322 1716/1321/1321 1715/1323/1323
f 1874/1322/1322 1715/1323/1323 1873/1324/1324
f 1873/1324/1324 1715/1323/1323 1714/1325/1325
f 1873/1324/1324 1714/1325/1325 1872/1326/1326
f 1872/1326/1326 1714/1325/1325 1713/1327/1327
f 1872/1326/1326 1713/1327/1327 1871/1328/1328
f 1871/1328/1328 1713/1327/1327 1712/1329/1329
f 1871/1328/1328 1712/1329/1329 1870/1330/1330
f 1870/1330/1330 1712/1329/1329 1711/1331/1331
f 1870/1330/1330 1711/1331/1331 1869/1332/1332
f 1869/1332/1332 1711/1331/1331 1710/1333/1333
f 1869/1332/1332 1710/1333/1333 1868/1334/1334
f 1868/1334/1334 1710/1333/1333 1709/1335/1335
f 1868/1334/1334 1709/1335/1335 1867/1336/1336
f 1867/1336/1336 1709/1335/1335 1708/1337/1337
f 1867/1336/1336 1708/1337/1337 1866/1338/1338
f 1866/1338/1338 1708/1337/1337 1707/1339/1339
f 1866/1338/1338 1707/1339/1339 1865/1340/1340
f 1865/1340/1340 1707/1339/1339 1706/1341/1341
f 1865/1340/1340 1706/1341/1341 1864/1342/1342
f 1864/1342/1342 1706/1341/1341 1705/1343/1343
f 1864/1342/1342 1705/1343/1343 1863/1344/1344
f 1863/1344/1344 1705/1343/1343 1704/1345/1345
f 1863/1344/1344 1704/1345/1345 1862/1346/1346
f 1862/1346/1346 1704/1345/1345 1703/1347/1347
f 1862/1346/1346 1703/1347/1347 1861/1348/1348
f 1861/1348/1348 1703/1347/1347 1702/1349/1349
f 1861/1348/1348 1702/1349/1349 1860/1350/1350
f 1860/1350/1350 1702/1349/1349 1701/1351/1351
f 1860/1350/1350 1701/1351/1351 1859/1352/1352
f 1859/1352/1352 1701/1351/1351 1700/1353/1353
f 1859/1352/1352 1700/1353/1353 1858/1354/1354
f 1858/1354/1354 1700/1353/1353 1699/1355/1355
f 1858/1354/1354 1699/1355/1355 1857/1356/1356
f 1857/1356/1356 1699/1355/1355 1698/1357/1357
f 1857/1356/1356 1698/1357/1357 1856/1358/1358
f 1856/1358/1358 1698/1357/1357 1697/1359/1359
f 1856/1358/1358 1697/1359/1359 1855/1360/1360
f 1855/1360/1360 1697/1359/1359 1696/1361/1361
f 1855/1360/1360 1696/1361/1361 1854/1362/1362
f 1854/1362/1362 1696/1361/1361 1695/1363/1363
f 1854/1362/1362 1695/1363/1363 1853/1364/1364
f 1853/1364/1364 1695/1363/1363 1694/1365/1365
f 1853/1364/1364 1694/1365/1365 1852/1366/1366
f 1852/1366/1366 1694/1365/1365 1693/1367/1367
f 1852/1366/1366 1693/1367/1367 1851/1368/1368
f 1851/1368/1368 1693/1367/1367 1692/1369/1369
f 1851/1368/1368 1692/1369/1369 1850/1370/1370
f 1850/1370/1370 1692/1369/1369 1691/1371/1371
f 1850/1370/1370 1691/1371/1371 1849/1372/1372
f 1849/1372/1372 1691/1371/1371 1690/1373/1373
f 1849/1372/1372 1690/1373/1373 1848/1374/1374
f 1848/1374/1374 1690/1373/1373 1689/1375/1375
f 1848/1374/1374 1689/1375/1375 1847/1376/1376
f 1847/1376/1376 1689/1375/1375 1688/1377/1377
f 1847/1376/1376 1688/1377/1377 1846/1378/1378
f 1846/1378/1378 1688/1377/1377 1687/1379/1379
f 1846/1378/1378 1687/1379/1379 1845/1380/1380
f 1845/1380/1380 1687/1379/1379 1686/1381/1381
f 1845/1380/1380 1686/1381/1381 1844/1382/1382
f 1844/1382/1382 1686/1381/1381 1685/1383/1383
f 1844/1382/1382 1685/1383/1383 1843/1384/1384
f 1843/1384/1384 1685/1383/1383 1684/1385/1385
f 1843/1384/1384 1684/1385/1385 1842/1386/1386
f 1842/1386/1386 1684/1385/1385 1683/1387/1387
f 1842/1386/1386 1683/1387/1387 1841/1388/1388
f 1841/1388/1388 1683/1387/1387 1682/1389/1389
f 1841/1388/1388 1682/1389/1389 1840/1390/1390
f 1840/1390/1390 1682/1389/1389 1681/1391/1391
f 1840/1390/1390 1681/1391/1391 1839/1392/1392
f 1839/1392/1392 1681/1391/1391 1680/1393/1393
f 1839/1392/1392 1680/1393/1393 1838/1394/1394
f 1838/1394/1394 1680/1393/1393 1679/1395/1395
f 1838/1394/1394 1679/1395/1395 1837/1396/1396
f 1837/1396/1396 1679/1395/1395 1678/1397/1397
f 1837/1396/1396 1678/1397/1397 1836/1398/1398
f 1836/1398/1398 1678/1397/1397 1677/1399/1399
f 1836/1398/1398 1677/1399/1399 1835/1400/1400
f 1835/1400/1400 1677/1399/1399 1676/1401/1401
f 1835/1400/1400 1676/1401/1401 1834/1402/1402
f 1834/1402/1402 1676/1401/1401 1675/1403/1403
f 1834/1402/1402 1675/1403/1403 1833/1404/1404
f 1833/1404/1404 1675/1403/1403 1674/1405/1405
f 1833/1404/1404 1674/1405/1405 1832/1406/1406
f 1832/1406/1406 1674/1405/1405 1673/1407/1407
f 1832/1406/1406 1673/1407/1407 1831/1408/1408
f 1831/1408/1408 1673/1407/1407 77/1409/1409
f 1831/1408/1408 77/1409/1409 3/1410/1410
f 18/1411/1411 1261/1412/1412 19/1235/1235
f 19/1235/1235 1261/1412/1412 1262/1413/1413
f 19/1235/1235 1262/1413/1413 1263/1414/1414
f 1263/1414/1414 1262/1413/1413 1342/1415/1415
f 1263/1414/1414 1342/1415/1415 1343/1416/1416
f 1343/1416/1416 1342/1415/1415 1422/1417/1417
f 1343/1416/1416 1422/1417/1417 1423/1418/1418
f 1423/1418/1418 1422/1417/1417 1502/1419/1419
f 1423/1418/1418 1502/1419/1419 1503/1420/1420
f 1503/1420/1420 1502/1419/1419 1582/1421/1421
f 1503/1420/1420 1582/1421/1421 1583/1422/1422
f 1583/1422/1422 1582/1421/1421 1662/1423/1423
f 1583/1422/1422 1662/1423/1423 1663/1424/1424
f 1663/1424/1424 1662/1423/1423 1742/1269/1269
f 1663/1424/1424 1742/1269/1269 1743/1267/1267
f 17/1425/1425 1249/1426/1426 18/1411/1411
f 18/1411/1411 1249/1426/1426 1250/1427/1427
f 18/1411/1411 1250/1427/1427 1251/1428/1428
f 1251/1428/1428 1250/1427/1427 1330/1429/1429
f 1251/1428/1428 1330/1429/1429 1331/1430/1430
f 1331/1430/1430 1330/1429/1429 1410/1431/1431
f 1331/1430/1430 1410/1431/1431 1411/1432/1432
f 1411/1432/1432 1410/1431/1431 1490/1433/1433
f 1411/1432/1432 1490/1433/1433 1491/1434/1434
f 1491/1434/1434 1490/1433/1433 1570/1435/1435
f 1491/1434/1434 1570/1435/1435 1571/1436/1436
f 1571/1436/1436 1570/1435/1435 1650/1437/1437
f 1571/1436/1436 1650/1437/1437 1651/1438/1438
f 1651/1438/1438 1650/1437/1437 1730/1293/1293
f 1651/1438/1438 1730/1293/1293 1731/1291/1291
f 16/1439/1439 1238/1440/1440 17/1425/1425
f 17/1425/1425 1238/1440/1440 1239/1441/1441
f 17/1425/1425 1239/1441/1441 1240/1442/1442
f 1240/1442/1442 1239/1441/1441 1319/1443/1443
f 1240/1442/1442 1319/1443/1443 1320/1444/1444
f 1320/1444/1444 1319/1443/1443 1399/1445/1445
f 1320/1444/1444 1399/1445/1445 1400/1446/1446
f 1400/1446/1446 1399/1445/1445 1479/1447/1447
f 1400/1446/1446 1479/1447/1447 1480/1448/1448
f 1480/1448/1448 1479/1447/1447 1559/1449/1449
f 1480/1448/1448 1559/1449/1449 1560/1450/1450
f 1560/1450/1450 1559/1449/1449 1639/1451/1451
f 1560/1450/1450 1639/1451/1451 1640/1452/1452
f 1640/1452/1452 1639/1451/1451 1719/1315/1315
f 1640/1452/1452 1719/1315/1315 1720/1313/1313
f 15/1453/1453 1227/1454/1454 16/1439/1439
f 16/1439/1439 1227/1454/1454 1228/1455/1455
f 16/1439/1439 1228/1455/1455 1229/1456/1456
f 1229/1456/1456 1228/1455/1455 1308/1457/1457
f 1229/1456/1456 1308/1457/1457 1309/1458/1458
f 1309/1458/1458 1308/1457/1457 1388/1459/1459
f 1309/1458/1458 1388/1459/1459 1389/1460/1460
f 1389/1460/1460 1388/1459/1459 1468/1461/1461
f 1389/1460/1460 1468/1461/1461 1469/1462/1462
f 1469/1462/1462 1468/1461/1461 1548/1463/1463
f 1469/1462/1462 1548/1463/1463 1549/1464/1464
f 1549/1464/1464 1548/1463/1463 1628/1465/1465
f 1549/1464/1464 1628/1465/1465 1629/1466/1466
f 1629/1466/1466 1628/1465/1465 1708/1337/1337
f 1629/1466/1466 1708/1337/1337 1709/1335/1335
f 14/1467/1467 1215/1468/1468 15/1453/1453
f 15/1453/1453 1215/1468/1468 1216/1469/1469
f 15/1453/1453 1216/1469/1469 1217/1470/1470
f 1217/1470/1470 1216/1469/1469 1296/1471/1471
f 1217/1470/1470 1296/1471/1471 1297/1472/1472
f 1297/1472/1472 1296/1471/1471 1376/1473/1473
f 1297/1472/1472 1376/1473/1473 1377/1474/1474
f 1377/1474/1474 1376/1473/1473 1456/1475/1475
f 1377/1474/1474 1456/1475/1475 1457/1476/1476
f 1457/1476/1476 1456/1475/1475 1536/1477/1477
f 1457/1476/1476 1536/1477/1477 1537/1478/1478
f 1537/1478/1478 1536/1477/1477 1616/1479/1479
f 1537/1478/1478 1616/1479/1479 1617/1480/1480
f 1617/1480/1480 1616/1479/1479 1696/1361/1361
f 1617/1480/1480 1696/1361/1361 1697/1359/1359
f 13/1481/79 1204/1482/1481 14/1467/1467
f 14/1467/1467 1204/1482/1481 1205/1483/1482
f 14/1467/1467 1205/1483/1482 1206/1484/1483
f 1206/1484/1483 1205/1483/1482 1285/1485/1484
f 1206/1484/1483 1285/1485/1484 1286/1486/1485
f 1286/1486/1485 1285/1485/1484 1365/1487/1486
f 1286/1486/1485 1365/1487/1486 1366/1488/1487
f 1366/1488/1487 1365/1487/1486 1445/1489/1488
f 1366/1488/1487 1445/1489/1488 1446/1490/1489
f 1446/1490/1489 1445/1489/1488 1525/1491/1490
f 1446/1490/1489 1525/1491/1490 1526/1492/1491
f 1526/1492/1491 1525/1491/1490 1605/1493/1492
f 1526/1492/1491 1605/1493/1492 1606/1494/1493
f 1606/1494/1493 1605/1493/1492 1685/1383/1383
f 1606/1494/1493 1685/1383/1383 1686/1381/1381
f 82/1495/1494 1199/1496/1495 13/1481/79
f 13/1481/79 1199/1496/1495 1200/1497/1496
f 13/1481/79 1200/1497/1496 1201/1498/1497
f 1201/1498/1497 1200/1497/1496 1280/1499/1498
f 1201/1498/1497 1280/1499/1498 1281/1500/1499
f 1281/1500/1499 1280/1499/1498 1360/1501/1500
f 1281/1500/1499 1360/1501/1500 1361/1502/1501
f 1361/1502/1501 1360/1501/1500 1440/1503/1502
f 1361/1502/1501 1440/1503/1502 1441/1504/1503
f 1441/1504/1503 1440/1503/1502 1520/1505/1504
f 1441/1504/1503 1520/1505/1504 1521/1506/1505
f 1521/1506/1505 1520/1505/1504 1600/1507/1506
f 1521/1506/1505 1600/1507/1506 1601/1508/1507
f 1601/1508/1507 1600/1507/1506 1680/1393/1393
f 1601/1508/1507 1680/1393/1393 1681/1391/1391
f 1199/1496/1495 82/1495/1494 1278/1509/1508
f 1278/1509/1508 82/1495/1494 81/1510/1509
f 1278/1509/1508 81/1510/1509 1357/1511/1510
f 1357/1511/1510 81/1510/1509 80/1512/1511
f 1357/1511/1510 80/1512/1511 1436/1513/1512
f 1436/1513/1512 80/1512/1511 79/1514/1513
f 1436/1513/1512 79/1514/1513 1515/1515/1514
f 1515/1515/1514 79/1514/1513 78/1516/1515
f 1515/1515/1514 78/1516/1515 1594/1517/1516
f 1594/1517/1516 78/1516/1515 77/1409/1409
f 1594/1517/1516 77/1409/1409 1673/1407/1407
f 2/1518/1517 1791/1519/1518 3/1410/1410
f 3/1410/1410 1791/1519/1518 1792/1520/1519
f 3/1410/1410 1792/1520/1519 1793/1521/1520
f 1793/1521/1520 1792/1520/1519 2260/1522/1521
f 1793/1521/1520 2260/1522/1521 2259/1523/1522
f 2259/1523/1522 2260/1522/1521 2181/1524/1523
f 2259/1523/1522 2181/1524/1523 2180/1525/1524
f 2180/1525/1524 2181/1524/1523 2102/1526/1525
f 2180/1525/1524 2102/1526/1525 2101/1527/1526
f 2101/1527/1526 2102/1526/1525 2022/1528/1527
f 2101/1527/1526 2022/1528/1527 2021/1529/1528
f 2021/1529/1528 2022/1528/1527 1942/1530/1529
f 2021/1529/1528 1942/1530/1529 1941/1531/1530
f 1941/1531/1530 1942/1530/1529 1863/1344/1344
f 1941/1531/1530 1863/1344/1344 1862/1346/1346
f 64/1250/1250 1196/1532/1531 2/1518/1517
f 2/1518/1517 1196/1532/1531 2223/1533/1532
f 2/1518/1517 2223/1533/1532 2066/1534/1533
f 2066/1534/1533 2223/1533/1532 2222/1535/1534
f 2066/1534/1533 2222/1535/1534 2300/1536/1535
f 2300/1536/1535 2222/1535/1534 2221/1537/1536
f 2300/1536/1535 2221/1537/1536 2299/1538/1537
f 2299/1538/1537 2221/1537/1536 2220/1539/1538
f 2299/1538/1537 2220/1539/1538 2298/1540/1539
f 2298/1540/1539 2220/1539/1538 2219/1541/1540
f 2298/1540/1539 2219/1541/1540 2297/1542/1541
f 2297/1542/1541 2219/1541/1540 2218/1543/1542
f 2297/1542/1541 2218/1543/1542 2296/1544/1543
f 2296/1544/1543 2218/1543/1542 2217/1545/1544
f 2296/1544/1543 2217/1545/1544 2295/1546/1545
f 2295/1546/1545 2217/1545/1544 2216/1547/1546
f 2295/1546/1545 2216/1547/1546 2294/1548/1547
f 2294/1548/1547 2216/1547/1546 2215/1549/1548
f 2294/1548/1547 2215/1549/1548 2293/1550/1549
f 2293/1550/1549 2215/1549/1548 2214/1551/1550
f 2293/1550/1549 2214/1551/1550 2292/1552/1551
f 2292/1552/1551 2214/1551/1550 2213/1553/1552
f 2292/1552/1551 2213/1553/1552 2291/1554/1553
f 2291/1554/1553 2213/1553/1552 2212/1555/1554
f 2291/1554/1553 2212/1555/1554 2290/1556/1555
f 2290/1556/1555 2212/1555/1554 2211/1557/1556
f 2290/1556/1555 2211/1557/1556 2289/1558/1557
f 2289/1558/1557 2211/1557/1556 2210/1559/1558
f 2289/1558/1557 2210/1559/1558 2288/1560/1559
f 2288/1560/1559 2210/1559/1558 2209/1561/1560
f 2288/1560/1559 2209/1561/1560 2287/1562/1561
f 2287/1562/1561 2209/1561/1560 2208/1563/1562
f 2287/1562/1561 2208/1563/1562 2286/1564/1563
f 2286/1564/1563 2208/1563/1562 2207/1565/1564
f 2286/1564/1563 2207/1565/1564 2285/1566/1565
f 2285/1566/1565 2207/1565/1564 2206/1567/1566
f 2285/1566/1565 2206/1567/1566 2284/1568/1567
f 2284/1568/1567 2206/1567/1566 2205/1569/1568
f 2284/1568/1567 2205/1569/1568 2283/1570/1569
f 2283/1570/1569 2205/1569/1568 2204/1571/1570
f 2283/1570/1569 2204/1571/1570 2282/1572/1571
f 2282/1572/1571 2204/1571/1570 2203/1573/1572
f 2282/1572/1571 2203/1573/1572 2281/1574/1573
f 2281/1574/1573 2203/1573/1572 2202/1575/1574
f 2281/1574/1573 2202/1575/1574 2280/1576/1575
f 2280/1576/1575 2202/1575/1574 2201/1577/1576
f 2280/1576/1575 2201/1577/1576 2279/1578/1577
f 2279/1578/1577 2201/1577/1576 2200/1579/1578
f 2279/1578/1577 2200/1579/1578 2278/1580/1579
f 2278/1580/1579 2200/1579/1578 2199/1581/1580
f 2278/1580/1579 2199/1581/1580 2277/1582/1581
f 2277/1582/1581 2199/1581/1580 2198/1583/1582
f 2277/1582/1581 2198/1583/1582 2276/1584/1583
f 2276/1584/1583 2198/1583/1582 2197/1585/1584
f 2276/1584/1583 2197/1585/1584 2275/1586/1585
f 2275/1586/1585 2197/1585/1584 2196/1587/1586
f 2275/1586/1585 2196/1587/1586 2274/1588/1587
f 2274/1588/1587 2196/1587/1586 2195/1589/1588
f 2274/1588/1587 2195/1589/1588 2273/1590/1589
f 2273/1590/1589 2195/1589/1588 2194/1591/1590
f 2273/1590/1589 2194/1591/1590 2272/1592/1591
f 2272/1592/1591 2194/1591/1590 2193/1593/1592
f 2272/1592/1591 2193/1593/1592 2271/1594/1593
f 2271/1594/1593 2193/1593/1592 2192/1595/1594
f 2271/1594/1593 2192/1595/1594 2270/1596/1595
f 2270/1596/1595 2192/1595/1594 2191/1597/1596
f 2270/1596/1595 2191/1597/1596 2269/1598/1597
f 2269/1598/1597 2191/1597/1596 2190/1599/1598
f 2269/1598/1597 2190/1599/1598 2268/1600/1599
f 2268/1600/1599 2190/1599/1598 2189/1601/1600
f 2268/1600/1599 2189/1601/1600 2267/1602/1601
f 2267/1602/1601 2189/1601/1600 2188/1603/1602
f 2267/1602/1601 2188/1603/1602 2266/1604/1603
f 2266/1604/1603 2188/1603/1602 2187/1605/1604
f 2266/1604/1603 2187/1605/1604 2265/1606/1605
f 2265/1606/1605 2187/1605/1604 2186/1607/1606
f 2265/1606/1605 2186/1607/1606 2264/1608/1607
f 2264/1608/1607 2186/1607/1606 2185/1609/1608
f 2264/1608/1607 2185/1609/1608 2263/1610/1609
f 2263/1610/1609 2185/1609/1608 2184/1611/1610
f 2263/1610/1609 2184/1611/1610 2262/1612/1611
f 2262/1612/1611 2184/1611/1610 2183/1613/1612
f 2262/1612/1611 2183/1613/1612 2261/1614/1613
f 2261/1614/1613 2183/1613/1612 2182/1615/1614
f 2261/1614/1613 2182/1615/1614 2260/1522/1521
f 2260/1522/1521 2182/1615/1614 2181/1524/1523
f 62/1247/1247 61/1616/1615 1514/1245/1245
f 1514/1245/1245 61/1616/1615 1435/1617/1616
f 1514/1245/1245 1435/1617/1616 1434/1243/1243
f 1434/1243/1243 1435/1617/1616 1355/1618/1617
f 1434/1243/1243 1355/1618/1617 1354/1241/1241
f 1354/1241/1241 1355/1618/1617 1275/1619/1618
f 1354/1241/1241 1275/1619/1618 1274/1239/1239
f 1274/1239/1239 1275/1619/1618 20/1237/1237
f 61/1616/1615 60/1620/1619 1435/1617/1616
f 1435/1617/1616 60/1620/1619 1356/1621/1620
f 1435/1617/1616 1356/1621/1620 1355/1618/1617
f 1355/1618/1617 1356/1621/1620 1276/1622/1621
f 1355/1618/1617 1276/1622/1621 1275/1619/1618
f 1275/1619/1618 1276/1622/1621 20/1237/1237
f 60/1620/1619 59/1623/1622 1356/1621/1620
f 1356/1621/1620 59/1623/1622 1277/1624/1623
f 1356/1621/1620 1277/1624/1623 1276/1622/1621
f 1276/1622/1621 1277/1624/1623 20/1237/1237
f 59/1623/1622 20/1237/1237 1277/1624/1623
f 64/1250/1250 1909/1625/1624 1196/1532/1531
f 1196/1532/1531 1909/1625/1624 2065/1626/1625
f 1196/1532/1531 2065/1626/1625 2144/1627/1626
f 2144/1627/1626 2065/1626/1625 2064/1628/1627
f 2144/1627/1626 2064/1628/1627 2143/1629/1628
f 2143/1629/1628 2064/1628/1627 2063/1630/1629
f 2143/1629/1628 2063/1630/1629 2142/1631/1630
f 2142/1631/1630 2063/1630/1629 2062/1632/1631
f 2142/1631/1630 2062/1632/1631 2141/1633/1632
f 2141/1633/1632 2062/1632/1631 2061/1634/1633
f 2141/1633/1632 2061/1634/1633 2140/1635/1634
f 2140/1635/1634 2061/1634/1633 2060/1636/1635
f 2140/1635/1634 2060/1636/1635 2139/1637/1636
f 2139/1637/1636 2060/1636/1635 2059/1638/1637
f 2139/1637/1636 2059/1638/1637 2138/1639/1638
f 2138/1639/1638 2059/1638/1637 2058/1640/1639
f 2138/1639/1638 2058/1640/1639 2137/1641/1640
f 2137/1641/1640 2058/1640/1639 2057/1642/1641
f 2137/1641/1640 2057/1642/1641 2136/1643/1642
f 2136/1643/1642 2057/1642/1641 2056/1644/1643
f 2136/1643/1642 2056/1644/1643 2135/1645/1644
f 2135/1645/1644 2056/1644/1643 2055/1646/1645
f 2135/1645/1644 2055/1646/1645 2134/1647/1646
f 2134/1647/1646 2055/1646/1645 2054/1648/1647
f 2134/1647/1646 2054/1648/1647 2133/1649/1648
f 2133/1649/1648 2054/1648/1647 2053/1650/1649
f 2133/1649/1648 2053/1650/1649 2132/1651/1650
f 2132/1651/1650 2053/1650/1649 2052/1652/1651
f 2132/1651/1650 2052/1652/1651 2131/1653/1652
f 2131/1653/1652 2052/1652/1651 2051/1654/1653
f 2131/1653/1652 2051/1654/1653 2130/1655/1654
f 2130/1655/1654 2051/1654/1653 2050/1656/1655
f 2130/1655/1654 2050/1656/1655 2129/1657/1656
f 2129/1657/1656 2050/1656/1655 2049/1658/1657
f 2129/1657/1656 2049/1658/1657 2128/1659/1658
f 2128/1659/1658 2049/1658/1657 2048/1660/1659
f 2128/1659/1658 2048/1660/1659 2127/1661/1660
f 2127/1661/1660 2048/1660/1659 2047/1662/1661
f 2127/1661/1660 2047/1662/1661 2126/1663/1662
f 2126/1663/1662 2047/1662/1661 2046/1664/1663
f 2126/1663/1662 2046/1664/1663 2125/1665/1664
f 2125/1665/1664 2046/1664/1663 2045/1666/1665
f 2125/1665/1664 2045/1666/1665 2124/1667/1666
f 2124/1667/1666 2045/1666/1665 2044/1668/1667
f 2124/1667/1666 2044/1668/1667 2123/1669/1668
f 2123/1669/1668 2044/1668/1667 2043/1670/1669
f 2123/1669/1668 2043/1670/1669 2122/1671/1670
f 2122/1671/1670 2043/1670/1669 2042/1672/1671
f 2122/1671/1670 2042/1672/1671 2121/1673/1672
f 2121/1673/1672 2042/1672/1671 2041/1674/1673
f 2121/1673/1672 2041/1674/1673 2120/1675/1674
f 2120/1675/1674 2041/1674/1673 2040/1676/1675
f 2120/1675/1674 2040/1676/1675 2119/1677/1676
f 2119/1677/1676 2040/1676/1675 2039/1678/1677
f 2119/1677/1676 2039/1678/1677 2118/1679/1678
f 2118/1679/1678 2039/1678/1677 2038/1680/1679
f 2118/1679/1678 2038/1680/1679 2117/1681/1680
f 2117/1681/1680 2038/1680/1679 2037/1682/1681
f 2117/1681/1680 2037/1682/1681 2116/1683/1682
f 2116/1683/1682 2037/1682/1681 2036/1684/1683
f 2116/1683/1682 2036/1684/1683 2115/1685/1684
f 2115/1685/1684 2036/1684/1683 2035/1686/1685
f 2115/1685/1684 2035/1686/1685 2114/1687/1686
f 2114/1687/1686 2035/1686/1685 2034/1688/1687
f 2114/1687/1686 2034/1688/1687 2113/1689/1688
f 2113/1689/1688 2034/1688/1687 2033/1690/1689
f 2113/1689/1688 2033/1690/1689 2112/1691/1690
f 2112/1691/1690 2033/1690/1689 2032/1692/1691
f 2112/1691/1690 2032/1692/1691 2111/1693/1692
f 2111/1693/1692 2032/1692/1691 2031/1694/1693
f 2111/1693/1692 2031/1694/1693 2110/1695/1694
f 2110/1695/1694 2031/1694/1693 2030/1696/1695
f 2110/1695/1694 2030/1696/1695 2109/1697/1696
f 2109/1697/1696 2030/1696/1695 2029/1698/1697
f 2109/1697/1696 2029/1698/1697 2108/1699/1698
f 2108/1699/1698 2029/1698/1697 2028/1700/1699
f 2108/1699/1698 2028/1700/1699 2107/1701/1700
f 2107/1701/1700 2028/1700/1699 2027/1702/1701
f 2107/1701/1700 2027/1702/1701 2106/1703/1702
f 2106/1703/1702 2027/1702/1701 2026/1704/1703
f 2106/1703/1702 2026/1704/1703 2105/1705/1704
f 2105/1705/1704 2026/1704/1703 2025/1706/1705
f 2105/1705/1704 2025/1706/1705 2104/1707/1706
f 2104/1707/1706 2025/1706/1705 2024/1708/1707
f 2104/1707/1706 2024/1708/1707 2103/1709/1708
f 2103/1709/1708 2024/1708/1707 2023/1710/1709
f 2103/1709/1708 2023/1710/1709 2102/1526/1525
f 2102/1526/1525 2023/1710/1709 2022/1528/1527
f 2/1518/1517 2066/1534/1533 1752/1711/1710
f 1752/1711/1710 2066/1534/1533 2300/1536/1535
f 1752/1711/1710 2300/1536/1535 1753/1712/1711
f 1753/1712/1711 2300/1536/1535 2299/1538/1537
f 1753/1712/1711 2299/1538/1537 1754/1713/1712
f 1754/1713/1712 2299/1538/1537 2298/1540/1539
f 1754/1713/1712 2298/1540/1539 1755/1714/1713
f 1755/1714/1713 2298/1540/1539 2297/1542/1541
f 1755/1714/1713 2297/1542/1541 1756/1715/1714
f 1756/1715/1714 2297/1542/1541 2296/1544/1543
f 1756/1715/1714 2296/1544/1543 1757/1716/1715
f 1757/1716/1715 2296/1544/1543 2295/1546/1545
f 1757/1716/1715 2295/1546/1545 1758/1717/1716
f 1758/1717/1716 2295/1546/1545 2294/1548/1547
f 1758/1717/1716 2294/1548/1547 1759/1718/1717
f 1759/1718/1717 2294/1548/1547 2293/1550/1549
f 1759/1718/1717 2293/1550/1549 1760/1719/1718
f 1760/1719/1718 2293/1550/1549 2292/1552/1551
f 1760/1719/1718 2292/1552/1551 1761/1720/1719
f 1761/1720/1719 2292/1552/1551 2291/1554/1553
f 1761/1720/1719 2291/1554/1553 1762/1721/1720
f 1762/1721/1720 2291/1554/1553 2290/1556/1555
f 1762/1721/1720 2290/1556/1555 1763/1722/1721
f 1763/1722/1721 2290/1556/1555 2289/1558/1557
f 1763/1722/1721 2289/1558/1557 1764/1723/1722
f 1764/1723/1722 2289/1558/1557 2288/1560/1559
f 1764/1723/1722 2288/1560/1559 1765/1724/1723
f 1765/1724/1723 2288/1560/1559 2287/1562/1561
f 1765/1724/1723 2287/1562/1561 1766/1725/1724
f 1766/1725/1724 2287/1562/1561 2286/1564/1563
f 1766/1725/1724 2286/1564/1563 1767/1726/1725
f 1767/1726/1725 2286/1564/1563 2285/1566/1565
f 1767/1726/1725 2285/1566/1565 1768/1727/1726
f 1768/1727/1726 2285/1566/1565 2284/1568/1567
f 1768/1727/1726 2284/1568/1567 1769/1728/1727
f 1769/1728/1727 2284/1568/1567 2283/1570/1569
f 1769/1728/1727 2283/1570/1569 1770/1729/1728
f 1770/1729/1728 2283/1570/1569 2282/1572/1571
f 1770/1729/1728 2282/1572/1571 1771/1730/1729
f 1771/1730/1729 2282/1572/1571 2281/1574/1573
f 1771/1730/1729 2281/1574/1573 1772/1731/1730
f 1772/1731/1730 2281/1574/1573 2280/1576/1575
f 1772/1731/1730 2280/1576/1575 1773/1732/1731
f 1773/1732/1731 2280/1576/1575 2279/1578/1577
f 1773/1732/1731 2279/1578/1577 1774/1733/1732
f 1774/1733/1732 2279/1578/1577 2278/1580/1579
f 1774/1733/1732 2278/1580/1579 1775/1734/1733
f 1775/1734/1733 2278/1580/1579 2277/1582/1581
f 1775/1734/1733 2277/1582/1581 1776/1735/1734
f 1776/1735/1734 2277/1582/1581 2276/1584/1583
f 1776/1735/1734 2276/1584/1583 1777/1736/1735
f 1777/1736/1735 2276/1584/1583 2275/1586/1585
f 1777/1736/1735 2275/1586/1585 1778/1737/1736
f 1778/1737/1736 2275/1586/1585 2274/1588/1587
f 1778/1737/1736 2274/1588/1587 1779/1738/1737
f 1779/1738/1737 2274/1588/1587 2273/1590/1589
f 1779/1738/1737 2273/1590/1589 1780/1739/1738
f 1780/1739/1738 2273/1590/1589 2272/1592/1591
f 1780/1739/1738 2272/1592/1591 1781/1740/1739
f 1781/1740/1739 2272/1592/1591 2271/1594/1593
f 1781/1740/1739 2271/1594/1593 1782/1741/1740
f 1782/1741/1740 2271/1594/1593 2270/1596/1595
f 1782/1741/1740 2270/1596/1595 1783/1742/1741
f 1783/1742/1741 2270/1596/1595 2269/1598/1597
f 1783/1742/1741 2269/1598/1597 1784/1743/1742
f 1784/1743/1742 2269/1598/1597 2268/1600/1599
f 1784/1743/1742 2268/1600/1599 1785/1744/1743
f 1785/1744/1743 2268/1600/1599 2267/1602/1601
f 1785/1744/1743 2267/1602/1601 1786/1745/1744
f 1786/1745/1744 2267/1602/1601 2266/1604/1603
f 1786/1745/1744 2266/1604/1603 1787/1746/1745
f 1787/1746/1745 2266/1604/1603 2265/1606/1605
f 1787/1746/1745 2265/1606/1605 1788/1747/1746
f 1788/1747/1746 2265/1606/1605 2264/1608/1607
f 1788/1747/1746 2264/1608/1607 1789/1748/1747
f 1789/1748/1747 2264/1608/1607 2263/1610/1609
f 1789/1748/1747 2263/1610/1609 1790/1749/1748
f 1790/1749/1748 2263/1610/1609 2262/1612/1611
f 1790/1749/1748 2262/1612/1611 1791/1519/1518
f 1791/1519/1518 2262/1612/1611 2261/1614/1613
f 1791/1519/1518 2261/1614/1613 1792/1520/1519
f 1792/1520/1519 2261/1614/1613 2260/1522/1521
f 1197/1750/1749 3/1410/1410 1988/1751/1750
f 1988/1751/1750 3/1410/1410 2067/1752/1751
f 1988/1751/1750 2067/1752/1751 2068/1753/1752
f 2068/1753/1752 2067/1752/1751 2146/1754/1753
f 2068/1753/1752 2146/1754/1753 2147/1755/1754
f 2147/1755/1754 2146/1754/1753 2225/1756/1755
f 2147/1755/1754 2225/1756/1755 2226/1757/1756
f 2226/1757/1756 2225/1756/1755 1827/1758/1757
f 2226/1757/1756 1827/1758/1757 1826/1759/1758
f 1826/1759/1758 1827/1758/1757 3/1410/1410
f 1826/1759/1758 3/1410/1410 1825/1760/1759
f 1825/1760/1759 3/1410/1410 1824/1761/1760
f 1825/1760/1759 1824/1761/1760 2228/1762/1761
f 2228/1762/1761 1824/1761/1760 2229/1763/1762
f 2228/1762/1761 2229/1763/1762 2150/1764/1763
f 2150/1764/1763 2229/1763/1762 2151/1765/1764
f 2150/1764/1763 2151/1765/1764 2072/1766/1765
f 2072/1766/1765 2151/1765/1764 2073/1767/1766
f 2072/1766/1765 2073/1767/1766 1993/1768/1767
f 1993/1768/1767 2073/1767/1766 1994/1769/1768
f 1993/1768/1767 1994/1769/1768 1914/1770/1769
f 1914/1770/1769 1994/1769/1768 1915/1771/1770
f 1914/1770/1769 1915/1771/1770 1836/1398/1398
f 1836/1398/1398 1915/1771/1770 1837/1396/1396
f 1198/1772/1771 3/1410/1410 1830/1773/1772
f 1830/1773/1772 3/1410/1410 1829/1774/1773
f 1830/1773/1772 1829/1774/1773 1198/1772/1771
f 1198/1772/1771 1829/1774/1773 2224/1775/1774
f 1198/1772/1771 2224/1775/1774 2145/1776/1775
f 2145/1776/1775 2224/1775/1774 2146/1754/1753
f 2145/1776/1775 2146/1754/1753 2067/1752/1751
f 1200/1497/1496 1199/1496/1495 1279/1777/1776
f 1279/1777/1776 1199/1496/1495 1278/1509/1508
f 1279/1777/1776 1278/1509/1508 1358/1778/1777
f 1358/1778/1777 1278/1509/1508 1357/1511/1510
f 1358/1778/1777 1357/1511/1510 1437/1779/1778
f 1437/1779/1778 1357/1511/1510 1436/1513/1512
f 1437/1779/1778 1436/1513/1512 1516/1780/1779
f 1516/1780/1779 1436/1513/1512 1515/1515/1514
f 1516/1780/1779 1515/1515/1514 1595/1781/1780
f 1595/1781/1780 1515/1515/1514 1594/1517/1516
f 1595/1781/1780 1594/1517/1516 1674/1405/1405
f 1674/1405/1405 1594/1517/1516 1673/1407/1407
f 1201/1498/1497 1202/1782/1781 13/1481/79
f 13/1481/79 1202/1782/1781 1203/1783/1782
f 13/1481/79 1203/1783/1782 1204/1482/1481
f 1204/1482/1481 1203/1783/1782 1283/1784/1783
f 1204/1482/1481 1283/1784/1783 1284/1785/1784
f 1284/1785/1784 1283/1784/1783 1363/1786/1785
f 1284/1785/1784 1363/1786/1785 1364/1787/1786
f 1364/1787/1786 1363/1786/1785 1443/1788/1787
f 1364/1787/1786 1443/1788/1787 1444/1789/1788
f 1444/1789/1788 1443/1788/1787 1523/1790/1789
f 1444/1789/1788 1523/1790/1789 1524/1791/1790
f 1524/1791/1790 1523/1790/1789 1603/1792/1791
f 1524/1791/1790 1603/1792/1791 1604/1793/1792
f 1604/1793/1792 1603/1792/1791 1683/1387/1387
f 1604/1793/1792 1683/1387/1387 1684/1385/1385
f 1201/1498/1497 1281/1500/1499 1202/1782/1781
f 1202/1782/1781 1281/1500/1499 1282/1794/1793
f 1202/1782/1781 1282/1794/1793 1203/1783/1782
f 1203/1783/1782 1282/1794/1793 1283/1784/1783
f 1285/1485/1484 1205/1483/1482 1284/1785/1784
f 1284/1785/1784 1205/1483/1482 1204/1482/1481
f 1206/1484/1483 1207/1795/1794 14/1467/1467
f 14/1467/1467 1207/1795/1794 1208/1796/1795
f 14/1467/1467 1208/1796/1795 1209/1797/1796
f 1209/1797/1796 1208/1796/1795 1288/1798/1797
f 1209/1797/1796 1288/1798/1797 1289/1799/1798
f 1289/1799/1798 1288/1798/1797 1368/1800/1799
f 1289/1799/1798 1368/1800/1799 1369/1801/1800
f 1369/1801/1800 1368/1800/1799 1448/1802/1801
f 1369/1801/1800 1448/1802/1801 1449/1803/1802
f 1449/1803/1802 1448/1802/1801 1528/1804/1803
f 1449/1803/1802 1528/1804/1803 1529/1805/1804
f 1529/1805/1804 1528/1804/1803 1608/1806/1805
f 1529/1805/1804 1608/1806/1805 1609/1807/1806
f 1609/1807/1806 1608/1806/1805 1688/1377/1377
f 1609/1807/1806 1688/1377/1377 1689/1375/1375
f 1206/1484/1483 1286/1486/1485 1207/1795/1794
f 1207/1795/1794 1286/1486/1485 1287/1808/1807
f 1207/1795/1794 1287/1808/1807 1208/1796/1795
f 1208/1796/1795 1287/1808/1807 1288/1798/1797
f 1209/1797/1796 1210/1809/1808 14/1467/1467
f 14/1467/1467 1210/1809/1808 1211/1810/1809
f 14/1467/1467 1211/1810/1809 1212/1811/1810
f 1212/1811/1810 1211/1810/1809 1291/1812/1811
f 1212/1811/1810 1291/1812/1811 1292/1813/1812
f 1292/1813/1812 1291/1812/1811 1371/1814/1813
f 1292/1813/1812 1371/1814/1813 1372/1815/1814
f 1372/1815/1814 1371/1814/1813 1451/1816/1815
f 1372/1815/1814 1451/1816/1815 1452/1817/1816
f 1452/1817/1816 1451/1816/1815 1531/1818/1817
f 1452/1817/1816 1531/1818/1817 1532/1819/1818
f 1532/1819/1818 1531/1818/1817 1611/1820/1819
f 1532/1819/1818 1611/1820/1819 1612/1821/1820
f 1612/1821/1820 1611/1820/1819 1691/1371/1371
f 1612/1821/1820 1691/1371/1371 1692/1369/1369
f 1209/1797/1796 1289/1799/1798 1210/1809/1808
f 1210/1809/1808 1289/1799/1798 1290/1822/1821
f 1210/1809/1808 1290/1822/1821 1211/1810/1809
f 1211/1810/1809 1290/1822/1821 1291/1812/1811
f 1212/1811/1810 1213/1823/1822 14/1467/1467
f 14/1467/1467 1213/1823/1822 1214/1824/1823
f 14/1467/1467 1214/1824/1823 1215/1468/1468
f 1215/1468/1468 1214/1824/1823 1294/1825/1824
f 1215/1468/1468 1294/1825/1824 1295/1826/1825
f 1295/1826/1825 1294/1825/1824 1374/1827/1826
f 1295/1826/1825 1374/1827/1826 1375/1828/1827
f 1375/1828/1827 1374/1827/1826 1454/1829/1828
f 1375/1828/1827 1454/1829/1828 1455/1830/1829
f 1455/1830/1829 1454/1829/1828 1534/1831/1830
f 1455/1830/1829 1534/1831/1830 1535/1832/1831
f 1535/1832/1831 1534/1831/1830 1614/1833/1832
f 1535/1832/1831 1614/1833/1832 1615/1834/1833
f 1615/1834/1833 1614/1833/1832 1694/1365/1365
f 1615/1834/1833 1694/1365/1365 1695/1363/1363
f 1212/1811/1810 1292/1813/1812 1213/1823/1822
f 1213/1823/1822 1292/1813/1812 1293/1835/1834
f 1213/1823/1822 1293/1835/1834 1214/1824/1823
f 1214/1824/1823 1293/1835/1834 1294/1825/1824
f 1296/1471/1471 1216/1469/1469 1295/1826/1825
f 1295/1826/1825 1216/1469/1469 1215/1468/1468
f 1217/1470/1470 1218/1836/1835 15/1453/1453
f 15/1453/1453 1218/1836/1835 1219/1837/1836
f 15/1453/1453 1219/1837/1836 1220/1838/1837
f 1220/1838/1837 1219/1837/1836 1299/1839/1838
f 1220/1838/1837 1299/1839/1838 1300/1840/1839
f 1300/1840/1839 1299/1839/1838 1379/1841/1840
f 1300/1840/1839 1379/1841/1840 1380/1842/1841
f 1380/1842/1841 1379/1841/1840 1459/1843/1842
f 1380/1842/1841 1459/1843/1842 1460/1844/1843
f 1460/1844/1843 1459/1843/1842 1539/1845/1844
f 1460/1844/1843 1539/1845/1844 1540/1846/1845
f 1540/1846/1845 1539/1845/1844 1619/1847/1846
f 1540/1846/1845 1619/1847/1846 1620/1848/1847
f 1620/1848/1847 1619/1847/1846 1699/1355/1355
f 1620/1848/1847 1699/1355/1355 1700/1353/1353
f 1217/1470/1470 1297/1472/1472 1218/1836/1835
f 1218/1836/1835 1297/1472/1472 1298/1849/1848
f 1218/1836/1835 1298/1849/1848 1219/1837/1836
f 1219/1837/1836 1298/1849/1848 1299/1839/1838
f 1220/1838/1837 1221/1850/1849 15/1453/1453
f 15/1453/1453 1221/1850/1849 1222/1851/1850
f 15/1453/1453 1222/1851/1850 1223/1852/1851
f 1223/1852/1851 1222/1851/1850 1302/1853/1852
f 1223/1852/1851 1302/1853/1852 1303/1854/1853
f 1303/1854/1853 1302/1853/1852 1382/1855/1854
f 1303/1854/1853 1382/1855/1854 1383/1856/1855
f 1383/1856/1855 1382/1855/1854 1462/1857/1856
f 1383/1856/1855 1462/1857/1856 1463/1858/1857
f 1463/1858/1857 1462/1857/1856 1542/1859/1858
f 1463/1858/1857 1542/1859/1858 1543/1860/1859
f 1543/1860/1859 1542/1859/1858 1622/1861/1860
f 1543/1860/1859 1622/1861/1860 1623/1862/1861
f 1623/1862/1861 1622/1861/1860 1702/1349/1349
f 1623/1862/1861 1702/1349/1349 1703/1347/1347
f 1220/1838/1837 1300/1840/1839 1221/1850/1849
f 1221/1850/1849 1300/1840/1839 1301/1863/1862
f 1221/1850/1849 1301/1863/1862 1222/1851/1850
f 1222/1851/1850 1301/1863/1862 1302/1853/1852
f 1223/1852/1851 1224/1864/1863 15/1453/1453
f 15/1453/1453 1224/1864/1863 1225/1865/1864
f 15/1453/1453 1225/1865/1864 1226/1866/1865
f 1226/1866/1865 1225/1865/1864 1305/1867/1866
f 1226/1866/1865 1305/1867/1866 1306/1868/1867
f 1306/1868/1867 1305/1867/1866 1385/1869/1868
f 1306/1868/1867 1385/1869/1868 1386/1870/1869
f 1386/1870/1869 1385/1869/1868 1465/1871/1870
f 1386/1870/1869 1465/1871/1870 1466/1872/1871
f 1466/1872/1871 1465/1871/1870 1545/1873/1872
f 1466/1872/1871 1545/1873/1872 1546/1874/1873
f 1546/1874/1873 1545/1873/1872 1625/1875/1874
f 1546/1874/1873 1625/1875/1874 1626/1876/1875
f 1626/1876/1875 1625/1875/1874 1705/1343/1343
f 1626/1876/1875 1705/1343/1343 1706/1341/1341
f 1223/1852/1851 1303/1854/1853 1224/1864/1863
f 1224/1864/1863 1303/1854/1853 1304/1877/1876
f 1224/1864/1863 1304/1877/1876 1225/1865/1864
f 1225/1865/1864 1304/1877/1876 1305/1867/1866
f 1227/1454/1454 15/1453/1453 1226/1866/1865
f 1226/1866/1865 1306/1868/1867 1227/1454/1454
f 1227/1454/1454 1306/1868/1867 1307/1878/1877
f 1227/1454/1454 1307/1878/1877 1228/1455/1455
f 1228/1455/1455 1307/1878/1877 1308/1457/1457
f 1229/1456/1456 1230/1879/1878 16/1439/1439
f 16/1439/1439 1230/1879/1878 1231/1880/1879
f 16/1439/1439 1231/1880/1879 1232/1881/1880
f 1232/1881/1880 1231/1880/1879 1311/1882/1881
f 1232/1881/1880 1311/1882/1881 1312/1883/1882
f 1312/1883/1882 1311/1882/1881 1391/1884/1883
f 1312/1883/1882 1391/1884/1883 1392/1885/1884
f 1392/1885/1884 1391/1884/1883 1471/1886/1885
f 1392/1885/1884 1471/1886/1885 1472/1887/1886
f 1472/1887/1886 1471/1886/1885 1551/1888/1887
f 1472/1887/1886 1551/1888/1887 1552/1889/1888
f 1552/1889/1888 1551/1888/1887 1631/1890/1889
f 1552/1889/1888 1631/1890/1889 1632/1891/1890
f 1632/1891/1890 1631/1890/1889 1711/1331/1331
f 1632/1891/1890 1711/1331/1331 1712/1329/1329
f 1229/1456/1456 1309/1458/1458 1230/1879/1878
f 1230/1879/1878 1309/1458/1458 1310/1892/1891
f 1230/1879/1878 1310/1892/1891 1231/1880/1879
f 1231/1880/1879 1310/1892/1891 1311/1882/1881
f 1232/1881/1880 1233/1893/1892 16/1439/1439
f 16/1439/1439 1233/1893/1892 1234/1894/1893
f 16/1439/1439 1234/1894/1893 1235/1895/1894
f 1235/1895/1894 1234/1894/1893 1314/1896/1895
f 1235/1895/1894 1314/1896/1895 1315/1897/1896
f 1315/1897/1896 1314/1896/1895 1394/1898/1897
f 1315/1897/1896 1394/1898/1897 1395/1899/1898
f 1395/1899/1898 1394/1898/1897 1474/1900/1899
f 1395/1899/1898 1474/1900/1899 1475/1901/1900
f 1475/1901/1900 1474/1900/1899 1554/1902/1901
f 1475/1901/1900 1554/1902/1901 1555/1903/1902
f 1555/1903/1902 1554/1902/1901 1634/1904/1903
f 1555/1903/1902 1634/1904/1903 1635/1905/1904
f 1635/1905/1904 1634/1904/1903 1714/1325/1325
f 1635/1905/1904 1714/1325/1325 1715/1323/1323
f 1232/1881/1880 1312/1883/1882 1233/1893/1892
f 1233/1893/1892 1312/1883/1882 1313/1906/1905
f 1233/1893/1892 1313/1906/1905 1234/1894/1893
f 1234/1894/1893 1313/1906/1905 1314/1896/1895
f 1235/1895/1894 1236/1907/1906 16/1439/1439
f 16/1439/1439 1236/1907/1906 1237/1908/1907
f 16/1439/1439 1237/1908/1907 1238/1440/1440
f 1238/1440/1440 1237/1908/1907 1317/1909/1908
f 1238/1440/1440 1317/1909/1908 1318/1910/1909
f 1318/1910/1909 1317/1909/1908 1397/1911/1910
f 1318/1910/1909 1397/1911/1910 1398/1912/1911
f 1398/1912/1911 1397/1911/1910 1477/1913/1912
f 1398/1912/1911 1477/1913/1912 1478/1914/1913
f 1478/1914/1913 1477/1913/1912 1557/1915/1914
f 1478/1914/1913 1557/1915/1914 1558/1916/1915
f 1558/1916/1915 1557/1915/1914 1637/1917/1916
f 1558/1916/1915 1637/1917/1916 1638/1918/1917
f 1638/1918/1917 1637/1917/1916 1717/1319/1319
f 1638/1918/1917 1717/1319/1319 1718/1317/1317
f 1235/1895/1894 1315/1897/1896 1236/1907/1906
f 1236/1907/1906 1315/1897/1896 1316/1919/1918
f 1236/1907/1906 1316/1919/1918 1237/1908/1907
f 1237/1908/1907 1316/1919/1918 1317/1909/1908
f 1319/1443/1443 1239/1441/1441 1318/1910/1909
f 1318/1910/1909 1239/1441/1441 1238/1440/1440
f 1240/1442/1442 1241/1920/1919 17/1425/1425
f 17/1425/1425 1241/1920/1919 1242/1921/1920
f 17/1425/1425 1242/1921/1920 1243/1922/1921
f 1243/1922/1921 1242/1921/1920 1322/1923/1922
f 1243/1922/1921 1322/1923/1922 1323/1924/1923
f 1323/1924/1923 1322/1923/1922 1402/1925/1924
f 1323/1924/1923 1402/1925/1924 1403/1926/1925
f 1403/1926/1925 1402/1925/1924 1482/1927/1926
f 1403/1926/1925 1482/1927/1926 1483/1928/1927
f 1483/1928/1927 1482/1927/1926 1562/1929/1928
f 1483/1928/1927 1562/1929/1928 1563/1930/1929
f 1563/1930/1929 1562/1929/1928 1642/1931/1930
f 1563/1930/1929 1642/1931/1930 1643/1932/1931
f 1643/1932/1931 1642/1931/1930 1722/1309/1309
f 1643/1932/1931 1722/1309/1309 1723/1307/1307
f 1240/1442/1442 1320/1444/1444 1241/1920/1919
f 1241/1920/1919 1320/1444/1444 1321/1933/1932
f 1241/1920/1919 1321/1933/1932 1242/1921/1920
f 1242/1921/1920 1321/1933/1932 1322/1923/1922
f 1243/1922/1921 1244/1934/1933 17/1425/1425
f 17/1425/1425 1244/1934/1933 1245/1935/1934
f 17/1425/1425 1245/1935/1934 1246/1936/1935
f 1246/1936/1935 1245/1935/1934 1325/1937/1936
f 1246/1936/1935 1325/1937/1936 1326/1938/1937
f 1326/1938/1937 1325/1937/1936 1405/1939/1938
f 1326/1938/1937 1405/1939/1938 1406/1940/1939
f 1406/1940/1939 1405/1939/1938 1485/1941/1940
f 1406/1940/1939 1485/1941/1940 1486/1942/1941
f 1486/1942/1941 1485/1941/1940 1565/1943/1942
f 1486/1942/1941 1565/1943/1942 1566/1944/1943
f 1566/1944/1943 1565/1943/1942 1645/1945/1944
f 1566/1944/1943 1645/1945/1944 1646/1946/1945
f 1646/1946/1945 1645/1945/1944 1725/1303/1303
f 1646/1946/1945 1725/1303/1303 1726/1301/1301
f 1243/1922/1921 1323/1924/1923 1244/1934/1933
f 1244/1934/1933 1323/1924/1923 1324/1947/1946
f 1244/1934/1933 1324/1947/1946 1245/1935/1934
f 1245/1935/1934 1324/1947/1946 1325/1937/1936
f 1246/1936/1935 1247/1948/1947 17/1425/1425
f 17/1425/1425 1247/1948/1947 1248/1949/1948
f 17/1425/1425 1248/1949/1948 1249/1426/1426
f 1249/1426/1426 1248/1949/1948 1328/1950/1949
f 1249/1426/1426 1328/1950/1949 1329/1951/1950
f 1329/1951/1950 1328/1950/1949 1408/1952/1951
f 1329/1951/1950 1408/1952/1951 1409/1953/1952
f 1409/1953/1952 1408/1952/1951 1488/1954/1953
f 1409/1953/1952 1488/1954/1953 1489/1955/1954
f 1489/1955/1954 1488/1954/1953 1568/1956/1955
f 1489/1955/1954 1568/1956/1955 1569/1957/1956
f 1569/1957/1956 1568/1956/1955 1648/1958/1957
f 1569/1957/1956 1648/1958/1957 1649/1959/1958
f 1649/1959/1958 1648/1958/1957 1728/1297/1297
f 1649/1959/1958 1728/1297/1297 1729/1295/1295
f 1246/1936/1935 1326/1938/1937 1247/1948/1947
f 1247/1948/1947 1326/1938/1937 1327/1960/1959
f 1247/1948/1947 1327/1960/1959 1248/1949/1948
f 1248/1949/1948 1327/1960/1959 1328/1950/1949
f 1330/1429/1429 1250/1427/1427 1329/1951/1950
f 1329/1951/1950 1250/1427/1427 1249/1426/1426
f 1251/1428/1428 1252/1961/1960 18/1411/1411
f 18/1411/1411 1252/1961/1960 1253/1962/1961
f 18/1411/1411 1253/1962/1961 1254/1963/1962
f 1254/1963/1962 1253/1962/1961 1333/1964/1963
f 1254/1963/1962 1333/1964/1963 1334/1965/1964
f 1334/1965/1964 1333/1964/1963 1413/1966/1965
f 1334/1965/1964 1413/1966/1965 1414/1967/1966
f 1414/1967/1966 1413/1966/1965 1493/1968/1967
f 1414/1967/1966 1493/1968/1967 1494/1969/1968
f 1494/1969/1968 1493/1968/1967 1573/1970/1969
f 1494/1969/1968 1573/1970/1969 1574/1971/1970
f 1574/1971/1970 1573/1970/1969 1653/1972/1971
f 1574/1971/1970 1653/1972/1971 1654/1973/1972
f 1654/1973/1972 1653/1972/1971 1733/1287/1287
f 1654/1973/1972 1733/1287/1287 1734/1285/1285
f 1251/1428/1428 1331/1430/1430 1252/1961/1960
f 1252/1961/1960 1331/1430/1430 1332/1974/1973
f 1252/1961/1960 1332/1974/1973 1253/1962/1961
f 1253/1962/1961 1332/1974/1973 1333/1964/1963
f 1254/1963/1962 1255/1975/1974 18/1411/1411
f 18/1411/1411 1255/1975/1974 1256/1976/1975
f 18/1411/1411 1256/1976/1975 1257/1977/1976
f 1257/1977/1976 1256/1976/1975 1336/1978/1977
f 1257/1977/1976 1336/1978/1977 1337/1979/1978
f 1337/1979/1978 1336/1978/1977 1416/1980/1979
f 1337/1979/1978 1416/1980/1979 1417/1981/1980
f 1417/1981/1980 1416/1980/1979 1496/1982/1981
f 1417/1981/1980 1496/1982/1981 1497/1983/1982
f 1497/1983/1982 1496/1982/1981 1576/1984/1983
f 1497/1983/1982 1576/1984/1983 1577/1985/1984
f 1577/1985/1984 1576/1984/1983 1656/1986/1985
f 1577/1985/1984 1656/1986/1985 1657/1987/1986
f 1657/1987/1986 1656/1986/1985 1736/1281/1281
f 1657/1987/1986 1736/1281/1281 1737/1279/1279
f 1254/1963/1962 1334/1965/1964 1255/1975/1974
f 1255/1975/1974 1334/1965/1964 1335/1988/1987
f 1255/1975/1974 1335/1988/1987 1256/1976/1975
f 1256/1976/1975 1335/1988/1987 1336/1978/1977
f 1257/1977/1976 1258/1989/1988 18/1411/1411
f 18/1411/1411 1258/1989/1988 1259/1990/1989
f 18/1411/1411 1259/1990/1989 1260/1991/1990
f 1260/1991/1990 1259/1990/1989 1339/1992/1991
f 1260/1991/1990 1339/1992/1991 1340/1993/1992
f 1340/1993/1992 1339/1992/1991 1419/1994/1993
f 1340/1993/1992 1419/1994/1993 1420/1995/1994
f 1420/1995/1994 1419/1994/1993 1499/1996/1995
f 1420/1995/1994 1499/1996/1995 1500/1997/1996
f 1500/1997/1996 1499/1996/1995 1579/1998/1997
f 1500/1997/1996 1579/1998/1997 1580/1999/1998
f 1580/1999/1998 1579/1998/1997 1659/2000/1999
f 1580/1999/1998 1659/2000/1999 1660/2001/2000
f 1660/2001/2000 1659/2000/1999 1739/1275/1275
f 1660/2001/2000 1739/1275/1275 1740/1273/1273
f 1257/1977/1976 1337/1979/1978 1258/1989/1988
f 1258/1989/1988 1337/1979/1978 1338/2002/2001
f 1258/1989/1988 1338/2002/2001 1259/1990/1989
f 1259/1990/1989 1338/2002/2001 1339/1992/1991
f 1261/1412/1412 18/1411/1411 1260/1991/1990
f 1260/1991/1990 1340/1993/1992 1261/1412/1412
f 1261/1412/1412 1340/1993/1992 1341/2003/2002
f 1261/1412/1412 1341/2003/2002 1262/1413/1413
f 1262/1413/1413 1341/2003/2002 1342/1415/1415
f 1263/1414/1414 1264/2004/2003 19/1235/1235
f 19/1235/1235 1264/2004/2003 1265/2005/2004
f 19/1235/1235 1265/2005/2004 1266/2006/2005
f 1266/2006/2005 1265/2005/2004 1345/2007/2006
f 1266/2006/2005 1345/2007/2006 1346/2008/2007
f 1346/2008/2007 1345/2007/2006 1425/2009/2008
f 1346/2008/2007 1425/2009/2008 1426/2010/2009
f 1426/2010/2009 1425/2009/2008 1505/2011/2010
f 1426/2010/2009 1505/2011/2010 1506/2012/2011
f 1506/2012/2011 1505/2011/2010 1585/2013/2012
f 1506/2012/2011 1585/2013/2012 1586/2014/2013
f 1586/2014/2013 1585/2013/2012 1665/2015/2014
f 1586/2014/2013 1665/2015/2014 1666/2016/2015
f 1666/2016/2015 1665/2015/2014 1745/1263/1263
f 1666/2016/2015 1745/1263/1263 1746/1261/1261
f 1263/1414/1414 1343/1416/1416 1264/2004/2003
f 1264/2004/2003 1343/1416/1416 1344/2017/2016
f 1264/2004/2003 1344/2017/2016 1265/2005/2004
f 1265/2005/2004 1344/2017/2016 1345/2007/2006
f 1266/2006/2005 1267/2018/2017 19/1235/1235
f 19/1235/1235 1267/2018/2017 1268/2019/2018
f 19/1235/1235 1268/2019/2018 1269/2020/2019
f 1269/2020/2019 1268/2019/2018 1348/2021/2020
f 1269/2020/2019 1348/2021/2020 1349/2022/2021
f 1349/2022/2021 1348/2021/2020 1428/2023/2022
f 1349/2022/2021 1428/2023/2022 1429/2024/2023
f 1429/2024/2023 1428/2023/2022 1508/2025/2024
f 1429/2024/2023 1508/2025/2024 1509/2026/2025
f 1509/2026/2025 1508/2025/2024 1588/2027/2026
f 1509/2026/2025 1588/2027/2026 1589/2028/2027
f 1589/2028/2027 1588/2027/2026 1668/2029/2028
f 1589/2028/2027 1668/2029/2028 1669/2030/2029
f 1669/2030/2029 1668/2029/2028 1748/1257/1257
f 1669/2030/2029 1748/1257/1257 1749/1255/1255
f 1266/2006/2005 1346/2008/2007 1267/2018/2017
f 1267/2018/2017 1346/2008/2007 1347/2031/2030
f 1267/2018/2017 1347/2031/2030 1268/2019/2018
f 1268/2019/2018 1347/2031/2030 1348/2021/2020
f 1269/2020/2019 1270/2032/2031 19/1235/1235
f 19/1235/1235 1270/2032/2031 1271/2033/2032
f 19/1235/1235 1271/2033/2032 1272/1236/1236
f 1272/1236/1236 1271/2033/2032 1351/2034/2033
f 1272/1236/1236 1351/2034/2033 1352/2035/2034
f 1352/2035/2034 1351/2034/2033 1431/2036/2035
f 1352/2035/2034 1431/2036/2035 1432/2037/2036
f 1432/2037/2036 1431/2036/2035 1511/2038/2037
f 1432/2037/2036 1511/2038/2037 1512/2039/2038
f 1512/2039/2038 1511/2038/2037 1591/2040/2039
f 1512/2039/2038 1591/2040/2039 1592/2041/2040
f 1592/2041/2040 1591/2040/2039 1671/2042/2041
f 1592/2041/2040 1671/2042/2041 1672/1249/1249
f 1672/1249/1249 1671/2042/2041 1751/1251/1251
f 1269/2020/2019 1349/2022/2021 1270/2032/2031
f 1270/2032/2031 1349/2022/2021 1350/2043/2042
f 1270/2032/2031 1350/2043/2042 1271/2033/2032
f 1271/2033/2032 1350/2043/2042 1351/2034/2033
f 1353/1240/1240 1273/1238/1238 1352/2035/2034
f 1352/2035/2034 1273/1238/1238 1272/1236/1236
f 1200/1497/1496 1279/1777/1776 1280/1499/1498
f 1280/1499/1498 1279/1777/1776 1359/2044/2043
f 1280/1499/1498 1359/2044/2043 1360/1501/1500
f 1360/1501/1500 1359/2044/2043 1439/2045/2044
f 1360/1501/1500 1439/2045/2044 1440/1503/1502
f 1440/1503/1502 1439/2045/2044 1519/2046/2045
f 1440/1503/1502 1519/2046/2045 1520/1505/1504
f 1520/1505/1504 1519/2046/2045 1599/2047/2046
f 1520/1505/1504 1599/2047/2046 1600/1507/1506
f 1600/1507/1506 1599/2047/2046 1679/1395/1395
f 1600/1507/1506 1679/1395/1395 1680/1393/1393
f 1359/2044/2043 1279/1777/1776 1358/1778/1777
f 1281/1500/1499 1361/1502/1501 1282/1794/1793
f 1282/1794/1793 1361/1502/1501 1362/2048/2047
f 1282/1794/1793 1362/2048/2047 1283/1784/1783
f 1283/1784/1783 1362/2048/2047 1363/1786/1785
f 1365/1487/1486 1285/1485/1484 1364/1787/1786
f 1364/1787/1786 1285/1485/1484 1284/1785/1784
f 1286/1486/1485 1366/1488/1487 1287/1808/1807
f 1287/1808/1807 1366/1488/1487 1367/2049/2048
f 1287/1808/1807 1367/2049/2048 1288/1798/1797
f 1288/1798/1797 1367/2049/2048 1368/1800/1799
f 1289/1799/1798 1369/1801/1800 1290/1822/1821
f 1290/1822/1821 1369/1801/1800 1370/2050/2049
f 1290/1822/1821 1370/2050/2049 1291/1812/1811
f 1291/1812/1811 1370/2050/2049 1371/1814/1813
f 1292/1813/1812 1372/1815/1814 1293/1835/1834
f 1293/1835/1834 1372/1815/1814 1373/2051/2050
f 1293/1835/1834 1373/2051/2050 1294/1825/1824
f 1294/1825/1824 1373/2051/2050 1374/1827/1826
f 1376/1473/1473 1296/1471/1471 1375/1828/1827
f 1375/1828/1827 1296/1471/1471 1295/1826/1825
f 1297/1472/1472 1377/1474/1474 1298/1849/1848
f 1298/1849/1848 1377/1474/1474 1378/2052/2051
f 1298/1849/1848 1378/2052/2051 1299/1839/1838
f 1299/1839/1838 1378/2052/2051 1379/1841/1840
f 1300/1840/1839 1380/1842/1841 1301/1863/1862
f 1301/1863/1862 1380/1842/1841 1381/2053/2052
f 1301/1863/1862 1381/2053/2052 1302/1853/1852
f 1302/1853/1852 1381/2053/2052 1382/1855/1854
f 1303/1854/1853 1383/1856/1855 1304/1877/1876
f 1304/1877/1876 1383/1856/1855 1384/2054/2053
f 1304/1877/1876 1384/2054/2053 1305/1867/1866
f 1305/1867/1866 1384/2054/2053 1385/1869/1868
f 1306/1868/1867 1386/1870/1869 1307/1878/1877
f 1307/1878/1877 1386/1870/1869 1387/2055/2054
f 1307/1878/1877 1387/2055/2054 1308/1457/1457
f 1308/1457/1457 1387/2055/2054 1388/1459/1459
f 1309/1458/1458 1389/1460/1460 1310/1892/1891
f 1310/1892/1891 1389/1460/1460 1390/2056/2055
f 1310/1892/1891 1390/2056/2055 1311/1882/1881
f 1311/1882/1881 1390/2056/2055 1391/1884/1883
f 1312/1883/1882 1392/1885/1884 1313/1906/1905
f 1313/1906/1905 1392/1885/1884 1393/2057/2056
f 1313/1906/1905 1393/2057/2056 1314/1896/1895
f 1314/1896/1895 1393/2057/2056 1394/1898/1897
f 1315/1897/1896 1395/1899/1898 1316/1919/1918
f 1316/1919/1918 1395/1899/1898 1396/2058/2057
f 1316/1919/1918 1396/2058/2057 1317/1909/1908
f 1317/1909/1908 1396/2058/2057 1397/1911/1910
f 1399/1445/1445 1319/1443/1443 1398/1912/1911
f 1398/1912/1911 1319/1443/1443 1318/1910/1909
f 1320/1444/1444 1400/1446/1446 1321/1933/1932
f 1321/1933/1932 1400/1446/1446 1401/2059/2058
f 1321/1933/1932 1401/2059/2058 1322/1923/1922
f 1322/1923/1922 1401/2059/2058 1402/1925/1924
f 1323/1924/1923 1403/1926/1925 1324/1947/1946
f 1324/1947/1946 1403/1926/1925 1404/2060/2059
f 1324/1947/1946 1404/2060/2059 1325/1937/1936
f 1325/1937/1936 1404/2060/2059 1405/1939/1938
f 1326/1938/1937 1406/1940/1939 1327/1960/1959
f 1327/1960/1959 1406/1940/1939 1407/2061/2060
f 1327/1960/1959 1407/2061/2060 1328/1950/1949
f 1328/1950/1949 1407/2061/2060 1408/1952/1951
f 1410/1431/1431 1330/1429/1429 1409/1953/1952
f 1409/1953/1952 1330/1429/1429 1329/1951/1950
f 1331/1430/1430 1411/1432/1432 1332/1974/1973
f 1332/1974/1973 1411/1432/1432 1412/2062/2061
f 1332/1974/1973 1412/2062/2061 1333/1964/1963
f 1333/1964/1963 1412/2062/2061 1413/1966/1965
f 1334/1965/1964 1414/1967/1966 1335/1988/1987
f 1335/1988/1987 1414/1967/1966 1415/2063/2062
f 1335/1988/1987 1415/2063/2062 1336/1978/1977
f 1336/1978/1977 1415/2063/2062 1416/1980/1979
f 1337/1979/1978 1417/1981/1980 1338/2002/2001
f 1338/2002/2001 1417/1981/1980 1418/2064/2063
f 1338/2002/2001 1418/2064/2063 1339/1992/1991
f 1339/1992/1991 1418/2064/2063 1419/1994/1993
f 1340/1993/1992 1420/1995/1994 1341/2003/2002
f 1341/2003/2002 1420/1995/1994 1421/2065/2064
f 1341/2003/2002 1421/2065/2064 1342/1415/1415
f 1342/1415/1415 1421/2065/2064 1422/1417/1417
f 1343/1416/1416 1423/1418/1418 1344/2017/2016
f 1344/2017/2016 1423/1418/1418 1424/2066/2065
f 1344/2017/2016 1424/2066/2065 1345/2007/2006
f 1345/2007/2006 1424/2066/2065 1425/2009/2008
f 1346/2008/2007 1426/2010/2009 1347/2031/2030
f 1347/2031/2030 1426/2010/2009 1427/2067/2066
f 1347/2031/2030 1427/2067/2066 1348/2021/2020
f 1348/2021/2020 1427/2067/2066 1428/2023/2022
f 1349/2022/2021 1429/2024/2023 1350/2043/2042
f 1350/2043/2042 1429/2024/2023 1430/2068/2067
f 1350/2043/2042 1430/2068/2067 1351/2034/2033
f 1351/2034/2033 1430/2068/2067 1431/2036/2035
f 1433/1242/1242 1353/1240/1240 1432/2037/2036
f 1432/2037/2036 1353/1240/1240 1352/2035/2034
f 1359/2044/2043 1358/1778/1777 1438/2069/2068
f 1438/2069/2068 1358/1778/1777 1437/1779/1778
f 1438/2069/2068 1437/1779/1778 1517/2070/2069
f 1517/2070/2069 1437/1779/1778 1516/1780/1779
f 1517/2070/2069 1516/1780/1779 1596/2071/2070
f 1596/2071/2070 1516/1780/1779 1595/1781/1780
f 1596/2071/2070 1595/1781/1780 1675/1403/1403
f 1675/1403/1403 1595/1781/1780 1674/1405/1405
f 1361/1502/1501 1441/1504/1503 1362/2048/2047
f 1362/2048/2047 1441/1504/1503 1442/2072/2071
f 1362/2048/2047 1442/2072/2071 1363/1786/1785
f 1363/1786/1785 1442/2072/2071 1443/1788/1787
f 1445/1489/1488 1365/1487/1486 1444/1789/1788
f 1444/1789/1788 1365/1487/1486 1364/1787/1786
f 1366/1488/1487 1446/1490/1489 1367/2049/2048
f 1367/2049/2048 1446/1490/1489 1447/2073/2072
f 1367/2049/2048 1447/2073/2072 1368/1800/1799
f 1368/1800/1799 1447/2073/2072 1448/1802/1801
f 1369/1801/1800 1449/1803/1802 1370/2050/2049
f 1370/2050/2049 1449/1803/1802 1450/2074/2073
f 1370/2050/2049 1450/2074/2073 1371/1814/1813
f 1371/1814/1813 1450/2074/2073 1451/1816/1815
f 1372/1815/1814 1452/1817/1816 1373/2051/2050
f 1373/2051/2050 1452/1817/1816 1453/2075/2074
f 1373/2051/2050 1453/2075/2074 1374/1827/1826
f 1374/1827/1826 1453/2075/2074 1454/1829/1828
f 1456/1475/1475 1376/1473/1473 1455/1830/1829
f 1455/1830/1829 1376/1473/1473 1375/1828/1827
f 1377/1474/1474 1457/1476/1476 1378/2052/2051
f 1378/2052/2051 1457/1476/1476 1458/2076/2075
f 1378/2052/2051 1458/2076/2075 1379/1841/1840
f 1379/1841/1840 1458/2076/2075 1459/1843/1842
f 1380/1842/1841 1460/1844/1843 1381/2053/2052
f 1381/2053/2052 1460/1844/1843 1461/2077/2076
f 1381/2053/2052 1461/2077/2076 1382/1855/1854
f 1382/1855/1854 1461/2077/2076 1462/1857/1856
f 1383/1856/1855 1463/1858/1857 1384/2054/2053
f 1384/2054/2053 1463/1858/1857 1464/2078/2077
f 1384/2054/2053 1464/2078/2077 1385/1869/1868
f 1385/1869/1868 1464/2078/2077 1465/1871/1870
f 1386/1870/1869 1466/1872/1871 1387/2055/2054
f 1387/2055/2054 1466/1872/1871 1467/2079/2078
f 1387/2055/2054 1467/2079/2078 1388/1459/1459
f 1388/1459/1459 1467/2079/2078 1468/1461/1461
f 1389/1460/1460 1469/1462/1462 1390/2056/2055
f 1390/2056/2055 1469/1462/1462 1470/2080/2079
f 1390/2056/2055 1470/2080/2079 1391/1884/1883
f 1391/1884/1883 1470/2080/2079 1471/1886/1885
f 1392/1885/1884 1472/1887/1886 1393/2057/2056
f 1393/2057/2056 1472/1887/1886 1473/2081/2080
f 1393/2057/2056 1473/2081/2080 1394/1898/1897
f 1394/1898/1897 1473/2081/2080 1474/1900/1899
f 1395/1899/1898 1475/1901/1900 1396/2058/2057
f 1396/2058/2057 1475/1901/1900 1476/2082/2081
f 1396/2058/2057 1476/2082/2081 1397/1911/1910
f 1397/1911/1910 1476/2082/2081 1477/1913/1912
f 1479/1447/1447 1399/1445/1445 1478/1914/1913
f 1478/1914/1913 1399/1445/1445 1398/1912/1911
f 1400/1446/1446 1480/1448/1448 1401/2059/2058
f 1401/2059/2058 1480/1448/1448 1481/2083/2082
f 1401/2059/2058 1481/2083/2082 1402/1925/1924
f 1402/1925/1924 1481/2083/2082 1482/1927/1926
f 1403/1926/1925 1483/1928/1927 1404/2060/2059
f 1404/2060/2059 1483/1928/1927 1484/2084/2083
f 1404/2060/2059 1484/2084/2083 1405/1939/1938
f 1405/1939/1938 1484/2084/2083 1485/1941/1940
f 1406/1940/1939 1486/1942/1941 1407/2061/2060
f 1407/2061/2060 1486/1942/1941 1487/2085/2084
f 1407/2061/2060 1487/2085/2084 1408/1952/1951
f 1408/1952/1951 1487/2085/2084 1488/1954/1953
f 1490/1433/1433 1410/1431/1431 1489/1955/1954
f 1489/1955/1954 1410/1431/1431 1409/1953/1952
f 1411/1432/1432 1491/1434/1434 1412/2062/2061
f 1412/2062/2061 1491/1434/1434 1492/2086/2085
f 1412/2062/2061 1492/2086/2085 1413/1966/1965
f 1413/1966/1965 1492/2086/2085 1493/1968/1967
f 1414/1967/1966 1494/1969/1968 1415/2063/2062
f 1415/2063/2062 1494/1969/1968 1495/2087/2086
f 1415/2063/2062 1495/2087/2086 1416/1980/1979
f 1416/1980/1979 1495/2087/2086 1496/1982/1981
f 1417/1981/1980 1497/1983/1982 1418/2064/2063
f 1418/2064/2063 1497/1983/1982 1498/2088/2087
f 1418/2064/2063 1498/2088/2087 1419/1994/1993
f 1419/1994/1993 1498/2088/2087 1499/1996/1995
f 1420/1995/1994 1500/1997/1996 1421/2065/2064
f 1421/2065/2064 1500/1997/1996 1501/2089/2088
f 1421/2065/2064 1501/2089/2088 1422/1417/1417
f 1422/1417/1417 1501/2089/2088 1502/1419/1419
f 1423/1418/1418 1503/1420/1420 1424/2066/2065
f 1424/2066/2065 1503/1420/1420 1504/2090/2089
f 1424/2066/2065 1504/2090/2089 1425/2009/2008
f 1425/2009/2008 1504/2090/2089 1505/2011/2010
f 1426/2010/2009 1506/2012/2011 1427/2067/2066
f 1427/2067/2066 1506/2012/2011 1507/2091/2090
f 1427/2067/2066 1507/2091/2090 1428/2023/2022
f 1428/2023/2022 1507/2091/2090 1508/2025/2024
f 1429/2024/2023 1509/2026/2025 1430/2068/2067
f 1430/2068/2067 1509/2026/2025 1510/2092/2091
f 1430/2068/2067 1510/2092/2091 1431/2036/2035
f 1431/2036/2035 1510/2092/2091 1511/2038/2037
f 1513/1244/1244 1433/1242/1242 1512/2039/2038
f 1512/2039/2038 1433/1242/1242 1432/2037/2036
f 1359/2044/2043 1438/2069/2068 1439/2045/2044
f 1439/2045/2044 1438/2069/2068 1518/2093/2092
f 1439/2045/2044 1518/2093/2092 1519/2046/2045
f 1519/2046/2045 1518/2093/2092 1598/2094/2093
f 1519/2046/2045 1598/2094/2093 1599/2047/2046
f 1599/2047/2046 1598/2094/2093 1678/1397/1397
f 1599/2047/2046 1678/1397/1397 1679/1395/1395
f 1518/2093/2092 1438/2069/2068 1517/2070/2069
f 1441/1504/1503 1521/1506/1505 1442/2072/2071
f 1442/2072/2071 1521/1506/1505 1522/2095/2094
f 1442/2072/2071 1522/2095/2094 1443/1788/1787
f 1443/1788/1787 1522/2095/2094 1523/1790/1789
f 1525/1491/1490 1445/1489/1488 1524/1791/1790
f 1524/1791/1790 1445/1489/1488 1444/1789/1788
f 1446/1490/1489 1526/1492/1491 1447/2073/2072
f 1447/2073/2072 1526/1492/1491 1527/2096/2095
f 1447/2073/2072 1527/2096/2095 1448/1802/1801
f 1448/1802/1801 1527/2096/2095 1528/1804/1803
f 1449/1803/1802 1529/1805/1804 1450/2074/2073
f 1450/2074/2073 1529/1805/1804 1530/2097/2096
f 1450/2074/2073 1530/2097/2096 1451/1816/1815
f 1451/1816/1815 1530/2097/2096 1531/1818/1817
f 1452/1817/1816 1532/1819/1818 1453/2075/2074
f 1453/2075/2074 1532/1819/1818 1533/2098/2097
f 1453/2075/2074 1533/2098/2097 1454/1829/1828
f 1454/1829/1828 1533/2098/2097 1534/1831/1830
f 1536/1477/1477 1456/1475/1475 1535/1832/1831
f 1535/1832/1831 1456/1475/1475 1455/1830/1829
f 1457/1476/1476 1537/1478/1478 1458/2076/2075
f 1458/2076/2075 1537/1478/1478 1538/2099/2098
f 1458/2076/2075 1538/2099/2098 1459/1843/1842
f 1459/1843/1842 1538/2099/2098 1539/1845/1844
f 1460/1844/1843 1540/1846/1845 1461/2077/2076
f 1461/2077/2076 1540/1846/1845 1541/2100/2099
f 1461/2077/2076 1541/2100/2099 1462/1857/1856
f 1462/1857/1856 1541/2100/2099 1542/1859/1858
f 1463/1858/1857 1543/1860/1859 1464/2078/2077
f 1464/2078/2077 1543/1860/1859 1544/2101/2100
f 1464/2078/2077 1544/2101/2100 1465/1871/1870
f 1465/1871/1870 1544/2101/2100 1545/1873/1872
f 1466/1872/1871 1546/1874/1873 1467/2079/2078
f 1467/2079/2078 1546/1874/1873 1547/2102/2101
f 1467/2079/2078 1547/2102/2101 1468/1461/1461
f 1468/1461/1461 1547/2102/2101 1548/1463/1463
f 1469/1462/1462 1549/1464/1464 1470/2080/2079
f 1470/2080/2079 1549/1464/1464 1550/2103/2102
f 1470/2080/2079 1550/2103/2102 1471/1886/1885
f 1471/1886/1885 1550/2103/2102 1551/1888/1887
f 1472/1887/1886 1552/1889/1888 1473/2081/2080
f 1473/2081/2080 1552/1889/1888 1553/2104/2103
f 1473/2081/2080 1553/2104/2103 1474/1900/1899
f 1474/1900/1899 1553/2104/2103 1554/1902/1901
f 1475/1901/1900 1555/1903/1902 1476/2082/2081
f 1476/2082/2081 1555/1903/1902 1556/2105/2104
f 1476/2082/2081 1556/2105/2104 1477/1913/1912
f 1477/1913/1912 1556/2105/2104 1557/1915/1914
f 1559/1449/1449 1479/1447/1447 1558/1916/1915
f 1558/1916/1915 1479/1447/1447 1478/1914/1913
f 1480/1448/1448 1560/1450/1450 1481/2083/2082
f 1481/2083/2082 1560/1450/1450 1561/2106/2105
f 1481/2083/2082 1561/2106/2105 1482/1927/1926
f 1482/1927/1926 1561/2106/2105 1562/1929/1928
f 1483/1928/1927 1563/1930/1929 1484/2084/2083
f 1484/2084/2083 1563/1930/1929 1564/2107/2106
f 1484/2084/2083 1564/2107/2106 1485/1941/1940
f 1485/1941/1940 1564/2107/2106 1565/1943/1942
f 1486/1942/1941 1566/1944/1943 1487/2085/2084
f 1487/2085/2084 1566/1944/1943 1567/2108/2107
f 1487/2085/2084 1567/2108/2107 1488/1954/1953
f 1488/1954/1953 1567/2108/2107 1568/1956/1955
f 1570/1435/1435 1490/1433/1433 1569/1957/1956
f 1569/1957/1956 1490/1433/1433 1489/1955/1954
f 1491/1434/1434 1571/1436/1436 1492/2086/2085
f 1492/2086/2085 1571/1436/1436 1572/2109/2108
f 1492/2086/2085 1572/2109/2108 1493/1968/1967
f 1493/1968/1967 1572/2109/2108 1573/1970/1969
f 1494/1969/1968 1574/1971/1970 1495/2087/2086
f 1495/2087/2086 1574/1971/1970 1575/2110/2109
f 1495/2087/2086 1575/2110/2109 1496/1982/1981
f 1496/1982/1981 1575/2110/2109 1576/1984/1983
f 1497/1983/1982 1577/1985/1984 1498/2088/2087
f 1498/2088/2087 1577/1985/1984 1578/2111/2110
f 1498/2088/2087 1578/2111/2110 1499/1996/1995
f 1499/1996/1995 1578/2111/2110 1579/1998/1997
f 1500/1997/1996 1580/1999/1998 1501/2089/2088
f 1501/2089/2088 1580/1999/1998 1581/2112/2111
f 1501/2089/2088 1581/2112/2111 1502/1419/1419
f 1502/1419/1419 1581/2112/2111 1582/1421/1421
f 1503/1420/1420 1583/1422/1422 1504/2090/2089
f 1504/2090/2089 1583/1422/1422 1584/2113/2112
f 1504/2090/2089 1584/2113/2112 1505/2011/2010
f 1505/2011/2010 1584/2113/2112 1585/2013/2012
f 1506/2012/2011 1586/2014/2013 1507/2091/2090
f 1507/2091/2090 1586/2014/2013 1587/2114/2113
f 1507/2091/2090 1587/2114/2113 1508/2025/2024
f 1508/2025/2024 1587/2114/2113 1588/2027/2026
f 1509/2026/2025 1589/2028/2027 1510/2092/2091
f 1510/2092/2091 1589/2028/2027 1590/2115/2114
f 1510/2092/2091 1590/2115/2114 1511/2038/2037
f 1511/2038/2037 1590/2115/2114 1591/2040/2039
f 1593/1246/1246 1513/1244/1244 1592/2041/2040
f 1592/2041/2040 1513/1244/1244 1512/2039/2038
f 1518/2093/2092 1517/2070/2069 1597/2116/2115
f 1597/2116/2115 1517/2070/2069 1596/2071/2070
f 1597/2116/2115 1596/2071/2070 1676/1401/1401
f 1676/1401/1401 1596/2071/2070 1675/1403/1403
f 1521/1506/1505 1601/1508/1507 1522/2095/2094
f 1522/2095/2094 1601/1508/1507 1602/2117/2116
f 1522/2095/2094 1602/2117/2116 1523/1790/1789
f 1523/1790/1789 1602/2117/2116 1603/1792/1791
f 1605/1493/1492 1525/1491/1490 1604/1793/1792
f 1604/1793/1792 1525/1491/1490 1524/1791/1790
f 1526/1492/1491 1606/1494/1493 1527/2096/2095
f 1527/2096/2095 1606/1494/1493 1607/2118/2117
f 1527/2096/2095 1607/2118/2117 1528/1804/1803
f 1528/1804/1803 1607/2118/2117 1608/1806/1805
f 1529/1805/1804 1609/1807/1806 1530/2097/2096
f 1530/2097/2096 1609/1807/1806 1610/2119/2118
f 1530/2097/2096 1610/2119/2118 1531/1818/1817
f 1531/1818/1817 1610/2119/2118 1611/1820/1819
f 1532/1819/1818 1612/1821/1820 1533/2098/2097
f 1533/2098/2097 1612/1821/1820 1613/2120/2119
f 1533/2098/2097 1613/2120/2119 1534/1831/1830
f 1534/1831/1830 1613/2120/2119 1614/1833/1832
f 1616/1479/1479 1536/1477/1477 1615/1834/1833
f 1615/1834/1833 1536/1477/1477 1535/1832/1831
f 1537/1478/1478 1617/1480/1480 1538/2099/2098
f 1538/2099/2098 1617/1480/1480 1618/2121/2120
f 1538/2099/2098 1618/2121/2120 1539/1845/1844
f 1539/1845/1844 1618/2121/2120 1619/1847/1846
f 1540/1846/1845 1620/1848/1847 1541/2100/2099
f 1541/2100/2099 1620/1848/1847 1621/2122/2121
f 1541/2100/2099 1621/2122/2121 1542/1859/1858
f 1542/1859/1858 1621/2122/2121 1622/1861/1860
f 1543/1860/1859 1623/1862/1861 1544/2101/2100
f 1544/2101/2100 1623/1862/1861 1624/2123/2122
f 1544/2101/2100 1624/2123/2122 1545/1873/1872
f 1545/1873/1872 1624/2123/2122 1625/1875/1874
f 1546/1874/1873 1626/1876/1875 1547/2102/2101
f 1547/2102/2101 1626/1876/1875 1627/2124/2123
f 1547/2102/2101 1627/2124/2123 1548/1463/1463
f 1548/1463/1463 1627/2124/2123 1628/1465/1465
f 1549/1464/1464 1629/1466/1466 1550/2103/2102
f 1550/2103/2102 1629/1466/1466 1630/2125/2124
f 1550/2103/2102 1630/2125/2124 1551/1888/1887
f 1551/1888/1887 1630/2125/2124 1631/1890/1889
f 1552/1889/1888 1632/1891/1890 1553/2104/2103
f 1553/2104/2103 1632/1891/1890 1633/2126/2125
f 1553/2104/2103 1633/2126/2125 1554/1902/1901
f 1554/1902/1901 1633/2126/2125 1634/1904/1903
f 1555/1903/1902 1635/1905/1904 1556/2105/2104
f 1556/2105/2104 1635/1905/1904 1636/2127/2126
f 1556/2105/2104 1636/2127/2126 1557/1915/1914
f 1557/1915/1914 1636/2127/2126 1637/1917/1916
f 1639/1451/1451 1559/1449/1449 1638/1918/1917
f 1638/1918/1917 1559/1449/1449 1558/1916/1915
f 1560/1450/1450 1640/1452/1452 1561/2106/2105
f 1561/2106/2105 1640/1452/1452 1641/2128/2127
f 1561/2106/2105 1641/2128/2127 1562/1929/1928
f 1562/1929/1928 1641/2128/2127 1642/1931/1930
f 1563/1930/1929 1643/1932/1931 1564/2107/2106
f 1564/2107/2106 1643/1932/1931 1644/2129/2128
f 1564/2107/2106 1644/2129/2128 1565/1943/1942
f 1565/1943/1942 1644/2129/2128 1645/1945/1944
f 1566/1944/1943 1646/1946/1945 1567/2108/2107
f 1567/2108/2107 1646/1946/1945 1647/2130/2129
f 1567/2108/2107 1647/2130/2129 1568/1956/1955
f 1568/1956/1955 1647/2130/2129 1648/1958/1957
f 1650/1437/1437 1570/1435/1435 1649/1959/1958
f 1649/1959/1958 1570/1435/1435 1569/1957/1956
f 1571/1436/1436 1651/1438/1438 1572/2109/2108
f 1572/2109/2108 1651/1438/1438 1652/2131/2130
f 1572/2109/2108 1652/2131/2130 1573/1970/1969
f 1573/1970/1969 1652/2131/2130 1653/1972/1971
f 1574/1971/1970 1654/1973/1972 1575/2110/2109
f 1575/2110/2109 1654/1973/1972 1655/2132/2131
f 1575/2110/2109 1655/2132/2131 1576/1984/1983
f 1576/1984/1983 1655/2132/2131 1656/1986/1985
f 1577/1985/1984 1657/1987/1986 1578/2111/2110
f 1578/2111/2110 1657/1987/1986 1658/2133/2132
f 1578/2111/2110 1658/2133/2132 1579/1998/1997
f 1579/1998/1997 1658/2133/2132 1659/2000/1999
f 1580/1999/1998 1660/2001/2000 1581/2112/2111
f 1581/2112/2111 1660/2001/2000 1661/2134/2133
f 1581/2112/2111 1661/2134/2133 1582/1421/1421
f 1582/1421/1421 1661/2134/2133 1662/1423/1423
f 1583/1422/1422 1663/1424/1424 1584/2113/2112
f 1584/2113/2112 1663/1424/1424 1664/2135/2134
f 1584/2113/2112 1664/2135/2134 1585/2013/2012
f 1585/2013/2012 1664/2135/2134 1665/2015/2014
f 1586/2014/2013 1666/2016/2015 1587/2114/2113
f 1587/2114/2113 1666/2016/2015 1667/2136/2135
f 1587/2114/2113 1667/2136/2135 1588/2027/2026
f 1588/2027/2026 1667/2136/2135 1668/2029/2028
f 1589/2028/2027 1669/2030/2029 1590/2115/2114
f 1590/2115/2114 1669/2030/2029 1670/2137/2136
f 1590/2115/2114 1670/2137/2136 1591/2040/2039
f 1591/2040/2039 1670/2137/2136 1671/2042/2041
f 1672/1249/1249 1593/1246/1246 1592/2041/2040
f 1518/2093/2092 1597/2116/2115 1598/2094/2093
f 1598/2094/2093 1597/2116/2115 1677/1399/1399
f 1598/2094/2093 1677/1399/1399 1678/1397/1397
f 1677/1399/1399 1597/2116/2115 1676/1401/1401
f 1601/1508/1507 1681/1391/1391 1602/2117/2116
f 1602/2117/2116 1681/1391/1391 1682/1389/1389
f 1602/2117/2116 1682/1389/1389 1603/1792/1791
f 1603/1792/1791 1682/1389/1389 1683/1387/1387
f 1685/1383/1383 1605/1493/1492 1684/1385/1385
f 1684/1385/1385 1605/1493/1492 1604/1793/1792
f 1606/1494/1493 1686/1381/1381 1607/2118/2117
f 1607/2118/2117 1686/1381/1381 1687/1379/1379
f 1607/2118/2117 1687/1379/1379 1608/1806/1805
f 1608/1806/1805 1687/1379/1379 1688/1377/1377
f 1609/1807/1806 1689/1375/1375 1610/2119/2118
f 1610/2119/2118 1689/1375/1375 1690/1373/1373
f 1610/2119/2118 1690/1373/1373 1611/1820/1819
f 1611/1820/1819 1690/1373/1373 1691/1371/1371
f 1612/1821/1820 1692/1369/1369 1613/2120/2119
f 1613/2120/2119 1692/1369/1369 1693/1367/1367
f 1613/2120/2119 1693/1367/1367 1614/1833/1832
f 1614/1833/1832 1693/1367/1367 1694/1365/1365
f 1696/1361/1361 1616/1479/1479 1695/1363/1363
f 1695/1363/1363 1616/1479/1479 1615/1834/1833
f 1617/1480/1480 1697/1359/1359 1618/2121/2120
f 1618/2121/2120 1697/1359/1359 1698/1357/1357
f 1618/2121/2120 1698/1357/1357 1619/1847/1846
f 1619/1847/1846 1698/1357/1357 1699/1355/1355
f 1620/1848/1847 1700/1353/1353 1621/2122/2121
f 1621/2122/2121 1700/1353/1353 1701/1351/1351
f 1621/2122/2121 1701/1351/1351 1622/1861/1860
f 1622/1861/1860 1701/1351/1351 1702/1349/1349
f 1623/1862/1861 1703/1347/1347 1624/2123/2122
f 1624/2123/2122 1703/1347/1347 1704/1345/1345
f 1624/2123/2122 1704/1345/1345 1625/1875/1874
f 1625/1875/1874 1704/1345/1345 1705/1343/1343
f 1626/1876/1875 1706/1341/1341 1627/2124/2123
f 1627/2124/2123 1706/1341/1341 1707/1339/1339
f 1627/2124/2123 1707/1339/1339 1628/1465/1465
f 1628/1465/1465 1707/1339/1339 1708/1337/1337
f 1629/1466/1466 1709/1335/1335 1630/2125/2124
f 1630/2125/2124 1709/1335/1335 1710/1333/1333
f 1630/2125/2124 1710/1333/1333 1631/1890/1889
f 1631/1890/1889 1710/1333/1333 1711/1331/1331
f 1632/1891/1890 1712/1329/1329 1633/2126/2125
f 1633/2126/2125 1712/1329/1329 1713/1327/1327
f 1633/2126/2125 1713/1327/1327 1634/1904/1903
f 1634/1904/1903 1713/1327/1327 1714/1325/1325
f 1635/1905/1904 1715/1323/1323 1636/2127/2126
f 1636/2127/2126 1715/1323/1323 1716/1321/1321
f 1636/2127/2126 1716/1321/1321 1637/1917/1916
f 1637/1917/1916 1716/1321/1321 1717/1319/1319
f 1719/1315/1315 1639/1451/1451 1718/1317/1317
f 1718/1317/1317 1639/1451/1451 1638/1918/1917
f 1640/1452/1452 1720/1313/1313 1641/2128/2127
f 1641/2128/2127 1720/1313/1313 1721/1311/1311
f 1641/2128/2127 1721/1311/1311 1642/1931/1930
f 1642/1931/1930 1721/1311/1311 1722/1309/1309
f 1643/1932/1931 1723/1307/1307 1644/2129/2128
f 1644/2129/2128 1723/1307/1307 1724/1305/1305
f 1644/2129/2128 1724/1305/1305 1645/1945/1944
f 1645/1945/1944 1724/1305/1305 1725/1303/1303
f 1646/1946/1945 1726/1301/1301 1647/2130/2129
f 1647/2130/2129 1726/1301/1301 1727/1299/1299
f 1647/2130/2129 1727/1299/1299 1648/1958/1957
f 1648/1958/1957 1727/1299/1299 1728/1297/1297
f 1730/1293/1293 1650/1437/1437 1729/1295/1295
f 1729/1295/1295 1650/1437/1437 1649/1959/1958
f 1651/1438/1438 1731/1291/1291 1652/2131/2130
f 1652/2131/2130 1731/1291/1291 1732/1289/1289
f 1652/2131/2130 1732/1289/1289 1653/1972/1971
f 1653/1972/1971 1732/1289/1289 1733/1287/1287
f 1654/1973/1972 1734/1285/1285 1655/2132/2131
f 1655/2132/2131 1734/1285/1285 1735/1283/1283
f 1655/2132/2131 1735/1283/1283 1656/1986/1985
f 1656/1986/1985 1735/1283/1283 1736/1281/1281
f 1657/1987/1986 1737/1279/1279 1658/2133/2132
f 1658/2133/2132 1737/1279/1279 1738/1277/1277
f 1658/2133/2132 1738/1277/1277 1659/2000/1999
f 1659/2000/1999 1738/1277/1277 1739/1275/1275
f 1660/2001/2000 1740/1273/1273 1661/2134/2133
f 1661/2134/2133 1740/1273/1273 1741/1271/1271
f 1661/2134/2133 1741/1271/1271 1662/1423/1423
f 1662/1423/1423 1741/1271/1271 1742/1269/1269
f 1663/1424/1424 1743/1267/1267 1664/2135/2134
f 1664/2135/2134 1743/1267/1267 1744/1265/1265
f 1664/2135/2134 1744/1265/1265 1665/2015/2014
f 1665/2015/2014 1744/1265/1265 1745/1263/1263
f 1666/2016/2015 1746/1261/1261 1667/2136/2135
f 1667/2136/2135 1746/1261/1261 1747/1259/1259
f 1667/2136/2135 1747/1259/1259 1668/2029/2028
f 1668/2029/2028 1747/1259/1259 1748/1257/1257
f 1669/2030/2029 1749/1255/1255 1670/2137/2136
f 1670/2137/2136 1749/1255/1255 1750/1253/1253
f 1670/2137/2136 1750/1253/1253 1671/2042/2041
f 1671/2042/2041 1750/1253/1253 1751/1251/1251
f 64/1250/1250 1195/1252/1252 1987/2138/2137
f 1987/2138/2137 1195/1252/1252 1908/1254/1254
f 1987/2138/2137 1908/1254/1254 1986/2139/2138
f 1986/2139/2138 1908/1254/1254 1907/1256/1256
f 1986/2139/2138 1907/1256/1256 1985/2140/2139
f 1985/2140/2139 1907/1256/1256 1906/1258/1258
f 1985/2140/2139 1906/1258/1258 1984/2141/2140
f 1984/2141/2140 1906/1258/1258 1905/1260/1260
f 1984/2141/2140 1905/1260/1260 1983/2142/2141
f 1983/2142/2141 1905/1260/1260 1904/1262/1262
f 1983/2142/2141 1904/1262/1262 1982/2143/2142
f 1982/2143/2142 1904/1262/1262 1903/1264/1264
f 1982/2143/2142 1903/1264/1264 1981/2144/2143
f 1981/2144/2143 1903/1264/1264 1902/1266/1266
f 1981/2144/2143 1902/1266/1266 1980/2145/2144
f 1980/2145/2144 1902/1266/1266 1901/1268/1268
f 1980/2145/2144 1901/1268/1268 1979/2146/2145
f 1979/2146/2145 1901/1268/1268 1900/1270/1270
f 1979/2146/2145 1900/1270/1270 1978/2147/2146
f 1978/2147/2146 1900/1270/1270 1899/1272/1272
f 1978/2147/2146 1899/1272/1272 1977/2148/2147
f 1977/2148/2147 1899/1272/1272 1898/1274/1274
f 1977/2148/2147 1898/1274/1274 1976/2149/2148
f 1976/2149/2148 1898/1274/1274 1897/1276/1276
f 1976/2149/2148 1897/1276/1276 1975/2150/2149
f 1975/2150/2149 1897/1276/1276 1896/1278/1278
f 1975/2150/2149 1896/1278/1278 1974/2151/2150
f 1974/2151/2150 1896/1278/1278 1895/1280/1280
f 1974/2151/2150 1895/1280/1280 1973/2152/2151
f 1973/2152/2151 1895/1280/1280 1894/1282/1282
f 1973/2152/2151 1894/1282/1282 1972/2153/2152
f 1972/2153/2152 1894/1282/1282 1893/1284/1284
f 1972/2153/2152 1893/1284/1284 1971/2154/2153
f 1971/2154/2153 1893/1284/1284 1892/1286/1286
f 1971/2154/2153 1892/1286/1286 1970/2155/2154
f 1970/2155/2154 1892/1286/1286 1891/1288/1288
f 1970/2155/2154 1891/1288/1288 1969/2156/2155
f 1969/2156/2155 1891/1288/1288 1890/1290/1290
f 1969/2156/2155 1890/1290/1290 1968/2157/2156
f 1968/2157/2156 1890/1290/1290 1889/1292/1292
f 1968/2157/2156 1889/1292/1292 1967/2158/2157
f 1967/2158/2157 1889/1292/1292 1888/1294/1294
f 1967/2158/2157 1888/1294/1294 1966/2159/2158
f 1966/2159/2158 1888/1294/1294 1887/1296/1296
f 1966/2159/2158 1887/1296/1296 1965/2160/2159
f 1965/2160/2159 1887/1296/1296 1886/1298/1298
f 1965/2160/2159 1886/1298/1298 1964/2161/2160
f 1964/2161/2160 1886/1298/1298 1885/1300/1300
f 1964/2161/2160 1885/1300/1300 1963/2162/2161
f 1963/2162/2161 1885/1300/1300 1884/1302/1302
f 1963/2162/2161 1884/1302/1302 1962/2163/2162
f 1962/2163/2162 1884/1302/1302 1883/1304/1304
f 1962/2163/2162 1883/1304/1304 1961/2164/2163
f 1961/2164/2163 1883/1304/1304 1882/1306/1306
f 1961/2164/2163 1882/1306/1306 1960/2165/2164
f 1960/2165/2164 1882/1306/1306 1881/1308/1308
f 1960/2165/2164 1881/1308/1308 1959/2166/2165
f 1959/2166/2165 1881/1308/1308 1880/1310/1310
f 1959/2166/2165 1880/1310/1310 1958/2167/2166
f 1958/2167/2166 1880/1310/1310 1879/1312/1312
f 1958/2167/2166 1879/1312/1312 1957/2168/2167
f 1957/2168/2167 1879/1312/1312 1878/1314/1314
f 1957/2168/2167 1878/1314/1314 1956/2169/2168
f 1956/2169/2168 1878/1314/1314 1877/1316/1316
f 1956/2169/2168 1877/1316/1316 1955/2170/2169
f 1955/2170/2169 1877/1316/1316 1876/1318/1318
f 1955/2170/2169 1876/1318/1318 1954/2171/2170
f 1954/2171/2170 1876/1318/1318 1875/1320/1320
f 1954/2171/2170 1875/1320/1320 1953/2172/2171
f 1953/2172/2171 1875/1320/1320 1874/1322/1322
f 1953/2172/2171 1874/1322/1322 1952/2173/2172
f 1952/2173/2172 1874/1322/1322 1873/1324/1324
f 1952/2173/2172 1873/1324/1324 1951/2174/2173
f 1951/2174/2173 1873/1324/1324 1872/1326/1326
f 1951/2174/2173 1872/1326/1326 1950/2175/2174
f 1950/2175/2174 1872/1326/1326 1871/1328/1328
f 1950/2175/2174 1871/1328/1328 1949/2176/2175
f 1949/2176/2175 1871/1328/1328 1870/1330/1330
f 1949/2176/2175 1870/1330/1330 1948/2177/2176
f 1948/2177/2176 1870/1330/1330 1869/1332/1332
f 1948/2177/2176 1869/1332/1332 1947/2178/2177
f 1947/2178/2177 1869/1332/1332 1868/1334/1334
f 1947/2178/2177 1868/1334/1334 1946/2179/2178
f 1946/2179/2178 1868/1334/1334 1867/1336/1336
f 1946/2179/2178 1867/1336/1336 1945/2180/2179
f 1945/2180/2179 1867/1336/1336 1866/1338/1338
f 1945/2180/2179 1866/1338/1338 1944/2181/2180
f 1944/2181/2180 1866/1338/1338 1865/1340/1340
f 1944/2181/2180 1865/1340/1340 1943/2182/2181
f 1943/2182/2181 1865/1340/1340 1864/1342/1342
f 1943/2182/2181 1864/1342/1342 1942/1530/1529
f 1942/1530/1529 1864/1342/1342 1863/1344/1344
f 1752/1711/1710 1753/1712/1711 2/1518/1517
f 2/1518/1517 1753/1712/1711 1754/1713/1712
f 2/1518/1517 1754/1713/1712 1755/1714/1713
f 1755/1714/1713 1756/1715/1714 2/1518/1517
f 2/1518/1517 1756/1715/1714 1757/1716/1715
f 2/1518/1517 1757/1716/1715 1758/1717/1716
f 1758/1717/1716 1759/1718/1717 2/1518/1517
f 2/1518/1517 1759/1718/1717 1760/1719/1718
f 2/1518/1517 1760/1719/1718 1761/1720/1719
f 1761/1720/1719 1762/1721/1720 2/1518/1517
f 2/1518/1517 1762/1721/1720 1763/1722/1721
f 2/1518/1517 1763/1722/1721 1764/1723/1722
f 1764/1723/1722 1765/1724/1723 2/1518/1517
f 2/1518/1517 1765/1724/1723 1766/1725/1724
f 2/1518/1517 1766/1725/1724 1767/1726/1725
f 1767/1726/1725 1768/1727/1726 2/1518/1517
f 2/1518/1517 1768/1727/1726 1769/1728/1727
f 2/1518/1517 1769/1728/1727 1770/1729/1728
f 1770/1729/1728 1771/1730/1729 2/1518/1517
f 2/1518/1517 1771/1730/1729 1772/1731/1730
f 2/1518/1517 1772/1731/1730 1773/1732/1731
f 1773/1732/1731 1774/1733/1732 2/1518/1517
f 2/1518/1517 1774/1733/1732 1775/1734/1733
f 2/1518/1517 1775/1734/1733 1776/1735/1734
f 1776/1735/1734 1777/1736/1735 2/1518/1517
f 2/1518/1517 1777/1736/1735 1778/1737/1736
f 2/1518/1517 1778/1737/1736 1779/1738/1737
f 1779/1738/1737 1780/1739/1738 2/1518/1517
f 2/1518/1517 1780/1739/1738 1781/1740/1739
f 2/1518/1517 1781/1740/1739 1782/1741/1740
f 1782/1741/1740 1783/1742/1741 2/1518/1517
f 2/1518/1517 1783/1742/1741 1784/1743/1742
f 2/1518/1517 1784/1743/1742 1785/1744/1743
f 1785/1744/1743 1786/1745/1744 2/1518/1517
f 2/1518/1517 1786/1745/1744 1787/1746/1745
f 2/1518/1517 1787/1746/1745 1788/1747/1746
f 1788/1747/1746 1789/1748/1747 2/1518/1517
f 2/1518/1517 1789/1748/1747 1790/1749/1748
f 2/1518/1517 1790/1749/1748 1791/1519/1518
f 1793/1521/1520 1794/2183/2182 3/1410/1410
f 3/1410/1410 1794/2183/2182 1795/2184/2183
f 3/1410/1410 1795/2184/2183 1796/2185/2184
f 1796/2185/2184 1795/2184/2183 2257/2186/2185
f 1796/2185/2184 2257/2186/2185 2256/2187/2186
f 2256/2187/2186 2257/2186/2185 2178/2188/2187
f 2256/2187/2186 2178/2188/2187 2177/2189/2188
f 2177/2189/2188 2178/2188/2187 2099/2190/2189
f 2177/2189/2188 2099/2190/2189 2098/2191/2190
f 2098/2191/2190 2099/2190/2189 2019/2192/2191
f 2098/2191/2190 2019/2192/2191 2018/2193/2192
f 2018/2193/2192 2019/2192/2191 1939/2194/2193
f 2018/2193/2192 1939/2194/2193 1938/2195/2194
f 1938/2195/2194 1939/2194/2193 1860/1350/1350
f 1938/2195/2194 1860/1350/1350 1859/1352/1352
f 1793/1521/1520 2259/1523/1522 1794/2183/2182
f 1794/2183/2182 2259/1523/1522 2258/2196/2195
f 1794/2183/2182 2258/2196/2195 1795/2184/2183
f 1795/2184/2183 2258/2196/2195 2257/2186/2185
f 1796/2185/2184 1797/2197/2196 3/1410/1410
f 3/1410/1410 1797/2197/2196 1798/2198/2197
f 3/1410/1410 1798/2198/2197 1799/2199/2198
f 1799/2199/2198 1798/2198/2197 2254/2200/2199
f 1799/2199/2198 2254/2200/2199 2253/2201/2200
f 2253/2201/2200 2254/2200/2199 2175/2202/2201
f 2253/2201/2200 2175/2202/2201 2174/2203/2202
f 2174/2203/2202 2175/2202/2201 2096/2204/2203
f 2174/2203/2202 2096/2204/2203 2095/2205/2204
f 2095/2205/2204 2096/2204/2203 2016/2206/2205
f 2095/2205/2204 2016/2206/2205 2015/2207/2206
f 2015/2207/2206 2016/2206/2205 1936/2208/2207
f 2015/2207/2206 1936/2208/2207 1935/2209/2208
f 1935/2209/2208 1936/2208/2207 1857/1356/1356
f 1935/2209/2208 1857/1356/1356 1856/1358/1358
f 1796/2185/2184 2256/2187/2186 1797/2197/2196
f 1797/2197/2196 2256/2187/2186 2255/2210/2209
f 1797/2197/2196 2255/2210/2209 1798/2198/2197
f 1798/2198/2197 2255/2210/2209 2254/2200/2199
f 1799/2199/2198 1800/2211/2210 3/1410/1410
f 3/1410/1410 1800/2211/2210 1801/2212/2211
f 3/1410/1410 1801/2212/2211 1802/2213/2212
f 1802/2213/2212 1801/2212/2211 2251/2214/2213
f 1802/2213/2212 2251/2214/2213 2250/2215/2214
f 2250/2215/2214 2251/2214/2213 2172/2216/2215
f 2250/2215/2214 2172/2216/2215 2171/2217/2216
f 2171/2217/2216 2172/2216/2215 2093/2218/2217
f 2171/2217/2216 2093/2218/2217 2092/2219/2218
f 2092/2219/2218 2093/2218/2217 2013/2220/2219
f 2092/2219/2218 2013/2220/2219 2012/2221/2220
f 2012/2221/2220 2013/2220/2219 1933/2222/2221
f 2012/2221/2220 1933/2222/2221 1932/2223/2222
f 1932/2223/2222 1933/2222/2221 1854/1362/1362
f 1932/2223/2222 1854/1362/1362 1853/1364/1364
f 1799/2199/2198 2253/2201/2200 1800/2211/2210
f 1800/2211/2210 2253/2201/2200 2252/2224/2223
f 1800/2211/2210 2252/2224/2223 1801/2212/2211
f 1801/2212/2211 2252/2224/2223 2251/2214/2213
f 1802/2213/2212 1803/2225/2224 3/1410/1410
f 3/1410/1410 1803/2225/2224 1804/2226/2225
f 3/1410/1410 1804/2226/2225 1805/2227/2226
f 1805/2227/2226 1804/2226/2225 2248/2228/2227
f 1805/2227/2226 2248/2228/2227 2247/2229/2228
f 2247/2229/2228 2248/2228/2227 2169/2230/2229
f 2247/2229/2228 2169/2230/2229 2168/2231/2230
f 2168/2231/2230 2169/2230/2229 2090/2232/2231
f 2168/2231/2230 2090/2232/2231 2089/2233/2232
f 2089/2233/2232 2090/2232/2231 2010/2234/2233
f 2089/2233/2232 2010/2234/2233 2009/2235/2234
f 2009/2235/2234 2010/2234/2233 1930/2236/2235
f 2009/2235/2234 1930/2236/2235 1929/2237/2236
f 1929/2237/2236 1930/2236/2235 1851/1368/1368
f 1929/2237/2236 1851/1368/1368 1850/1370/1370
f 1802/2213/2212 2250/2215/2214 1803/2225/2224
f 1803/2225/2224 2250/2215/2214 2249/2238/2237
f 1803/2225/2224 2249/2238/2237 1804/2226/2225
f 1804/2226/2225 2249/2238/2237 2248/2228/2227
f 1805/2227/2226 1806/2239/2238 3/1410/1410
f 3/1410/1410 1806/2239/2238 1807/2240/2239
f 3/1410/1410 1807/2240/2239 1808/2241/2240
f 1808/2241/2240 1807/2240/2239 2245/2242/2241
f 1808/2241/2240 2245/2242/2241 2244/2243/2242
f 2244/2243/2242 2245/2242/2241 2166/2244/2243
f 2244/2243/2242 2166/2244/2243 2165/2245/2244
f 2165/2245/2244 2166/2244/2243 2087/2246/2245
f 2165/2245/2244 2087/2246/2245 2086/2247/2246
f 2086/2247/2246 2087/2246/2245 2007/2248/2247
f 2086/2247/2246 2007/2248/2247 2006/2249/2248
f 2006/2249/2248 2007/2248/2247 1927/2250/2249
f 2006/2249/2248 1927/2250/2249 1926/2251/2250
f 1926/2251/2250 1927/2250/2249 1848/1374/1374
f 1926/2251/2250 1848/1374/1374 1847/1376/1376
f 1805/2227/2226 2247/2229/2228 1806/2239/2238
f 1806/2239/2238 2247/2229/2228 2246/2252/2251
f 1806/2239/2238 2246/2252/2251 1807/2240/2239
f 1807/2240/2239 2246/2252/2251 2245/2242/2241
f 1808/2241/2240 1809/2253/2252 3/1410/1410
f 3/1410/1410 1809/2253/2252 1810/2254/2253
f 3/1410/1410 1810/2254/2253 1811/2255/2254
f 1811/2255/2254 1810/2254/2253 2242/2256/2255
f 1811/2255/2254 2242/2256/2255 2241/2257/2256
f 2241/2257/2256 2242/2256/2255 2163/2258/2257
f 2241/2257/2256 2163/2258/2257 2162/2259/2258
f 2162/2259/2258 2163/2258/2257 2084/2260/2259
f 2162/2259/2258 2084/2260/2259 2083/2261/2260
f 2083/2261/2260 2084/2260/2259 2004/2262/2261
f 2083/2261/2260 2004/2262/2261 2003/2263/2262
f 2003/2263/2262 2004/2262/2261 1924/2264/2263
f 2003/2263/2262 1924/2264/2263 1923/2265/2264
f 1923/2265/2264 1924/2264/2263 1845/1380/1380
f 1923/2265/2264 1845/1380/1380 1844/1382/1382
f 1808/2241/2240 2244/2243/2242 1809/2253/2252
f 1809/2253/2252 2244/2243/2242 2243/2266/2265
f 1809/2253/2252 2243/2266/2265 1810/2254/2253
f 1810/2254/2253 2243/2266/2265 2242/2256/2255
f 1811/2255/2254 1812/2267/2266 3/1410/1410
f 3/1410/1410 1812/2267/2266 1813/2268/2267
f 3/1410/1410 1813/2268/2267 1814/2269/2268
f 1814/2269/2268 1813/2268/2267 2239/2270/2269
f 1814/2269/2268 2239/2270/2269 2238/2271/2270
f 2238/2271/2270 2239/2270/2269 2160/2272/2271
f 2238/2271/2270 2160/2272/2271 2159/2273/2272
f 2159/2273/2272 2160/2272/2271 2081/2274/2273
f 2159/2273/2272 2081/2274/2273 2080/2275/2274
f 2080/2275/2274 2081/2274/2273 2001/2276/2275
f 2080/2275/2274 2001/2276/2275 2000/2277/2276
f 2000/2277/2276 2001/2276/2275 1921/2278/2277
f 2000/2277/2276 1921/2278/2277 1920/2279/2278
f 1920/2279/2278 1921/2278/2277 1842/1386/1386
f 1920/2279/2278 1842/1386/1386 1841/1388/1388
f 1811/2255/2254 2241/2257/2256 1812/2267/2266
f 1812/2267/2266 2241/2257/2256 2240/2280/2279
f 1812/2267/2266 2240/2280/2279 1813/2268/2267
f 1813/2268/2267 2240/2280/2279 2239/2270/2269
f 1814/2269/2268 1815/2281/2280 3/1410/1410
f 3/1410/1410 1815/2281/2280 1816/2282/2281
f 3/1410/1410 1816/2282/2281 1817/2283/2282
f 1817/2283/2282 1816/2282/2281 2236/2284/2283
f 1817/2283/2282 2236/2284/2283 2235/2285/2284
f 2235/2285/2284 2236/2284/2283 2157/2286/2285
f 2235/2285/2284 2157/2286/2285 2156/2287/2286
f 2156/2287/2286 2157/2286/2285 2078/2288/2287
f 2156/2287/2286 2078/2288/2287 2077/2289/2288
f 2077/2289/2288 2078/2288/2287 1998/2290/2289
f 2077/2289/2288 1998/2290/2289 1997/2291/2290
f 1997/2291/2290 1998/2290/2289 1918/2292/2291
f 1997/2291/2290 1918/2292/2291 1917/2293/2292
f 1917/2293/2292 1918/2292/2291 1839/1392/1392
f 1917/2293/2292 1839/1392/1392 1838/1394/1394
f 1814/2269/2268 2238/2271/2270 1815/2281/2280
f 1815/2281/2280 2238/2271/2270 2237/2294/2293
f 1815/2281/2280 2237/2294/2293 1816/2282/2281
f 1816/2282/2281 2237/2294/2293 2236/2284/2283
f 1817/2283/2282 1818/2295/2294 3/1410/1410
f 3/1410/1410 1818/2295/2294 1819/2296/2295
f 3/1410/1410 1819/2296/2295 1820/2297/2296
f 1820/2297/2296 1819/2296/2295 2233/2298/2297
f 1820/2297/2296 2233/2298/2297 2232/2299/2298
f 2232/2299/2298 2233/2298/2297 2154/2300/2299
f 2232/2299/2298 2154/2300/2299 2153/2301/2300
f 2153/2301/2300 2154/2300/2299 2075/2302/2301
f 2153/2301/2300 2075/2302/2301 2074/2303/2302
f 2074/2303/2302 2075/2302/2301 1995/2304/2303
f 2074/2303/2302 1995/2304/2303 1994/1769/1768
f 1994/1769/1768 1995/2304/2303 1915/1771/1770
f 1817/2283/2282 2235/2285/2284 1818/2295/2294
f 1818/2295/2294 2235/2285/2284 2234/2305/2304
f 1818/2295/2294 2234/2305/2304 1819/2296/2295
f 1819/2296/2295 2234/2305/2304 2233/2298/2297
f 1820/2297/2296 1821/2306/2305 3/1410/1410
f 3/1410/1410 1821/2306/2305 1822/2307/2306
f 3/1410/1410 1822/2307/2306 1823/2308/2307
f 1823/2308/2307 1822/2307/2306 2230/2309/2308
f 1823/2308/2307 2230/2309/2308 2229/1763/1762
f 2229/1763/1762 2230/2309/2308 2151/1765/1764
f 1820/2297/2296 2232/2299/2298 1821/2306/2305
f 1821/2306/2305 2232/2299/2298 2231/2310/2309
f 1821/2306/2305 2231/2310/2309 1822/2307/2306
f 1822/2307/2306 2231/2310/2309 2230/2309/2308
f 1824/1761/1760 3/1410/1410 1823/2308/2307
f 2229/1763/1762 1824/1761/1760 1823/2308/2307
f 1826/1759/1758 1825/1760/1759 2227/2311/2310
f 2227/2311/2310 1825/1760/1759 2228/1762/1761
f 2227/2311/2310 2228/1762/1761 2149/2312/2311
f 2149/2312/2311 2228/1762/1761 2150/1764/1763
f 2149/2312/2311 2150/1764/1763 2071/2313/2312
f 2071/2313/2312 2150/1764/1763 2072/1766/1765
f 2071/2313/2312 2072/1766/1765 1992/2314/2313
f 1992/2314/2313 2072/1766/1765 1993/1768/1767
f 1992/2314/2313 1993/1768/1767 1913/2315/2314
f 1913/2315/2314 1993/1768/1767 1914/1770/1769
f 1913/2315/2314 1914/1770/1769 1835/1400/1400
f 1835/1400/1400 1914/1770/1769 1836/1398/1398
f 1829/1774/1773 3/1410/1410 1828/2316/2315
f 1828/2316/2315 3/1410/1410 1827/1758/1757
f 1828/2316/2315 1827/1758/1757 2225/1756/1755
f 2224/1775/1774 1829/1774/1773 1828/2316/2315
f 2224/1775/1774 1828/2316/2315 2225/1756/1755
f 2067/1752/1751 3/1410/1410 2145/1776/1775
f 2145/1776/1775 3/1410/1410 1198/1772/1771
f 1832/1406/1406 1831/1408/1408 1910/2317/2316
f 1910/2317/2316 1831/1408/1408 1197/1750/1749
f 1910/2317/2316 1197/1750/1749 1989/2318/2317
f 1989/2318/2317 1197/1750/1749 1988/1751/1750
f 1989/2318/2317 1988/1751/1750 2068/1753/1752
f 1833/1404/1404 1832/1406/1406 1911/2319/2318
f 1911/2319/2318 1832/1406/1406 1910/2317/2316
f 1911/2319/2318 1910/2317/2316 1990/2320/2319
f 1990/2320/2319 1910/2317/2316 1989/2318/2317
f 1990/2320/2319 1989/2318/2317 2069/2321/2320
f 2069/2321/2320 1989/2318/2317 2068/1753/1752
f 2069/2321/2320 2068/1753/1752 2147/1755/1754
f 1913/2315/2314 1835/1400/1400 1834/1402/1402
f 1834/1402/1402 1833/1404/1404 1912/2322/2321
f 1912/2322/2321 1833/1404/1404 1911/2319/2318
f 1912/2322/2321 1911/2319/2318 1991/2323/2322
f 1991/2323/2322 1911/2319/2318 1990/2320/2319
f 1991/2323/2322 1990/2320/2319 2070/2324/2323
f 2070/2324/2323 1990/2320/2319 2069/2321/2320
f 2070/2324/2323 2069/2321/2320 2148/2325/2324
f 2148/2325/2324 2069/2321/2320 2147/1755/1754
f 2148/2325/2324 2147/1755/1754 2226/1757/1756
f 1838/1394/1394 1837/1396/1396 1916/2326/2325
f 1916/2326/2325 1837/1396/1396 1915/1771/1770
f 1916/2326/2325 1915/1771/1770 1995/2304/2303
f 1839/1392/1392 1918/2292/2291 1840/1390/1390
f 1840/1390/1390 1918/2292/2291 1919/2327/2326
f 1840/1390/1390 1919/2327/2326 1841/1388/1388
f 1841/1388/1388 1919/2327/2326 1920/2279/2278
f 1842/1386/1386 1921/2278/2277 1843/1384/1384
f 1843/1384/1384 1921/2278/2277 1922/2328/2327
f 1843/1384/1384 1922/2328/2327 1844/1382/1382
f 1844/1382/1382 1922/2328/2327 1923/2265/2264
f 1845/1380/1380 1924/2264/2263 1846/1378/1378
f 1846/1378/1378 1924/2264/2263 1925/2329/2328
f 1846/1378/1378 1925/2329/2328 1847/1376/1376
f 1847/1376/1376 1925/2329/2328 1926/2251/2250
f 1848/1374/1374 1927/2250/2249 1849/1372/1372
f 1849/1372/1372 1927/2250/2249 1928/2330/2329
f 1849/1372/1372 1928/2330/2329 1850/1370/1370
f 1850/1370/1370 1928/2330/2329 1929/2237/2236
f 1851/1368/1368 1930/2236/2235 1852/1366/1366
f 1852/1366/1366 1930/2236/2235 1931/2331/2330
f 1852/1366/1366 1931/2331/2330 1853/1364/1364
f 1853/1364/1364 1931/2331/2330 1932/2223/2222
f 1854/1362/1362 1933/2222/2221 1855/1360/1360
f 1855/1360/1360 1933/2222/2221 1934/2332/2331
f 1855/1360/1360 1934/2332/2331 1856/1358/1358
f 1856/1358/1358 1934/2332/2331 1935/2209/2208
f 1857/1356/1356 1936/2208/2207 1858/1354/1354
f 1858/1354/1354 1936/2208/2207 1937/2333/2332
f 1858/1354/1354 1937/2333/2332 1859/1352/1352
f 1859/1352/1352 1937/2333/2332 1938/2195/2194
f 1860/1350/1350 1939/2194/2193 1861/1348/1348
f 1861/1348/1348 1939/2194/2193 1940/2334/2333
f 1861/1348/1348 1940/2334/2333 1862/1346/1346
f 1862/1346/1346 1940/2334/2333 1941/1531/1530
f 64/1250/1250 1987/2138/2137 1909/1625/1624
f 1909/1625/1624 1987/2138/2137 1986/2139/2138
f 1909/1625/1624 1986/2139/2138 2065/1626/1625
f 2065/1626/1625 1986/2139/2138 1985/2140/2139
f 2065/1626/1625 1985/2140/2139 2064/1628/1627
f 2064/1628/1627 1985/2140/2139 1984/2141/2140
f 2064/1628/1627 1984/2141/2140 2063/1630/1629
f 2063/1630/1629 1984/2141/2140 1983/2142/2141
f 2063/1630/1629 1983/2142/2141 2062/1632/1631
f 2062/1632/1631 1983/2142/2141 1982/2143/2142
f 2062/1632/1631 1982/2143/2142 2061/1634/1633
f 2061/1634/1633 1982/2143/2142 1981/2144/2143
f 2061/1634/1633 1981/2144/2143 2060/1636/1635
f 2060/1636/1635 1981/2144/2143 1980/2145/2144
f 2060/1636/1635 1980/2145/2144 2059/1638/1637
f 2059/1638/1637 1980/2145/2144 1979/2146/2145
f 2059/1638/1637 1979/2146/2145 2058/1640/1639
f 2058/1640/1639 1979/2146/2145 1978/2147/2146
f 2058/1640/1639 1978/2147/2146 2057/1642/1641
f 2057/1642/1641 1978/2147/2146 1977/2148/2147
f 2057/1642/1641 1977/2148/2147 2056/1644/1643
f 2056/1644/1643 1977/2148/2147 1976/2149/2148
f 2056/1644/1643 1976/2149/2148 2055/1646/1645
f 2055/1646/1645 1976/2149/2148 1975/2150/2149
f 2055/1646/1645 1975/2150/2149 2054/1648/1647
f 2054/1648/1647 1975/2150/2149 1974/2151/2150
f 2054/1648/1647 1974/2151/2150 2053/1650/1649
f 2053/1650/1649 1974/2151/2150 1973/2152/2151
f 2053/1650/1649 1973/2152/2151 2052/1652/1651
f 2052/1652/1651 1973/2152/2151 1972/2153/2152
f 2052/1652/1651 1972/2153/2152 2051/1654/1653
f 2051/1654/1653 1972/2153/2152 1971/2154/2153
f 2051/1654/1653 1971/2154/2153 2050/1656/1655
f 2050/1656/1655 1971/2154/2153 1970/2155/2154
f 2050/1656/1655 1970/2155/2154 2049/1658/1657
f 2049/1658/1657 1970/2155/2154 1969/2156/2155
f 2049/1658/1657 1969/2156/2155 2048/1660/1659
f 2048/1660/1659 1969/2156/2155 1968/2157/2156
f 2048/1660/1659 1968/2157/2156 2047/1662/1661
f 2047/1662/1661 1968/2157/2156 1967/2158/2157
f 2047/1662/1661 1967/2158/2157 2046/1664/1663
f 2046/1664/1663 1967/2158/2157 1966/2159/2158
f 2046/1664/1663 1966/2159/2158 2045/1666/1665
f 2045/1666/1665 1966/2159/2158 1965/2160/2159
f 2045/1666/1665 1965/2160/2159 2044/1668/1667
f 2044/1668/1667 1965/2160/2159 1964/2161/2160
f 2044/1668/1667 1964/2161/2160 2043/1670/1669
f 2043/1670/1669 1964/2161/2160 1963/2162/2161
f 2043/1670/1669 1963/2162/2161 2042/1672/1671
f 2042/1672/1671 1963/2162/2161 1962/2163/2162
f 2042/1672/1671 1962/2163/2162 2041/1674/1673
f 2041/1674/1673 1962/2163/2162 1961/2164/2163
f 2041/1674/1673 1961/2164/2163 2040/1676/1675
f 2040/1676/1675 1961/2164/2163 1960/2165/2164
f 2040/1676/1675 1960/2165/2164 2039/1678/1677
f 2039/1678/1677 1960/2165/2164 1959/2166/2165
f 2039/1678/1677 1959/2166/2165 2038/1680/1679
f 2038/1680/1679 1959/2166/2165 1958/2167/2166
f 2038/1680/1679 1958/2167/2166 2037/1682/1681
f 2037/1682/1681 1958/2167/2166 1957/2168/2167
f 2037/1682/1681 1957/2168/2167 2036/1684/1683
f 2036/1684/1683 1957/2168/2167 1956/2169/2168
f 2036/1684/1683 1956/2169/2168 2035/1686/1685
f 2035/1686/1685 1956/2169/2168 1955/2170/2169
f 2035/1686/1685 1955/2170/2169 2034/1688/1687
f 2034/1688/1687 1955/2170/2169 1954/2171/2170
f 2034/1688/1687 1954/2171/2170 2033/1690/1689
f 2033/1690/1689 1954/2171/2170 1953/2172/2171
f 2033/1690/1689 1953/2172/2171 2032/1692/1691
f 2032/1692/1691 1953/2172/2171 1952/2173/2172
f 2032/1692/1691 1952/2173/2172 2031/1694/1693
f 2031/1694/1693 1952/2173/2172 1951/2174/2173
f 2031/1694/1693 1951/2174/2173 2030/1696/1695
f 2030/1696/1695 1951/2174/2173 1950/2175/2174
f 2030/1696/1695 1950/2175/2174 2029/1698/1697
f 2029/1698/1697 1950/2175/2174 1949/2176/2175
f 2029/1698/1697 1949/2176/2175 2028/1700/1699
f 2028/1700/1699 1949/2176/2175 1948/2177/2176
f 2028/1700/1699 1948/2177/2176 2027/1702/1701
f 2027/1702/1701 1948/2177/2176 1947/2178/2177
f 2027/1702/1701 1947/2178/2177 2026/1704/1703
f 2026/1704/1703 1947/2178/2177 1946/2179/2178
f 2026/1704/1703 1946/2179/2178 2025/1706/1705
f 2025/1706/1705 1946/2179/2178 1945/2180/2179
f 2025/1706/1705 1945/2180/2179 2024/1708/1707
f 2024/1708/1707 1945/2180/2179 1944/2181/2180
f 2024/1708/1707 1944/2181/2180 2023/1710/1709
f 2023/1710/1709 1944/2181/2180 1943/2182/2181
f 2023/1710/1709 1943/2182/2181 2022/1528/1527
f 2022/1528/1527 1943/2182/2181 1942/1530/1529
f 3/1410/1410 1197/1750/1749 1831/1408/1408
f 1992/2314/2313 1913/2315/2314 1912/2322/2321
f 1912/2322/2321 1913/2315/2314 1834/1402/1402
f 1992/2314/2313 1912/2322/2321 1991/2323/2322
f 1838/1394/1394 1916/2326/2325 1917/2293/2292
f 1917/2293/2292 1916/2326/2325 1996/2335/2334
f 1917/2293/2292 1996/2335/2334 1997/2291/2290
f 1997/2291/2290 1996/2335/2334 2076/2336/2335
f 1997/2291/2290 2076/2336/2335 2077/2289/2288
f 2077/2289/2288 2076/2336/2335 2155/2337/2336
f 2077/2289/2288 2155/2337/2336 2156/2287/2286
f 2156/2287/2286 2155/2337/2336 2234/2305/2304
f 2156/2287/2286 2234/2305/2304 2235/2285/2284
f 1996/2335/2334 1916/2326/2325 1995/2304/2303
f 1918/2292/2291 1998/2290/2289 1919/2327/2326
f 1919/2327/2326 1998/2290/2289 1999/2338/2337
f 1919/2327/2326 1999/2338/2337 1920/2279/2278
f 1920/2279/2278 1999/2338/2337 2000/2277/2276
f 1921/2278/2277 2001/2276/2275 1922/2328/2327
f 1922/2328/2327 2001/2276/2275 2002/2339/2338
f 1922/2328/2327 2002/2339/2338 1923/2265/2264
f 1923/2265/2264 2002/2339/2338 2003/2263/2262
f 1924/2264/2263 2004/2262/2261 1925/2329/2328
f 1925/2329/2328 2004/2262/2261 2005/2340/2339
f 1925/2329/2328 2005/2340/2339 1926/2251/2250
f 1926/2251/2250 2005/2340/2339 2006/2249/2248
f 1927/2250/2249 2007/2248/2247 1928/2330/2329
f 1928/2330/2329 2007/2248/2247 2008/2341/2340
f 1928/2330/2329 2008/2341/2340 1929/2237/2236
f 1929/2237/2236 2008/2341/2340 2009/2235/2234
f 1930/2236/2235 2010/2234/2233 1931/2331/2330
f 1931/2331/2330 2010/2234/2233 2011/2342/2341
f 1931/2331/2330 2011/2342/2341 1932/2223/2222
f 1932/2223/2222 2011/2342/2341 2012/2221/2220
f 1933/2222/2221 2013/2220/2219 1934/2332/2331
f 1934/2332/2331 2013/2220/2219 2014/2343/2342
f 1934/2332/2331 2014/2343/2342 1935/2209/2208
f 1935/2209/2208 2014/2343/2342 2015/2207/2206
f 1936/2208/2207 2016/2206/2205 1937/2333/2332
f 1937/2333/2332 2016/2206/2205 2017/2344/2343
f 1937/2333/2332 2017/2344/2343 1938/2195/2194
f 1938/2195/2194 2017/2344/2343 2018/2193/2192
f 1939/2194/2193 2019/2192/2191 1940/2334/2333
f 1940/2334/2333 2019/2192/2191 2020/2345/2344
f 1940/2334/2333 2020/2345/2344 1941/1531/1530
f 1941/1531/1530 2020/2345/2344 2021/1529/1528
f 2071/2313/2312 1992/2314/2313 1991/2323/2322
f 2071/2313/2312 1991/2323/2322 2070/2324/2323
f 2074/2303/2302 1994/1769/1768 2073/1767/1766
f 2076/2336/2335 1996/2335/2334 2075/2302/2301
f 2075/2302/2301 1996/2335/2334 1995/2304/2303
f 1998/2290/2289 2078/2288/2287 1999/2338/2337
f 1999/2338/2337 2078/2288/2287 2079/2346/2345
f 1999/2338/2337 2079/2346/2345 2000/2277/2276
f 2000/2277/2276 2079/2346/2345 2080/2275/2274
f 2001/2276/2275 2081/2274/2273 2002/2339/2338
f 2002/2339/2338 2081/2274/2273 2082/2347/2346
f 2002/2339/2338 2082/2347/2346 2003/2263/2262
f 2003/2263/2262 2082/2347/2346 2083/2261/2260
f 2004/2262/2261 2084/2260/2259 2005/2340/2339
f 2005/2340/2339 2084/2260/2259 2085/2348/2347
f 2005/2340/2339 2085/2348/2347 2006/2249/2248
f 2006/2249/2248 2085/2348/2347 2086/2247/2246
f 2007/2248/2247 2087/2246/2245 2008/2341/2340
f 2008/2341/2340 2087/2246/2245 2088/2349/2348
f 2008/2341/2340 2088/2349/2348 2009/2235/2234
f 2009/2235/2234 2088/2349/2348 2089/2233/2232
f 2010/2234/2233 2090/2232/2231 2011/2342/2341
f 2011/2342/2341 2090/2232/2231 2091/2350/2349
f 2011/2342/2341 2091/2350/2349 2012/2221/2220
f 2012/2221/2220 2091/2350/2349 2092/2219/2218
f 2013/2220/2219 2093/2218/2217 2014/2343/2342
f 2014/2343/2342 2093/2218/2217 2094/2351/2350
f 2014/2343/2342 2094/2351/2350 2015/2207/2206
f 2015/2207/2206 2094/2351/2350 2095/2205/2204
f 2016/2206/2205 2096/2204/2203 2017/2344/2343
f 2017/2344/2343 2096/2204/2203 2097/2352/2351
f 2017/2344/2343 2097/2352/2351 2018/2193/2192
f 2018/2193/2192 2097/2352/2351 2098/2191/2190
f 2019/2192/2191 2099/2190/2189 2020/2345/2344
f 2020/2345/2344 2099/2190/2189 2100/2353/2352
f 2020/2345/2344 2100/2353/2352 2021/1529/1528
f 2021/1529/1528 2100/2353/2352 2101/1527/1526
f 2149/2312/2311 2071/2313/2312 2070/2324/2323
f 2149/2312/2311 2070/2324/2323 2148/2325/2324
f 2074/2303/2302 2073/1767/1766 2152/2354/2353
f 2152/2354/2353 2073/1767/1766 2151/1765/1764
f 2152/2354/2353 2151/1765/1764 2230/2309/2308
f 2155/2337/2336 2076/2336/2335 2154/2300/2299
f 2154/2300/2299 2076/2336/2335 2075/2302/2301
f 2078/2288/2287 2157/2286/2285 2079/2346/2345
f 2079/2346/2345 2157/2286/2285 2158/2355/2354
f 2079/2346/2345 2158/2355/2354 2080/2275/2274
f 2080/2275/2274 2158/2355/2354 2159/2273/2272
f 2081/2274/2273 2160/2272/2271 2082/2347/2346
f 2082/2347/2346 2160/2272/2271 2161/2356/2355
f 2082/2347/2346 2161/2356/2355 2083/2261/2260
f 2083/2261/2260 2161/2356/2355 2162/2259/2258
f 2084/2260/2259 2163/2258/2257 2085/2348/2347
f 2085/2348/2347 2163/2258/2257 2164/2357/2356
f 2085/2348/2347 2164/2357/2356 2086/2247/2246
f 2086/2247/2246 2164/2357/2356 2165/2245/2244
f 2087/2246/2245 2166/2244/2243 2088/2349/2348
f 2088/2349/2348 2166/2244/2243 2167/2358/2357
f 2088/2349/2348 2167/2358/2357 2089/2233/2232
f 2089/2233/2232 2167/2358/2357 2168/2231/2230
f 2090/2232/2231 2169/2230/2229 2091/2350/2349
f 2091/2350/2349 2169/2230/2229 2170/2359/2358
f 2091/2350/2349 2170/2359/2358 2092/2219/2218
f 2092/2219/2218 2170/2359/2358 2171/2217/2216
f 2093/2218/2217 2172/2216/2215 2094/2351/2350
f 2094/2351/2350 2172/2216/2215 2173/2360/2359
f 2094/2351/2350 2173/2360/2359 2095/2205/2204
f 2095/2205/2204 2173/2360/2359 2174/2203/2202
f 2096/2204/2203 2175/2202/2201 2097/2352/2351
f 2097/2352/2351 2175/2202/2201 2176/2361/2360
f 2097/2352/2351 2176/2361/2360 2098/2191/2190
f 2098/2191/2190 2176/2361/2360 2177/2189/2188
f 2099/2190/2189 2178/2188/2187 2100/2353/2352
f 2100/2353/2352 2178/2188/2187 2179/2362/2361
f 2100/2353/2352 2179/2362/2361 2101/1527/1526
f 2101/1527/1526 2179/2362/2361 2180/1525/1524
f 2102/1526/1525 2181/1524/1523 2103/1709/1708
f 2103/1709/1708 2181/1524/1523 2182/1615/1614
f 2103/1709/1708 2182/1615/1614 2104/1707/1706
f 2104/1707/1706 2182/1615/1614 2183/1613/1612
f 2104/1707/1706 2183/1613/1612 2105/1705/1704
f 2105/1705/1704 2183/1613/1612 2184/1611/1610
f 2105/1705/1704 2184/1611/1610 2106/1703/1702
f 2106/1703/1702 2184/1611/1610 2185/1609/1608
f 2106/1703/1702 2185/1609/1608 2107/1701/1700
f 2107/1701/1700 2185/1609/1608 2186/1607/1606
f 2107/1701/1700 2186/1607/1606 2108/1699/1698
f 2108/1699/1698 2186/1607/1606 2187/1605/1604
f 2108/1699/1698 2187/1605/1604 2109/1697/1696
f 2109/1697/1696 2187/1605/1604 2188/1603/1602
f 2109/1697/1696 2188/1603/1602 2110/1695/1694
f 2110/1695/1694 2188/1603/1602 2189/1601/1600
f 2110/1695/1694 2189/1601/1600 2111/1693/1692
f 2111/1693/1692 2189/1601/1600 2190/1599/1598
f 2111/1693/1692 2190/1599/1598 2112/1691/1690
f 2112/1691/1690 2190/1599/1598 2191/1597/1596
f 2112/1691/1690 2191/1597/1596 2113/1689/1688
f 2113/1689/1688 2191/1597/1596 2192/1595/1594
f 2113/1689/1688 2192/1595/1594 2114/1687/1686
f 2114/1687/1686 2192/1595/1594 2193/1593/1592
f 2114/1687/1686 2193/1593/1592 2115/1685/1684
f 2115/1685/1684 2193/1593/1592 2194/1591/1590
f 2115/1685/1684 2194/1591/1590 2116/1683/1682
f 2116/1683/1682 2194/1591/1590 2195/1589/1588
f 2116/1683/1682 2195/1589/1588 2117/1681/1680
f 2117/1681/1680 2195/1589/1588 2196/1587/1586
f 2117/1681/1680 2196/1587/1586 2118/1679/1678
f 2118/1679/1678 2196/1587/1586 2197/1585/1584
f 2118/1679/1678 2197/1585/1584 2119/1677/1676
f 2119/1677/1676 2197/1585/1584 2198/1583/1582
f 2119/1677/1676 2198/1583/1582 2120/1675/1674
f 2120/1675/1674 2198/1583/1582 2199/1581/1580
f 2120/1675/1674 2199/1581/1580 2121/1673/1672
f 2121/1673/1672 2199/1581/1580 2200/1579/1578
f 2121/1673/1672 2200/1579/1578 2122/1671/1670
f 2122/1671/1670 2200/1579/1578 2201/1577/1576
f 2122/1671/1670 2201/1577/1576 2123/1669/1668
f 2123/1669/1668 2201/1577/1576 2202/1575/1574
f 2123/1669/1668 2202/1575/1574 2124/1667/1666
f 2124/1667/1666 2202/1575/1574 2203/1573/1572
f 2124/1667/1666 2203/1573/1572 2125/1665/1664
f 2125/1665/1664 2203/1573/1572 2204/1571/1570
f 2125/1665/1664 2204/1571/1570 2126/1663/1662
f 2126/1663/1662 2204/1571/1570 2205/1569/1568
f 2126/1663/1662 2205/1569/1568 2127/1661/1660
f 2127/1661/1660 2205/1569/1568 2206/1567/1566
f 2127/1661/1660 2206/1567/1566 2128/1659/1658
f 2128/1659/1658 2206/1567/1566 2207/1565/1564
f 2128/1659/1658 2207/1565/1564 2129/1657/1656
f 2129/1657/1656 2207/1565/1564 2208/1563/1562
f 2129/1657/1656 2208/1563/1562 2130/1655/1654
f 2130/1655/1654 2208/1563/1562 2209/1561/1560
f 2130/1655/1654 2209/1561/1560 2131/1653/1652
f 2131/1653/1652 2209/1561/1560 2210/1559/1558
f 2131/1653/1652 2210/1559/1558 2132/1651/1650
f 2132/1651/1650 2210/1559/1558 2211/1557/1556
f 2132/1651/1650 2211/1557/1556 2133/1649/1648
f 2133/1649/1648 2211/1557/1556 2212/1555/1554
f 2133/1649/1648 2212/1555/1554 2134/1647/1646
f 2134/1647/1646 2212/1555/1554 2213/1553/1552
f 2134/1647/1646 2213/1553/1552 2135/1645/1644
f 2135/1645/1644 2213/1553/1552 2214/1551/1550
f 2135/1645/1644 2214/1551/1550 2136/1643/1642
f 2136/1643/1642 2214/1551/1550 2215/1549/1548
f 2136/1643/1642 2215/1549/1548 2137/1641/1640
f 2137/1641/1640 2215/1549/1548 2216/1547/1546
f 2137/1641/1640 2216/1547/1546 2138/1639/1638
f 2138/1639/1638 2216/1547/1546 2217/1545/1544
f 2138/1639/1638 2217/1545/1544 2139/1637/1636
f 2139/1637/1636 2217/1545/1544 2218/1543/1542
f 2139/1637/1636 2218/1543/1542 2140/1635/1634
f 2140/1635/1634 2218/1543/1542 2219/1541/1540
f 2140/1635/1634 2219/1541/1540 2141/1633/1632
f 2141/1633/1632 2219/1541/1540 2220/1539/1538
f 2141/1633/1632 2220/1539/1538 2142/1631/1630
f 2142/1631/1630 2220/1539/1538 2221/1537/1536
f 2142/1631/1630 2221/1537/1536 2143/1629/1628
f 2143/1629/1628 2221/1537/1536 2222/1535/1534
f 2143/1629/1628 2222/1535/1534 2144/1627/1626
f 2144/1627/1626 2222/1535/1534 2223/1533/1532
f 2144/1627/1626 2223/1533/1532 1196/1532/1531
f 2225/1756/1755 2146/1754/1753 2224/1775/1774
f 2227/2311/2310 2149/2312/2311 2148/2325/2324
f 2227/2311/2310 2148/2325/2324 2226/1757/1756
f 2074/2303/2302 2152/2354/2353 2153/2301/2300
f 2153/2301/2300 2152/2354/2353 2231/2310/2309
f 2153/2301/2300 2231/2310/2309 2232/2299/2298
f 2231/2310/2309 2152/2354/2353 2230/2309/2308
f 2234/2305/2304 2155/2337/2336 2233/2298/2297
f 2233/2298/2297 2155/2337/2336 2154/2300/2299
f 2157/2286/2285 2236/2284/2283 2158/2355/2354
f 2158/2355/2354 2236/2284/2283 2237/2294/2293
f 2158/2355/2354 2237/2294/2293 2159/2273/2272
f 2159/2273/2272 2237/2294/2293 2238/2271/2270
f 2160/2272/2271 2239/2270/2269 2161/2356/2355
f 2161/2356/2355 2239/2270/2269 2240/2280/2279
f 2161/2356/2355 2240/2280/2279 2162/2259/2258
f 2162/2259/2258 2240/2280/2279 2241/2257/2256
f 2163/2258/2257 2242/2256/2255 2164/2357/2356
f 2164/2357/2356 2242/2256/2255 2243/2266/2265
f 2164/2357/2356 2243/2266/2265 2165/2245/2244
f 2165/2245/2244 2243/2266/2265 2244/2243/2242
f 2166/2244/2243 2245/2242/2241 2167/2358/2357
f 2167/2358/2357 2245/2242/2241 2246/2252/2251
f 2167/2358/2357 2246/2252/2251 2168/2231/2230
f 2168/2231/2230 2246/2252/2251 2247/2229/2228
f 2169/2230/2229 2248/2228/2227 2170/2359/2358
f 2170/2359/2358 2248/2228/2227 2249/2238/2237
f 2170/2359/2358 2249/2238/2237 2171/2217/2216
f 2171/2217/2216 2249/2238/2237 2250/2215/2214
f 2172/2216/2215 2251/2214/2213 2173/2360/2359
f 2173/2360/2359 2251/2214/2213 2252/2224/2223
f 2173/2360/2359 2252/2224/2223 2174/2203/2202
f 2174/2203/2202 2252/2224/2223 2253/2201/2200
f 2175/2202/2201 2254/2200/2199 2176/2361/2360
f 2176/2361/2360 2254/2200/2199 2255/2210/2209
f 2176/2361/2360 2255/2210/2209 2177/2189/2188
f 2177/2189/2188 2255/2210/2209 2256/2187/2186
f 2178/2188/2187 2257/2186/2185 2179/2362/2361
f 2179/2362/2361 2257/2186/2185 2258/2196/2195
f 2179/2362/2361 2258/2196/2195 2180/1525/1524
f 2180/1525/1524 2258/2196/2195 2259/1523/1522
f 1826/1759/1758 2227/2311/2310 2226/1757/1756
f 10/2363/2362 2378/2364/2363 11/2365/2364
f 11/2365/2364 2378/2364/2363 2379/2366/2365
f 11/2365/2364 2379/2366/2365 2380/2367/2366
f 2380/2367/2366 2379/2366/2365 2459/2368/2367
f 2380/2367/2366 2459/2368/2367 2460/2369/2368
f 2460/2369/2368 2459/2368/2367 2539/2370/2369
f 2460/2369/2368 2539/2370/2369 2540/2371/2370
f 2540/2371/2370 2539/2370/2369 2619/2372/2371
f 2540/2371/2370 2619/2372/2371 2620/2373/2372
f 2620/2373/2372 2619/2372/2371 2699/2374/2373
f 2620/2373/2372 2699/2374/2373 86/2375/2374
f 86/2375/2374 2699/2374/2373 87/2376/2375
f 87/2376/2375 2699/2374/2373 2778/2377/2376
f 87/2376/2375 2778/2377/2376 88/2378/2377
f 88/2378/2377 2778/2377/2376 2857/2379/2378
f 88/2378/2377 2857/2379/2378 2301/2380/2379
f 2301/2380/2379 2857/2379/2378 2856/2381/2380
f 2301/2380/2379 2856/2381/2380 3014/2382/2381
f 3014/2382/2381 2856/2381/2380 2855/2383/2382
f 3014/2382/2381 2855/2383/2382 3013/2384/2383
f 3013/2384/2383 2855/2383/2382 2854/2385/2384
f 3013/2384/2383 2854/2385/2384 3012/2386/2385
f 3012/2386/2385 2854/2385/2384 2853/2387/2386
f 3012/2386/2385 2853/2387/2386 3011/2388/2387
f 3011/2388/2387 2853/2387/2386 2852/2389/2388
f 3011/2388/2387 2852/2389/2388 3010/2390/2389
f 3010/2390/2389 2852/2389/2388 2851/2391/2390
f 3010/2390/2389 2851/2391/2390 3009/2392/2391
f 3009/2392/2391 2851/2391/2390 2850/2393/2392
f 3009/2392/2391 2850/2393/2392 3008/2394/2393
f 3008/2394/2393 2850/2393/2392 2849/2395/2394
f 3008/2394/2393 2849/2395/2394 3007/2396/2395
f 3007/2396/2395 2849/2395/2394 2848/2397/2396
f 3007/2396/2395 2848/2397/2396 3006/2398/2397
f 3006/2398/2397 2848/2397/2396 2847/2399/2398
f 3006/2398/2397 2847/2399/2398 3005/2400/2399
f 3005/2400/2399 2847/2399/2398 2846/2401/2400
f 3005/2400/2399 2846/2401/2400 3004/2402/2401
f 3004/2402/2401 2846/2401/2400 2845/2403/2402
f 3004/2402/2401 2845/2403/2402 3003/2404/2403
f 3003/2404/2403 2845/2403/2402 2844/2405/2404
f 3003/2404/2403 2844/2405/2404 3002/2406/2405
f 3002/2406/2405 2844/2405/2404 2843/2407/2406
f 3002/2406/2405 2843/2407/2406 3001/2408/2407
f 3001/2408/2407 2843/2407/2406 2842/2409/2408
f 3001/2408/2407 2842/2409/2408 3000/2410/2409
f 3000/2410/2409 2842/2409/2408 2841/2411/2410
f 3000/2410/2409 2841/2411/2410 2999/2412/2411
f 2999/2412/2411 2841/2411/2410 2840/2413/2412
f 2999/2412/2411 2840/2413/2412 2998/2414/2413
f 2998/2414/2413 2840/2413/2412 2839/2415/2414
f 2998/2414/2413 2839/2415/2414 2997/2416/2415
f 2997/2416/2415 2839/2415/2414 2838/2417/2416
f 2997/2416/2415 2838/2417/2416 2996/2418/2417
f 2996/2418/2417 2838/2417/2416 2837/2419/2418
f 2996/2418/2417 2837/2419/2418 2995/2420/2419
f 2995/2420/2419 2837/2419/2418 2836/2421/2420
f 2995/2420/2419 2836/2421/2420 2994/2422/2421
f 2994/2422/2421 2836/2421/2420 2835/2423/2422
f 2994/2422/2421 2835/2423/2422 2993/2424/2423
f 2993/2424/2423 2835/2423/2422 2834/2425/2424
f 2993/2424/2423 2834/2425/2424 2992/2426/2425
f 2992/2426/2425 2834/2425/2424 2833/2427/2426
f 2992/2426/2425 2833/2427/2426 2991/2428/2427
f 2991/2428/2427 2833/2427/2426 2832/2429/2428
f 2991/2428/2427 2832/2429/2428 2990/2430/2429
f 2990/2430/2429 2832/2429/2428 2831/2431/2430
f 2990/2430/2429 2831/2431/2430 2989/2432/2431
f 2989/2432/2431 2831/2431/2430 2830/2433/2432
f 2989/2432/2431 2830/2433/2432 2988/2434/2433
f 2988/2434/2433 2830/2433/2432 2829/2435/2434
f 2988/2434/2433 2829/2435/2434 2987/2436/2435
f 2987/2436/2435 2829/2435/2434 2828/2437/2436
f 2987/2436/2435 2828/2437/2436 2986/2438/2437
f 2986/2438/2437 2828/2437/2436 2827/2439/2438
f 2986/2438/2437 2827/2439/2438 2985/2440/2439
f 2985/2440/2439 2827/2439/2438 2826/2441/2440
f 2985/2440/2439 2826/2441/2440 2984/2442/2441
f 2984/2442/2441 2826/2441/2440 2825/2443/2442
f 2984/2442/2441 2825/2443/2442 2983/2444/2443
f 2983/2444/2443 2825/2443/2442 2824/2445/2444
f 2983/2444/2443 2824/2445/2444 2982/2446/2445
f 2982/2446/2445 2824/2445/2444 2823/2447/2446
f 2982/2446/2445 2823/2447/2446 2981/2448/2447
f 2981/2448/2447 2823/2447/2446 2822/2449/2448
f 2981/2448/2447 2822/2449/2448 2980/2450/2449
f 2980/2450/2449 2822/2449/2448 2821/2451/2450
f 2980/2450/2449 2821/2451/2450 2979/2452/2451
f 2979/2452/2451 2821/2451/2450 2820/2453/2452
f 2979/2452/2451 2820/2453/2452 2978/2454/2453
f 2978/2454/2453 2820/2453/2452 2819/2455/2454
f 2978/2454/2453 2819/2455/2454 2977/2456/2455
f 2977/2456/2455 2819/2455/2454 2818/2457/2456
f 2977/2456/2455 2818/2457/2456 2976/2458/2457
f 2976/2458/2457 2818/2457/2456 2817/2459/2458
f 2976/2458/2457 2817/2459/2458 2975/2460/2459
f 2975/2460/2459 2817/2459/2458 2816/2461/2460
f 2975/2460/2459 2816/2461/2460 2974/2462/2461
f 2974/2462/2461 2816/2461/2460 2815/2463/2462
f 2974/2462/2461 2815/2463/2462 2973/2464/2463
f 2973/2464/2463 2815/2463/2462 2814/2465/2464
f 2973/2464/2463 2814/2465/2464 2972/2466/2465
f 2972/2466/2465 2814/2465/2464 2813/2467/2466
f 2972/2466/2465 2813/2467/2466 2971/2468/2467
f 2971/2468/2467 2813/2467/2466 2812/2469/2468
f 2971/2468/2467 2812/2469/2468 2970/2470/2469
f 2970/2470/2469 2812/2469/2468 2811/2471/2470
f 2970/2470/2469 2811/2471/2470 2969/2472/2471
f 2969/2472/2471 2811/2471/2470 2810/2473/2472
f 2969/2472/2471 2810/2473/2472 2968/2474/2473
f 2968/2474/2473 2810/2473/2472 2809/2475/2474
f 2968/2474/2473 2809/2475/2474 2967/2476/2475
f 2967/2476/2475 2809/2475/2474 2808/2477/2476
f 2967/2476/2475 2808/2477/2476 2966/2478/2477
f 2966/2478/2477 2808/2477/2476 2807/2479/2478
f 2966/2478/2477 2807/2479/2478 2965/2480/2479
f 2965/2480/2479 2807/2479/2478 2806/2481/2480
f 2965/2480/2479 2806/2481/2480 2964/2482/2481
f 2964/2482/2481 2806/2481/2480 2805/2483/2482
f 2964/2482/2481 2805/2483/2482 2963/2484/2483
f 2963/2484/2483 2805/2483/2482 2804/2485/2484
f 2963/2484/2483 2804/2485/2484 2962/2486/2485
f 2962/2486/2485 2804/2485/2484 2803/2487/2486
f 2962/2486/2485 2803/2487/2486 2961/2488/2487
f 2961/2488/2487 2803/2487/2486 2802/2489/2488
f 2961/2488/2487 2802/2489/2488 2960/2490/2489
f 2960/2490/2489 2802/2489/2488 2801/2491/2490
f 2960/2490/2489 2801/2491/2490 2959/2492/2491
f 2959/2492/2491 2801/2491/2490 2800/2493/2492
f 2959/2492/2491 2800/2493/2492 2958/2494/2493
f 2958/2494/2493 2800/2493/2492 2799/2495/2494
f 2958/2494/2493 2799/2495/2494 2957/2496/2495
f 2957/2496/2495 2799/2495/2494 2798/2497/2496
f 2957/2496/2495 2798/2497/2496 2956/2498/2497
f 2956/2498/2497 2798/2497/2496 2797/2499/2498
f 2956/2498/2497 2797/2499/2498 2955/2500/2499
f 2955/2500/2499 2797/2499/2498 2796/2501/2500
f 2955/2500/2499 2796/2501/2500 2954/2502/2501
f 2954/2502/2501 2796/2501/2500 2795/2503/2502
f 2954/2502/2501 2795/2503/2502 2953/2504/2503
f 2953/2504/2503 2795/2503/2502 2794/2505/2504
f 2953/2504/2503 2794/2505/2504 2952/2506/2505
f 2952/2506/2505 2794/2505/2504 2793/2507/2506
f 2952/2506/2505 2793/2507/2506 2951/2508/2507
f 2951/2508/2507 2793/2507/2506 2792/2509/2508
f 2951/2508/2507 2792/2509/2508 2950/2510/2509
f 2950/2510/2509 2792/2509/2508 2791/2511/2510
f 2950/2510/2509 2791/2511/2510 2949/2512/2511
f 2949/2512/2511 2791/2511/2510 2790/2513/2512
f 2949/2512/2511 2790/2513/2512 2948/2514/2513
f 2948/2514/2513 2790/2513/2512 2789/2515/2514
f 2948/2514/2513 2789/2515/2514 2947/2516/2515
f 2947/2516/2515 2789/2515/2514 2788/2517/2516
f 2947/2516/2515 2788/2517/2516 2946/2518/2517
f 2946/2518/2517 2788/2517/2516 2787/2519/2518
f 2946/2518/2517 2787/2519/2518 2945/2520/2519
f 2945/2520/2519 2787/2519/2518 2786/2521/2520
f 2945/2520/2519 2786/2521/2520 2944/2522/2521
f 2944/2522/2521 2786/2521/2520 2785/2523/2522
f 2944/2522/2521 2785/2523/2522 2943/2524/2523
f 2943/2524/2523 2785/2523/2522 2784/2525/2524
f 2943/2524/2523 2784/2525/2524 2942/2526/2525
f 2942/2526/2525 2784/2525/2524 2783/2527/2526
f 2942/2526/2525 2783/2527/2526 2941/2528/2527
f 2941/2528/2527 2783/2527/2526 2782/2529/2528
f 2941/2528/2527 2782/2529/2528 2940/2530/2529
f 2940/2530/2529 2782/2529/2528 2781/2531/2530
f 2940/2530/2529 2781/2531/2530 2939/2532/2531
f 2939/2532/2531 2781/2531/2530 2780/2533/2532
f 2939/2532/2531 2780/2533/2532 2938/2534/2533
f 2938/2534/2533 2780/2533/2532 2779/2535/2534
f 2938/2534/2533 2779/2535/2534 2937/2536/2535
f 2937/2536/2535 2779/2535/2534 53/2537/2536
f 2937/2536/2535 53/2537/2536 1/2538/2537
f 9/2539/2538 2367/2540/2539 10/2363/2362
f 10/2363/2362 2367/2540/2539 2368/2541/2540
f 10/2363/2362 2368/2541/2540 2369/2542/2541
f 2369/2542/2541 2368/2541/2540 2448/2543/2542
f 2369/2542/2541 2448/2543/2542 2449/2544/2543
f 2449/2544/2543 2448/2543/2542 2528/2545/2544
f 2449/2544/2543 2528/2545/2544 2529/2546/2545
f 2529/2546/2545 2528/2545/2544 2608/2547/2546
f 2529/2546/2545 2608/2547/2546 2609/2548/2547
f 2609/2548/2547 2608/2547/2546 2688/2549/2548
f 2609/2548/2547 2688/2549/2548 2689/2550/2549
f 2689/2550/2549 2688/2549/2548 2768/2551/2550
f 2689/2550/2549 2768/2551/2550 2769/2552/2551
f 2769/2552/2551 2768/2551/2550 2848/2397/2396
f 2769/2552/2551 2848/2397/2396 2849/2395/2394
f 8/2553/2552 2355/2554/2553 9/2539/2538
f 9/2539/2538 2355/2554/2553 2356/2555/2554
f 9/2539/2538 2356/2555/2554 2357/2556/2555
f 2357/2556/2555 2356/2555/2554 2436/2557/2556
f 2357/2556/2555 2436/2557/2556 2437/2558/2557
f 2437/2558/2557 2436/2557/2556 2516/2559/2558
f 2437/2558/2557 2516/2559/2558 2517/2560/2559
f 2517/2560/2559 2516/2559/2558 2596/2561/2560
f 2517/2560/2559 2596/2561/2560 2597/2562/2561
f 2597/2562/2561 2596/2561/2560 2676/2563/2562
f 2597/2562/2561 2676/2563/2562 2677/2564/2563
f 2677/2564/2563 2676/2563/2562 2756/2565/2564
f 2677/2564/2563 2756/2565/2564 2757/2566/2565
f 2757/2566/2565 2756/2565/2564 2836/2421/2420
f 2757/2566/2565 2836/2421/2420 2837/2419/2418
f 7/2567/2566 2344/2568/2567 8/2553/2552
f 8/2553/2552 2344/2568/2567 2345/2569/2568
f 8/2553/2552 2345/2569/2568 2346/2570/2569
f 2346/2570/2569 2345/2569/2568 2425/2571/2570
f 2346/2570/2569 2425/2571/2570 2426/2572/2571
f 2426/2572/2571 2425/2571/2570 2505/2573/2572
f 2426/2572/2571 2505/2573/2572 2506/2574/2573
f 2506/2574/2573 2505/2573/2572 2585/2575/2574
f 2506/2574/2573 2585/2575/2574 2586/2576/2575
f 2586/2576/2575 2585/2575/2574 2665/2577/2576
f 2586/2576/2575 2665/2577/2576 2666/2578/2577
f 2666/2578/2577 2665/2577/2576 2745/2579/2578
f 2666/2578/2577 2745/2579/2578 2746/2580/2579
f 2746/2580/2579 2745/2579/2578 2825/2443/2442
f 2746/2580/2579 2825/2443/2442 2826/2441/2440
f 6/2581/2580 2333/2582/2581 7/2567/2566
f 7/2567/2566 2333/2582/2581 2334/2583/2582
f 7/2567/2566 2334/2583/2582 2335/2584/2583
f 2335/2584/2583 2334/2583/2582 2414/2585/2584
f 2335/2584/2583 2414/2585/2584 2415/2586/2585
f 2415/2586/2585 2414/2585/2584 2494/2587/2586
f 2415/2586/2585 2494/2587/2586 2495/2588/2587
f 2495/2588/2587 2494/2587/2586 2574/2589/2588
f 2495/2588/2587 2574/2589/2588 2575/2590/2589
f 2575/2590/2589 2574/2589/2588 2654/2591/2590
f 2575/2590/2589 2654/2591/2590 2655/2592/2591
f 2655/2592/2591 2654/2591/2590 2734/2593/2592
f 2655/2592/2591 2734/2593/2592 2735/2594/2593
f 2735/2594/2593 2734/2593/2592 2814/2465/2464
f 2735/2594/2593 2814/2465/2464 2815/2463/2462
f 5/2595/2594 2321/2596/2595 6/2581/2580
f 6/2581/2580 2321/2596/2595 2322/2597/2596
f 6/2581/2580 2322/2597/2596 2323/2598/2597
f 2323/2598/2597 2322/2597/2596 2402/2599/2598
f 2323/2598/2597 2402/2599/2598 2403/2600/2599
f 2403/2600/2599 2402/2599/2598 2482/2601/2600
f 2403/2600/2599 2482/2601/2600 2483/2602/2601
f 2483/2602/2601 2482/2601/2600 2562/2603/2602
f 2483/2602/2601 2562/2603/2602 2563/2604/2603
f 2563/2604/2603 2562/2603/2602 2642/2605/2604
f 2563/2604/2603 2642/2605/2604 2643/2606/2605
f 2643/2606/2605 2642/2605/2604 2722/2607/2606
f 2643/2606/2605 2722/2607/2606 2723/2608/2607
f 2723/2608/2607 2722/2607/2606 2802/2489/2488
f 2723/2608/2607 2802/2489/2488 2803/2487/2486
f 4/2609/2608 2310/2610/2609 5/2595/2594
f 5/2595/2594 2310/2610/2609 2311/2611/2610
f 5/2595/2594 2311/2611/2610 2312/2612/2611
f 2312/2612/2611 2311/2611/2610 2391/2613/2612
f 2312/2612/2611 2391/2613/2612 2392/2614/2613
f 2392/2614/2613 2391/2613/2612 2471/2615/2614
f 2392/2614/2613 2471/2615/2614 2472/2616/2615
f 2472/2616/2615 2471/2615/2614 2551/2617/2616
f 2472/2616/2615 2551/2617/2616 2552/2618/2617
f 2552/2618/2617 2551/2617/2616 2631/2619/2618
f 2552/2618/2617 2631/2619/2618 2632/2620/2619
f 2632/2620/2619 2631/2619/2618 2711/2621/2620
f 2632/2620/2619 2711/2621/2620 2712/2622/2621
f 2712/2622/2621 2711/2621/2620 2791/2511/2510
f 2712/2622/2621 2791/2511/2510 2792/2509/2508
f 58/2623/2622 2305/2624/2623 4/2609/2608
f 4/2609/2608 2305/2624/2623 2306/2625/2624
f 4/2609/2608 2306/2625/2624 2307/2626/2625
f 2307/2626/2625 2306/2625/2624 2386/2627/2626
f 2307/2626/2625 2386/2627/2626 2387/2628/2627
f 2387/2628/2627 2386/2627/2626 2466/2629/2628
f 2387/2628/2627 2466/2629/2628 2467/2630/2629
f 2467/2630/2629 2466/2629/2628 2546/2631/2630
f 2467/2630/2629 2546/2631/2630 2547/2632/2631
f 2547/2632/2631 2546/2631/2630 2626/2633/2632
f 2547/2632/2631 2626/2633/2632 2627/2634/2633
f 2627/2634/2633 2626/2633/2632 2706/2635/2634
f 2627/2634/2633 2706/2635/2634 2707/2636/2635
f 2707/2636/2635 2706/2635/2634 2786/2521/2520
f 2707/2636/2635 2786/2521/2520 2787/2519/2518
f 2305/2624/2623 58/2623/2622 2384/2637/2636
f 2384/2637/2636 58/2623/2622 57/2638/2637
f 2384/2637/2636 57/2638/2637 2463/2639/2638
f 2463/2639/2638 57/2638/2637 56/2640/2639
f 2463/2639/2638 56/2640/2639 2542/2641/2640
f 2542/2641/2640 56/2640/2639 55/2642/2641
f 2542/2641/2640 55/2642/2641 2621/2643/2642
f 2621/2643/2642 55/2642/2641 54/2644/2643
f 2621/2643/2642 54/2644/2643 2700/2645/2644
f 2700/2645/2644 54/2644/2643 53/2537/2536
f 2700/2645/2644 53/2537/2536 2779/2535/2534
f 3/2646/2645 2897/2647/2646 1/2538/2537
f 1/2538/2537 2897/2647/2646 2898/2648/2647
f 1/2538/2537 2898/2648/2647 2899/2649/2648
f 2899/2649/2648 2898/2648/2647 3366/2650/2649
f 2899/2649/2648 3366/2650/2649 3365/2651/2650
f 3365/2651/2650 3366/2650/2649 3287/2652/2651
f 3365/2651/2650 3287/2652/2651 3286/2653/2652
f 3286/2653/2652 3287/2652/2651 3208/2654/2653
f 3286/2653/2652 3208/2654/2653 3207/2655/2654
f 3207/2655/2654 3208/2654/2653 3128/2656/2655
f 3207/2655/2654 3128/2656/2655 3127/2657/2656
f 3127/2657/2656 3128/2656/2655 3048/2658/2657
f 3127/2657/2656 3048/2658/2657 3047/2659/2658
f 3047/2659/2658 3048/2658/2657 2969/2472/2471
f 3047/2659/2658 2969/2472/2471 2968/2474/2473
f 88/2378/2377 2302/2660/2659 3/2646/2645
f 3/2646/2645 2302/2660/2659 3329/2661/2660
f 3/2646/2645 3329/2661/2660 3172/2662/2661
f 3172/2662/2661 3329/2661/2660 3328/2663/2662
f 3172/2662/2661 3328/2663/2662 3406/2664/2663
f 3406/2664/2663 3328/2663/2662 3327/2665/2664
f 3406/2664/2663 3327/2665/2664 3405/2666/2665
f 3405/2666/2665 3327/2665/2664 3326/2667/2666
f 3405/2666/2665 3326/2667/2666 3404/2668/2667
f 3404/2668/2667 3326/2667/2666 3325/2669/2668
f 3404/2668/2667 3325/2669/2668 3403/2670/2669
f 3403/2670/2669 3325/2669/2668 3324/2671/2670
f 3403/2670/2669 3324/2671/2670 3402/2672/2671
f 3402/2672/2671 3324/2671/2670 3323/2673/2672
f 3402/2672/2671 3323/2673/2672 3401/2674/2673
f 3401/2674/2673 3323/2673/2672 3322/2675/2674
f 3401/2674/2673 3322/2675/2674 3400/2676/2675
f 3400/2676/2675 3322/2675/2674 3321/2677/2676
f 3400/2676/2675 3321/2677/2676 3399/2678/2677
f 3399/2678/2677 3321/2677/2676 3320/2679/2678
f 3399/2678/2677 3320/2679/2678 3398/2680/2679
f 3398/2680/2679 3320/2679/2678 3319/2681/2680
f 3398/2680/2679 3319/2681/2680 3397/2682/2681
f 3397/2682/2681 3319/2681/2680 3318/2683/2682
f 3397/2682/2681 3318/2683/2682 3396/2684/2683
f 3396/2684/2683 3318/2683/2682 3317/2685/2684
f 3396/2684/2683 3317/2685/2684 3395/2686/2685
f 3395/2686/2685 3317/2685/2684 3316/2687/2686
f 3395/2686/2685 3316/2687/2686 3394/2688/2687
f 3394/2688/2687 3316/2687/2686 3315/2689/2688
f 3394/2688/2687 3315/2689/2688 3393/2690/2689
f 3393/2690/2689 3315/2689/2688 3314/2691/2690
f 3393/2690/2689 3314/2691/2690 3392/2692/2691
f 3392/2692/2691 3314/2691/2690 3313/2693/2692
f 3392/2692/2691 3313/2693/2692 3391/2694/2693
f 3391/2694/2693 3313/2693/2692 3312/2695/2694
f 3391/2694/2693 3312/2695/2694 3390/2696/2695
f 3390/2696/2695 3312/2695/2694 3311/2697/2696
f 3390/2696/2695 3311/2697/2696 3389/2698/2697
f 3389/2698/2697 3311/2697/2696 3310/2699/2698
f 3389/2698/2697 3310/2699/2698 3388/2700/2699
f 3388/2700/2699 3310/2699/2698 3309/2701/2700
f 3388/2700/2699 3309/2701/2700 3387/2702/2701
f 3387/2702/2701 3309/2701/2700 3308/2703/2702
f 3387/2702/2701 3308/2703/2702 3386/2704/2703
f 3386/2704/2703 3308/2703/2702 3307/2705/2704
f 3386/2704/2703 3307/2705/2704 3385/2706/2705
f 3385/2706/2705 3307/2705/2704 3306/2707/2706
f 3385/2706/2705 3306/2707/2706 3384/2708/2707
f 3384/2708/2707 3306/2707/2706 3305/2709/2708
f 3384/2708/2707 3305/2709/2708 3383/2710/2709
f 3383/2710/2709 3305/2709/2708 3304/2711/2710
f 3383/2710/2709 3304/2711/2710 3382/2712/2711
f 3382/2712/2711 3304/2711/2710 3303/2713/2712
f 3382/2712/2711 3303/2713/2712 3381/2714/2713
f 3381/2714/2713 3303/2713/2712 3302/2715/2714
f 3381/2714/2713 3302/2715/2714 3380/2716/2715
f 3380/2716/2715 3302/2715/2714 3301/2717/2716
f 3380/2716/2715 3301/2717/2716 3379/2718/2717
f 3379/2718/2717 3301/2717/2716 3300/2719/2718
f 3379/2718/2717 3300/2719/2718 3378/2720/2719
f 3378/2720/2719 3300/2719/2718 3299/2721/2720
f 3378/2720/2719 3299/2721/2720 3377/2722/2721
f 3377/2722/2721 3299/2721/2720 3298/2723/2722
f 3377/2722/2721 3298/2723/2722 3376/2724/2723
f 3376/2724/2723 3298/2723/2722 3297/2725/2724
f 3376/2724/2723 3297/2725/2724 3375/2726/2725
f 3375/2726/2725 3297/2725/2724 3296/2727/2726
f 3375/2726/2725 3296/2727/2726 3374/2728/2727
f 3374/2728/2727 3296/2727/2726 3295/2729/2728
f 3374/2728/2727 3295/2729/2728 3373/2730/2729
f 3373/2730/2729 3295/2729/2728 3294/2731/2730
f 3373/2730/2729 3294/2731/2730 3372/2732/2731
f 3372/2732/2731 3294/2731/2730 3293/2733/2732
f 3372/2732/2731 3293/2733/2732 3371/2734/2733
f 3371/2734/2733 3293/2733/2732 3292/2735/2734
f 3371/2734/2733 3292/2735/2734 3370/2736/2735
f 3370/2736/2735 3292/2735/2734 3291/2737/2736
f 3370/2736/2735 3291/2737/2736 3369/2738/2737
f 3369/2738/2737 3291/2737/2736 3290/2739/2738
f 3369/2738/2737 3290/2739/2738 3368/2740/2739
f 3368/2740/2739 3290/2739/2738 3289/2741/2740
f 3368/2740/2739 3289/2741/2740 3367/2742/2741
f 3367/2742/2741 3289/2741/2740 3288/2743/2742
f 3367/2742/2741 3288/2743/2742 3366/2650/2649
f 3366/2650/2649 3288/2743/2742 3287/2652/2651
f 86/2375/2374 85/2744/2743 2620/2373/2372
f 2620/2373/2372 85/2744/2743 2541/2745/2744
f 2620/2373/2372 2541/2745/2744 2540/2371/2370
f 2540/2371/2370 2541/2745/2744 2461/2746/2745
f 2540/2371/2370 2461/2746/2745 2460/2369/2368
f 2460/2369/2368 2461/2746/2745 2381/2747/2746
f 2460/2369/2368 2381/2747/2746 2380/2367/2366
f 2380/2367/2366 2381/2747/2746 11/2365/2364
f 85/2744/2743 84/2748/2747 2541/2745/2744
f 2541/2745/2744 84/2748/2747 2462/2749/2748
f 2541/2745/2744 2462/2749/2748 2461/2746/2745
f 2461/2746/2745 2462/2749/2748 2382/2750/2749
f 2461/2746/2745 2382/2750/2749 2381/2747/2746
f 2381/2747/2746 2382/2750/2749 11/2365/2364
f 84/2748/2747 83/2751/2750 2462/2749/2748
f 2462/2749/2748 83/2751/2750 2383/2752/2751
f 2462/2749/2748 2383/2752/2751 2382/2750/2749
f 2382/2750/2749 2383/2752/2751 11/2365/2364
f 83/2751/2750 11/2365/2364 2383/2752/2751
f 88/2378/2377 3015/2753/2752 2302/2660/2659
f 2302/2660/2659 3015/2753/2752 3171/2754/2753
f 2302/2660/2659 3171/2754/2753 3250/2755/2754
f 3250/2755/2754 3171/2754/2753 3170/2756/2755
f 3250/2755/2754 3170/2756/2755 3249/2757/2756
f 3249/2757/2756 3170/2756/2755 3169/2758/2757
f 3249/2757/2756 3169/2758/2757 3248/2759/2758
f 3248/2759/2758 3169/2758/2757 3168/2760/2759
f 3248/2759/2758 3168/2760/2759 3247/2761/2760
f 3247/2761/2760 3168/2760/2759 3167/2762/2761
f 3247/2761/2760 3167/2762/2761 3246/2763/2762
f 3246/2763/2762 3167/2762/2761 3166/2764/2763
f 3246/2763/2762 3166/2764/2763 3245/2765/2764
f 3245/2765/2764 3166/2764/2763 3165/2766/2765
f 3245/2765/2764 3165/2766/2765 3244/2767/2766
f 3244/2767/2766 3165/2766/2765 3164/2768/2767
f 3244/2767/2766 3164/2768/2767 3243/2769/2768
f 3243/2769/2768 3164/2768/2767 3163/2770/2769
f 3243/2769/2768 3163/2770/2769 3242/2771/2770
f 3242/2771/2770 3163/2770/2769 3162/2772/2771
f 3242/2771/2770 3162/2772/2771 3241/2773/2772
f 3241/2773/2772 3162/2772/2771 3161/2774/2773
f 3241/2773/2772 3161/2774/2773 3240/2775/2774
f 3240/2775/2774 3161/2774/2773 3160/2776/2775
f 3240/2775/2774 3160/2776/2775 3239/2777/2776
f 3239/2777/2776 3160/2776/2775 3159/2778/2777
f 3239/2777/2776 3159/2778/2777 3238/2779/2778
f 3238/2779/2778 3159/2778/2777 3158/2780/2779
f 3238/2779/2778 3158/2780/2779 3237/2781/2780
f 3237/2781/2780 3158/2780/2779 3157/2782/2781
f 3237/2781/2780 3157/2782/2781 3236/2783/2782
f 3236/2783/2782 3157/2782/2781 3156/2784/2783
f 3236/2783/2782 3156/2784/2783 3235/2785/2784
f 3235/2785/2784 3156/2784/2783 3155/2786/2785
f 3235/2785/2784 3155/2786/2785 3234/2787/2786
f 3234/2787/2786 3155/2786/2785 3154/2788/2787
f 3234/2787/2786 3154/2788/2787 3233/2789/2788
f 3233/2789/2788 3154/2788/2787 3153/2790/2789
f 3233/2789/2788 3153/2790/2789 3232/2791/2790
f 3232/2791/2790 3153/2790/2789 3152/2792/2791
f 3232/2791/2790 3152/2792/2791 3231/2793/2792
f 3231/2793/2792 3152/2792/2791 3151/2794/2793
f 3231/2793/2792 3151/2794/2793 3230/2795/2794
f 3230/2795/2794 3151/2794/2793 3150/2796/2795
f 3230/2795/2794 3150/2796/2795 3229/2797/2796
f 3229/2797/2796 3150/2796/2795 3149/2798/2797
f 3229/2797/2796 3149/2798/2797 3228/2799/2798
f 3228/2799/2798 3149/2798/2797 3148/2800/2799
f 3228/2799/2798 3148/2800/2799 3227/2801/2800
f 3227/2801/2800 3148/2800/2799 3147/2802/2801
f 3227/2801/2800 3147/2802/2801 3226/2803/2802
f 3226/2803/2802 3147/2802/2801 3146/2804/2803
f 3226/2803/2802 3146/2804/2803 3225/2805/2804
f 3225/2805/2804 3146/2804/2803 3145/2806/2805
f 3225/2805/2804 3145/2806/2805 3224/2807/2806
f 3224/2807/2806 3145/2806/2805 3144/2808/2807
f 3224/2807/2806 3144/2808/2807 3223/2809/2808
f 3223/2809/2808 3144/2808/2807 3143/2810/2809
f 3223/2809/2808 3143/2810/2809 3222/2811/2810
f 3222/2811/2810 3143/2810/2809 3142/2812/2811
f 3222/2811/2810 3142/2812/2811 3221/2813/2812
f 3221/2813/2812 3142/2812/2811 3141/2814/2813
f 3221/2813/2812 3141/2814/2813 3220/2815/2814
f 3220/2815/2814 3141/2814/2813 3140/2816/2815
f 3220/2815/2814 3140/2816/2815 3219/2817/2816
f 3219/2817/2816 3140/2816/2815 3139/2818/2817
f 3219/2817/2816 3139/2818/2817 3218/2819/2818
f 3218/2819/2818 3139/2818/2817 3138/2820/2819
f 3218/2819/2818 3138/2820/2819 3217/2821/2820
f 3217/2821/2820 3138/2820/2819 3137/2822/2821
f 3217/2821/2820 3137/2822/2821 3216/2823/2822
f 3216/2823/2822 3137/2822/2821 3136/2824/2823
f 3216/2823/2822 3136/2824/2823 3215/2825/2824
f 3215/2825/2824 3136/2824/2823 3135/2826/2825
f 3215/2825/2824 3135/2826/2825 3214/2827/2826
f 3214/2827/2826 3135/2826/2825 3134/2828/2827
f 3214/2827/2826 3134/2828/2827 3213/2829/2828
f 3213/2829/2828 3134/2828/2827 3133/2830/2829
f 3213/2829/2828 3133/2830/2829 3212/2831/2830
f 3212/2831/2830 3133/2830/2829 3132/2832/2831
f 3212/2831/2830 3132/2832/2831 3211/2833/2832
f 3211/2833/2832 3132/2832/2831 3131/2834/2833
f 3211/2833/2832 3131/2834/2833 3210/2835/2834
f 3210/2835/2834 3131/2834/2833 3130/2836/2835
f 3210/2835/2834 3130/2836/2835 3209/2837/2836
f 3209/2837/2836 3130/2836/2835 3129/2838/2837
f 3209/2837/2836 3129/2838/2837 3208/2654/2653
f 3208/2654/2653 3129/2838/2837 3128/2656/2655
f 3/2646/2645 3172/2662/2661 2858/2839/2838
f 2858/2839/2838 3172/2662/2661 3406/2664/2663
f 2858/2839/2838 3406/2664/2663 2859/2840/2839
f 2859/2840/2839 3406/2664/2663 3405/2666/2665
f 2859/2840/2839 3405/2666/2665 2860/2841/2840
f 2860/2841/2840 3405/2666/2665 3404/2668/2667
f 2860/2841/2840 3404/2668/2667 2861/2842/2841
f 2861/2842/2841 3404/2668/2667 3403/2670/2669
f 2861/2842/2841 3403/2670/2669 2862/2843/2842
f 2862/2843/2842 3403/2670/2669 3402/2672/2671
f 2862/2843/2842 3402/2672/2671 2863/2844/2843
f 2863/2844/2843 3402/2672/2671 3401/2674/2673
f 2863/2844/2843 3401/2674/2673 2864/2845/2844
f 2864/2845/2844 3401/2674/2673 3400/2676/2675
f 2864/2845/2844 3400/2676/2675 2865/2846/2845
f 2865/2846/2845 3400/2676/2675 3399/2678/2677
f 2865/2846/2845 3399/2678/2677 2866/2847/2846
f 2866/2847/2846 3399/2678/2677 3398/2680/2679
f 2866/2847/2846 3398/2680/2679 2867/2848/2847
f 2867/2848/2847 3398/2680/2679 3397/2682/2681
f 2867/2848/2847 3397/2682/2681 2868/2849/2848
f 2868/2849/2848 3397/2682/2681 3396/2684/2683
f 2868/2849/2848 3396/2684/2683 2869/2850/2849
f 2869/2850/2849 3396/2684/2683 3395/2686/2685
f 2869/2850/2849 3395/2686/2685 2870/2851/2850
f 2870/2851/2850 3395/2686/2685 3394/2688/2687
f 2870/2851/2850 3394/2688/2687 2871/2852/2851
f 2871/2852/2851 3394/2688/2687 3393/2690/2689
f 2871/2852/2851 3393/2690/2689 2872/2853/2852
f 2872/2853/2852 3393/2690/2689 3392/2692/2691
f 2872/2853/2852 3392/2692/2691 2873/2854/2853
f 2873/2854/2853 3392/2692/2691 3391/2694/2693
f 2873/2854/2853 3391/2694/2693 2874/2855/2854
f 2874/2855/2854 3391/2694/2693 3390/2696/2695
f 2874/2855/2854 3390/2696/2695 2875/2856/2855
f 2875/2856/2855 3390/2696/2695 3389/2698/2697
f 2875/2856/2855 3389/2698/2697 2876/2857/2856
f 2876/2857/2856 3389/2698/2697 3388/2700/2699
f 2876/2857/2856 3388/2700/2699 2877/2858/2857
f 2877/2858/2857 3388/2700/2699 3387/2702/2701
f 2877/2858/2857 3387/2702/2701 2878/2859/2858
f 2878/2859/2858 3387/2702/2701 3386/2704/2703
f 2878/2859/2858 3386/2704/2703 2879/2860/2859
f 2879/2860/2859 3386/2704/2703 3385/2706/2705
f 2879/2860/2859 3385/2706/2705 2880/2861/2860
f 2880/2861/2860 3385/2706/2705 3384/2708/2707
f 2880/2861/2860 3384/2708/2707 2881/2862/2861
f 2881/2862/2861 3384/2708/2707 3383/2710/2709
f 2881/2862/2861 3383/2710/2709 2882/2863/2862
f 2882/2863/2862 3383/2710/2709 3382/2712/2711
f 2882/2863/2862 3382/2712/2711 2883/2864/2863
f 2883/2864/2863 3382/2712/2711 3381/2714/2713
f 2883/2864/2863 3381/2714/2713 2884/2865/2864
f 2884/2865/2864 3381/2714/2713 3380/2716/2715
f 2884/2865/2864 3380/2716/2715 2885/2866/2865
f 2885/2866/2865 3380/2716/2715 3379/2718/2717
f 2885/2866/2865 3379/2718/2717 2886/2867/2866
f 2886/2867/2866 3379/2718/2717 3378/2720/2719
f 2886/2867/2866 3378/2720/2719 2887/2868/2867
f 2887/2868/2867 3378/2720/2719 3377/2722/2721
f 2887/2868/2867 3377/2722/2721 2888/2869/2868
f 2888/2869/2868 3377/2722/2721 3376/2724/2723
f 2888/2869/2868 3376/2724/2723 2889/2870/2869
f 2889/2870/2869 3376/2724/2723 3375/2726/2725
f 2889/2870/2869 3375/2726/2725 2890/2871/2870
f 2890/2871/2870 3375/2726/2725 3374/2728/2727
f 2890/2871/2870 3374/2728/2727 2891/2872/2871
f 2891/2872/2871 3374/2728/2727 3373/2730/2729
f 2891/2872/2871 3373/2730/2729 2892/2873/2872
f 2892/2873/2872 3373/2730/2729 3372/2732/2731
f 2892/2873/2872 3372/2732/2731 2893/2874/2873
f 2893/2874/2873 3372/2732/2731 3371/2734/2733
f 2893/2874/2873 3371/2734/2733 2894/2875/2874
f 2894/2875/2874 3371/2734/2733 3370/2736/2735
f 2894/2875/2874 3370/2736/2735 2895/2876/2875
f 2895/2876/2875 3370/2736/2735 3369/2738/2737
f 2895/2876/2875 3369/2738/2737 2896/2877/2876
f 2896/2877/2876 3369/2738/2737 3368/2740/2739
f 2896/2877/2876 3368/2740/2739 2897/2647/2646
f 2897/2647/2646 3368/2740/2739 3367/2742/2741
f 2897/2647/2646 3367/2742/2741 2898/2648/2647
f 2898/2648/2647 3367/2742/2741 3366/2650/2649
f 2303/2878/2877 1/2538/2537 3094/2879/2878
f 3094/2879/2878 1/2538/2537 3173/2880/2879
f 3094/2879/2878 3173/2880/2879 3174/2881/2880
f 3174/2881/2880 3173/2880/2879 3252/2882/2881
f 3174/2881/2880 3252/2882/2881 3253/2883/2882
f 3253/2883/2882 3252/2882/2881 3331/2884/2883
f 3253/2883/2882 3331/2884/2883 3332/2885/2884
f 3332/2885/2884 3331/2884/2883 2933/2886/2885
f 3332/2885/2884 2933/2886/2885 2932/2887/2886
f 2932/2887/2886 2933/2886/2885 1/2538/2537
f 2932/2887/2886 1/2538/2537 2931/2888/2887
f 2931/2888/2887 1/2538/2537 2930/2889/2888
f 2931/2888/2887 2930/2889/2888 3334/2890/2889
f 3334/2890/2889 2930/2889/2888 3335/2891/2890
f 3334/2890/2889 3335/2891/2890 3256/2892/2891
f 3256/2892/2891 3335/2891/2890 3257/2893/2892
f 3256/2892/2891 3257/2893/2892 3178/2894/2893
f 3178/2894/2893 3257/2893/2892 3179/2895/2894
f 3178/2894/2893 3179/2895/2894 3099/2896/2895
f 3099/2896/2895 3179/2895/2894 3100/2897/2896
f 3099/2896/2895 3100/2897/2896 3020/2898/2897
f 3020/2898/2897 3100/2897/2896 3021/2899/2898
f 3020/2898/2897 3021/2899/2898 2942/2526/2525
f 2942/2526/2525 3021/2899/2898 2943/2524/2523
f 2304/2900/2899 1/2538/2537 2936/2901/2900
f 2936/2901/2900 1/2538/2537 2935/2902/2901
f 2936/2901/2900 2935/2902/2901 2304/2900/2899
f 2304/2900/2899 2935/2902/2901 3330/2903/2902
f 2304/2900/2899 3330/2903/2902 3251/2904/2903
f 3251/2904/2903 3330/2903/2902 3252/2882/2881
f 3251/2904/2903 3252/2882/2881 3173/2880/2879
f 2306/2625/2624 2305/2624/2623 2385/2905/2904
f 2385/2905/2904 2305/2624/2623 2384/2637/2636
f 2385/2905/2904 2384/2637/2636 2464/2906/2905
f 2464/2906/2905 2384/2637/2636 2463/2639/2638
f 2464/2906/2905 2463/2639/2638 2543/2907/2906
f 2543/2907/2906 2463/2639/2638 2542/2641/2640
f 2543/2907/2906 2542/2641/2640 2622/2908/2907
f 2622/2908/2907 2542/2641/2640 2621/2643/2642
f 2622/2908/2907 2621/2643/2642 2701/2909/2908
f 2701/2909/2908 2621/2643/2642 2700/2645/2644
f 2701/2909/2908 2700/2645/2644 2780/2533/2532
f 2780/2533/2532 2700/2645/2644 2779/2535/2534
f 2307/2626/2625 2308/2910/2909 4/2609/2608
f 4/2609/2608 2308/2910/2909 2309/2911/2910
f 4/2609/2608 2309/2911/2910 2310/2610/2609
f 2310/2610/2609 2309/2911/2910 2389/2912/2911
f 2310/2610/2609 2389/2912/2911 2390/2913/2912
f 2390/2913/2912 2389/2912/2911 2469/2914/2913
f 2390/2913/2912 2469/2914/2913 2470/2915/2914
f 2470/2915/2914 2469/2914/2913 2549/2916/2915
f 2470/2915/2914 2549/2916/2915 2550/2917/2916
f 2550/2917/2916 2549/2916/2915 2629/2918/2917
f 2550/2917/2916 2629/2918/2917 2630/2919/2918
f 2630/2919/2918 2629/2918/2917 2709/2920/2919
f 2630/2919/2918 2709/2920/2919 2710/2921/2920
f 2710/2921/2920 2709/2920/2919 2789/2515/2514
f 2710/2921/2920 2789/2515/2514 2790/2513/2512
f 2307/2626/2625 2387/2628/2627 2308/2910/2909
f 2308/2910/2909 2387/2628/2627 2388/2922/2921
f 2308/2910/2909 2388/2922/2921 2309/2911/2910
f 2309/2911/2910 2388/2922/2921 2389/2912/2911
f 2391/2613/2612 2311/2611/2610 2390/2913/2912
f 2390/2913/2912 2311/2611/2610 2310/2610/2609
f 2312/2612/2611 2313/2923/2922 5/2595/2594
f 5/2595/2594 2313/2923/2922 2314/2924/2923
f 5/2595/2594 2314/2924/2923 2315/2925/2924
f 2315/2925/2924 2314/2924/2923 2394/2926/2925
f 2315/2925/2924 2394/2926/2925 2395/2927/2926
f 2395/2927/2926 2394/2926/2925 2474/2928/2927
f 2395/2927/2926 2474/2928/2927 2475/2929/2928
f 2475/2929/2928 2474/2928/2927 2554/2930/2929
f 2475/2929/2928 2554/2930/2929 2555/2931/2930
f 2555/2931/2930 2554/2930/2929 2634/2932/2931
f 2555/2931/2930 2634/2932/2931 2635/2933/2932
f 2635/2933/2932 2634/2932/2931 2714/2934/2933
f 2635/2933/2932 2714/2934/2933 2715/2935/2934
f 2715/2935/2934 2714/2934/2933 2794/2505/2504
f 2715/2935/2934 2794/2505/2504 2795/2503/2502
f 2312/2612/2611 2392/2614/2613 2313/2923/2922
f 2313/2923/2922 2392/2614/2613 2393/2936/2935
f 2313/2923/2922 2393/2936/2935 2314/2924/2923
f 2314/2924/2923 2393/2936/2935 2394/2926/2925
f 2315/2925/2924 2316/2937/2936 5/2595/2594
f 5/2595/2594 2316/2937/2936 2317/2938/2937
f 5/2595/2594 2317/2938/2937 2318/2939/2938
f 2318/2939/2938 2317/2938/2937 2397/2940/2939
f 2318/2939/2938 2397/2940/2939 2398/2941/2940
f 2398/2941/2940 2397/2940/2939 2477/2942/2941
f 2398/2941/2940 2477/2942/2941 2478/2943/2942
f 2478/2943/2942 2477/2942/2941 2557/2944/2943
f 2478/2943/2942 2557/2944/2943 2558/2945/2944
f 2558/2945/2944 2557/2944/2943 2637/2946/2945
f 2558/2945/2944 2637/2946/2945 2638/2947/2946
f 2638/2947/2946 2637/2946/2945 2717/2948/2947
f 2638/2947/2946 2717/2948/2947 2718/2949/2948
f 2718/2949/2948 2717/2948/2947 2797/2499/2498
f 2718/2949/2948 2797/2499/2498 2798/2497/2496
f 2315/2925/2924 2395/2927/2926 2316/2937/2936
f 2316/2937/2936 2395/2927/2926 2396/2950/2949
f 2316/2937/2936 2396/2950/2949 2317/2938/2937
f 2317/2938/2937 2396/2950/2949 2397/2940/2939
f 2318/2939/2938 2319/2951/2950 5/2595/2594
f 5/2595/2594 2319/2951/2950 2320/2952/2951
f 5/2595/2594 2320/2952/2951 2321/2596/2595
f 2321/2596/2595 2320/2952/2951 2400/2953/2952
f 2321/2596/2595 2400/2953/2952 2401/2954/2953
f 2401/2954/2953 2400/2953/2952 2480/2955/2954
f 2401/2954/2953 2480/2955/2954 2481/2956/2955
f 2481/2956/2955 2480/2955/2954 2560/2957/2956
f 2481/2956/2955 2560/2957/2956 2561/2958/2957
f 2561/2958/2957 2560/2957/2956 2640/2959/2958
f 2561/2958/2957 2640/2959/2958 2641/2960/2959
f 2641/2960/2959 2640/2959/2958 2720/2961/2960
f 2641/2960/2959 2720/2961/2960 2721/2962/2961
f 2721/2962/2961 2720/2961/2960 2800/2493/2492
f 2721/2962/2961 2800/2493/2492 2801/2491/2490
f 2318/2939/2938 2398/2941/2940 2319/2951/2950
f 2319/2951/2950 2398/2941/2940 2399/2963/2962
f 2319/2951/2950 2399/2963/2962 2320/2952/2951
f 2320/2952/2951 2399/2963/2962 2400/2953/2952
f 2402/2599/2598 2322/2597/2596 2401/2954/2953
f 2401/2954/2953 2322/2597/2596 2321/2596/2595
f 2323/2598/2597 2324/2964/2963 6/2581/2580
f 6/2581/2580 2324/2964/2963 2325/2965/2964
f 6/2581/2580 2325/2965/2964 2326/2966/2965
f 2326/2966/2965 2325/2965/2964 2405/2967/2966
f 2326/2966/2965 2405/2967/2966 2406/2968/2967
f 2406/2968/2967 2405/2967/2966 2485/2969/2968
f 2406/2968/2967 2485/2969/2968 2486/2970/2969
f 2486/2970/2969 2485/2969/2968 2565/2971/2970
f 2486/2970/2969 2565/2971/2970 2566/2972/2971
f 2566/2972/2971 2565/2971/2970 2645/2973/2972
f 2566/2972/2971 2645/2973/2972 2646/2974/2973
f 2646/2974/2973 2645/2973/2972 2725/2975/2974
f 2646/2974/2973 2725/2975/2974 2726/2976/2975
f 2726/2976/2975 2725/2975/2974 2805/2483/2482
f 2726/2976/2975 2805/2483/2482 2806/2481/2480
f 2323/2598/2597 2403/2600/2599 2324/2964/2963
f 2324/2964/2963 2403/2600/2599 2404/2977/2976
f 2324/2964/2963 2404/2977/2976 2325/2965/2964
f 2325/2965/2964 2404/2977/2976 2405/2967/2966
f 2326/2966/2965 2327/2978/2977 6/2581/2580
f 6/2581/2580 2327/2978/2977 2328/2979/2978
f 6/2581/2580 2328/2979/2978 2329/2980/2979
f 2329/2980/2979 2328/2979/2978 2408/2981/2980
f 2329/2980/2979 2408/2981/2980 2409/2982/2981
f 2409/2982/2981 2408/2981/2980 2488/2983/2982
f 2409/2982/2981 2488/2983/2982 2489/2984/2983
f 2489/2984/2983 2488/2983/2982 2568/2985/2984
f 2489/2984/2983 2568/2985/2984 2569/2986/2985
f 2569/2986/2985 2568/2985/2984 2648/2987/2986
f 2569/2986/2985 2648/2987/2986 2649/2988/2987
f 2649/2988/2987 2648/2987/2986 2728/2989/2988
f 2649/2988/2987 2728/2989/2988 2729/2990/2989
f 2729/2990/2989 2728/2989/2988 2808/2477/2476
f 2729/2990/2989 2808/2477/2476 2809/2475/2474
f 2326/2966/2965 2406/2968/2967 2327/2978/2977
f 2327/2978/2977 2406/2968/2967 2407/2991/2990
f 2327/2978/2977 2407/2991/2990 2328/2979/2978
f 2328/2979/2978 2407/2991/2990 2408/2981/2980
f 2329/2980/2979 2330/2992/2991 6/2581/2580
f 6/2581/2580 2330/2992/2991 2331/2993/2992
f 6/2581/2580 2331/2993/2992 2332/2994/2993
f 2332/2994/2993 2331/2993/2992 2411/2995/2994
f 2332/2994/2993 2411/2995/2994 2412/2996/2995
f 2412/2996/2995 2411/2995/2994 2491/2997/2996
f 2412/2996/2995 2491/2997/2996 2492/2998/2997
f 2492/2998/2997 2491/2997/2996 2571/2999/2998
f 2492/2998/2997 2571/2999/2998 2572/3000/2999
f 2572/3000/2999 2571/2999/2998 2651/3001/3000
f 2572/3000/2999 2651/3001/3000 2652/3002/3001
f 2652/3002/3001 2651/3001/3000 2731/3003/3002
f 2652/3002/3001 2731/3003/3002 2732/3004/3003
f 2732/3004/3003 2731/3003/3002 2811/2471/2470
f 2732/3004/3003 2811/2471/2470 2812/2469/2468
f 2329/2980/2979 2409/2982/2981 2330/2992/2991
f 2330/2992/2991 2409/2982/2981 2410/3005/3004
f 2330/2992/2991 2410/3005/3004 2331/2993/2992
f 2331/2993/2992 2410/3005/3004 2411/2995/2994
f 2333/2582/2581 6/2581/2580 2332/2994/2993
f 2332/2994/2993 2412/2996/2995 2333/2582/2581
f 2333/2582/2581 2412/2996/2995 2413/3006/3005
f 2333/2582/2581 2413/3006/3005 2334/2583/2582
f 2334/2583/2582 2413/3006/3005 2414/2585/2584
f 2335/2584/2583 2336/3007/3006 7/2567/2566
f 7/2567/2566 2336/3007/3006 2337/3008/3007
f 7/2567/2566 2337/3008/3007 2338/3009/3008
f 2338/3009/3008 2337/3008/3007 2417/3010/3009
f 2338/3009/3008 2417/3010/3009 2418/3011/3010
f 2418/3011/3010 2417/3010/3009 2497/3012/3011
f 2418/3011/3010 2497/3012/3011 2498/3013/3012
f 2498/3013/3012 2497/3012/3011 2577/3014/3013
f 2498/3013/3012 2577/3014/3013 2578/3015/3014
f 2578/3015/3014 2577/3014/3013 2657/3016/3015
f 2578/3015/3014 2657/3016/3015 2658/3017/3016
f 2658/3017/3016 2657/3016/3015 2737/3018/3017
f 2658/3017/3016 2737/3018/3017 2738/3019/3018
f 2738/3019/3018 2737/3018/3017 2817/2459/2458
f 2738/3019/3018 2817/2459/2458 2818/2457/2456
f 2335/2584/2583 2415/2586/2585 2336/3007/3006
f 2336/3007/3006 2415/2586/2585 2416/3020/3019
f 2336/3007/3006 2416/3020/3019 2337/3008/3007
f 2337/3008/3007 2416/3020/3019 2417/3010/3009
f 2338/3009/3008 2339/3021/3020 7/2567/2566
f 7/2567/2566 2339/3021/3020 2340/3022/3021
f 7/2567/2566 2340/3022/3021 2341/3023/3022
f 2341/3023/3022 2340/3022/3021 2420/3024/3023
f 2341/3023/3022 2420/3024/3023 2421/3025/3024
f 2421/3025/3024 2420/3024/3023 2500/3026/3025
f 2421/3025/3024 2500/3026/3025 2501/3027/3026
f 2501/3027/3026 2500/3026/3025 2580/3028/3027
f 2501/3027/3026 2580/3028/3027 2581/3029/3028
f 2581/3029/3028 2580/3028/3027 2660/3030/3029
f 2581/3029/3028 2660/3030/3029 2661/3031/3030
f 2661/3031/3030 2660/3030/3029 2740/3032/3031
f 2661/3031/3030 2740/3032/3031 2741/3033/3032
f 2741/3033/3032 2740/3032/3031 2820/2453/2452
f 2741/3033/3032 2820/2453/2452 2821/2451/2450
f 2338/3009/3008 2418/3011/3010 2339/3021/3020
f 2339/3021/3020 2418/3011/3010 2419/3034/3033
f 2339/3021/3020 2419/3034/3033 2340/3022/3021
f 2340/3022/3021 2419/3034/3033 2420/3024/3023
f 2341/3023/3022 2342/3035/3034 7/2567/2566
f 7/2567/2566 2342/3035/3034 2343/3036/3035
f 7/2567/2566 2343/3036/3035 2344/2568/2567
f 2344/2568/2567 2343/3036/3035 2423/3037/3036
f 2344/2568/2567 2423/3037/3036 2424/3038/3037
f 2424/3038/3037 2423/3037/3036 2503/3039/3038
f 2424/3038/3037 2503/3039/3038 2504/3040/3039
f 2504/3040/3039 2503/3039/3038 2583/3041/3040
f 2504/3040/3039 2583/3041/3040 2584/3042/3041
f 2584/3042/3041 2583/3041/3040 2663/3043/3042
f 2584/3042/3041 2663/3043/3042 2664/3044/3043
f 2664/3044/3043 2663/3043/3042 2743/3045/3044
f 2664/3044/3043 2743/3045/3044 2744/3046/3045
f 2744/3046/3045 2743/3045/3044 2823/2447/2446
f 2744/3046/3045 2823/2447/2446 2824/2445/2444
f 2341/3023/3022 2421/3025/3024 2342/3035/3034
f 2342/3035/3034 2421/3025/3024 2422/3047/3046
f 2342/3035/3034 2422/3047/3046 2343/3036/3035
f 2343/3036/3035 2422/3047/3046 2423/3037/3036
f 2425/2571/2570 2345/2569/2568 2424/3038/3037
f 2424/3038/3037 2345/2569/2568 2344/2568/2567
f 2346/2570/2569 2347/3048/3047 8/2553/2552
f 8/2553/2552 2347/3048/3047 2348/3049/3048
f 8/2553/2552 2348/3049/3048 2349/3050/3049
f 2349/3050/3049 2348/3049/3048 2428/3051/3050
f 2349/3050/3049 2428/3051/3050 2429/3052/3051
f 2429/3052/3051 2428/3051/3050 2508/3053/3052
f 2429/3052/3051 2508/3053/3052 2509/3054/3053
f 2509/3054/3053 2508/3053/3052 2588/3055/3054
f 2509/3054/3053 2588/3055/3054 2589/3056/3055
f 2589/3056/3055 2588/3055/3054 2668/3057/3056
f 2589/3056/3055 2668/3057/3056 2669/3058/3057
f 2669/3058/3057 2668/3057/3056 2748/3059/3058
f 2669/3058/3057 2748/3059/3058 2749/3060/3059
f 2749/3060/3059 2748/3059/3058 2828/2437/2436
f 2749/3060/3059 2828/2437/2436 2829/2435/2434
f 2346/2570/2569 2426/2572/2571 2347/3048/3047
f 2347/3048/3047 2426/2572/2571 2427/3061/3060
f 2347/3048/3047 2427/3061/3060 2348/3049/3048
f 2348/3049/3048 2427/3061/3060 2428/3051/3050
f 2349/3050/3049 2350/3062/3061 8/2553/2552
f 8/2553/2552 2350/3062/3061 2351/3063/3062
f 8/2553/2552 2351/3063/3062 2352/3064/3063
f 2352/3064/3063 2351/3063/3062 2431/3065/3064
f 2352/3064/3063 2431/3065/3064 2432/3066/3065
f 2432/3066/3065 2431/3065/3064 2511/3067/3066
f 2432/3066/3065 2511/3067/3066 2512/3068/3067
f 2512/3068/3067 2511/3067/3066 2591/3069/3068
f 2512/3068/3067 2591/3069/3068 2592/3070/3069
f 2592/3070/3069 2591/3069/3068 2671/3071/3070
f 2592/3070/3069 2671/3071/3070 2672/3072/3071
f 2672/3072/3071 2671/3071/3070 2751/3073/3072
f 2672/3072/3071 2751/3073/3072 2752/3074/3073
f 2752/3074/3073 2751/3073/3072 2831/2431/2430
f 2752/3074/3073 2831/2431/2430 2832/2429/2428
f 2349/3050/3049 2429/3052/3051 2350/3062/3061
f 2350/3062/3061 2429/3052/3051 2430/3075/3074
f 2350/3062/3061 2430/3075/3074 2351/3063/3062
f 2351/3063/3062 2430/3075/3074 2431/3065/3064
f 2352/3064/3063 2353/3076/3075 8/2553/2552
f 8/2553/2552 2353/3076/3075 2354/3077/3076
f 8/2553/2552 2354/3077/3076 2355/2554/2553
f 2355/2554/2553 2354/3077/3076 2434/3078/3077
f 2355/2554/2553 2434/3078/3077 2435/3079/3078
f 2435/3079/3078 2434/3078/3077 2514/3080/3079
f 2435/3079/3078 2514/3080/3079 2515/3081/3080
f 2515/3081/3080 2514/3080/3079 2594/3082/3081
f 2515/3081/3080 2594/3082/3081 2595/3083/3082
f 2595/3083/3082 2594/3082/3081 2674/3084/3083
f 2595/3083/3082 2674/3084/3083 2675/3085/3084
f 2675/3085/3084 2674/3084/3083 2754/3086/3085
f 2675/3085/3084 2754/3086/3085 2755/3087/3086
f 2755/3087/3086 2754/3086/3085 2834/2425/2424
f 2755/3087/3086 2834/2425/2424 2835/2423/2422
f 2352/3064/3063 2432/3066/3065 2353/3076/3075
f 2353/3076/3075 2432/3066/3065 2433/3088/3087
f 2353/3076/3075 2433/3088/3087 2354/3077/3076
f 2354/3077/3076 2433/3088/3087 2434/3078/3077
f 2436/2557/2556 2356/2555/2554 2435/3079/3078
f 2435/3079/3078 2356/2555/2554 2355/2554/2553
f 2357/2556/2555 2358/3089/3088 9/2539/2538
f 9/2539/2538 2358/3089/3088 2359/3090/3089
f 9/2539/2538 2359/3090/3089 2360/3091/3090
f 2360/3091/3090 2359/3090/3089 2439/3092/3091
f 2360/3091/3090 2439/3092/3091 2440/3093/3092
f 2440/3093/3092 2439/3092/3091 2519/3094/3093
f 2440/3093/3092 2519/3094/3093 2520/3095/3094
f 2520/3095/3094 2519/3094/3093 2599/3096/3095
f 2520/3095/3094 2599/3096/3095 2600/3097/3096
f 2600/3097/3096 2599/3096/3095 2679/3098/3097
f 2600/3097/3096 2679/3098/3097 2680/3099/3098
f 2680/3099/3098 2679/3098/3097 2759/3100/3099
f 2680/3099/3098 2759/3100/3099 2760/3101/3100
f 2760/3101/3100 2759/3100/3099 2839/2415/2414
f 2760/3101/3100 2839/2415/2414 2840/2413/2412
f 2357/2556/2555 2437/2558/2557 2358/3089/3088
f 2358/3089/3088 2437/2558/2557 2438/3102/3101
f 2358/3089/3088 2438/3102/3101 2359/3090/3089
f 2359/3090/3089 2438/3102/3101 2439/3092/3091
f 2360/3091/3090 2361/3103/3102 9/2539/2538
f 9/2539/2538 2361/3103/3102 2362/3104/3103
f 9/2539/2538 2362/3104/3103 2363/3105/3104
f 2363/3105/3104 2362/3104/3103 2442/3106/3105
f 2363/3105/3104 2442/3106/3105 2443/3107/3106
f 2443/3107/3106 2442/3106/3105 2522/3108/3107
f 2443/3107/3106 2522/3108/3107 2523/3109/3108
f 2523/3109/3108 2522/3108/3107 2602/3110/3109
f 2523/3109/3108 2602/3110/3109 2603/3111/3110
f 2603/3111/3110 2602/3110/3109 2682/3112/3111
f 2603/3111/3110 2682/3112/3111 2683/3113/3112
f 2683/3113/3112 2682/3112/3111 2762/3114/3113
f 2683/3113/3112 2762/3114/3113 2763/3115/3114
f 2763/3115/3114 2762/3114/3113 2842/2409/2408
f 2763/3115/3114 2842/2409/2408 2843/2407/2406
f 2360/3091/3090 2440/3093/3092 2361/3103/3102
f 2361/3103/3102 2440/3093/3092 2441/3116/3115
f 2361/3103/3102 2441/3116/3115 2362/3104/3103
f 2362/3104/3103 2441/3116/3115 2442/3106/3105
f 2363/3105/3104 2364/3117/3116 9/2539/2538
f 9/2539/2538 2364/3117/3116 2365/3118/3117
f 9/2539/2538 2365/3118/3117 2366/3119/3118
f 2366/3119/3118 2365/3118/3117 2445/3120/3119
f 2366/3119/3118 2445/3120/3119 2446/3121/3120
f 2446/3121/3120 2445/3120/3119 2525/3122/3121
f 2446/3121/3120 2525/3122/3121 2526/3123/3122
f 2526/3123/3122 2525/3122/3121 2605/3124/3123
f 2526/3123/3122 2605/3124/3123 2606/3125/3124
f 2606/3125/3124 2605/3124/3123 2685/3126/3125
f 2606/3125/3124 2685/3126/3125 2686/3127/3126
f 2686/3127/3126 2685/3126/3125 2765/3128/3127
f 2686/3127/3126 2765/3128/3127 2766/3129/3128
f 2766/3129/3128 2765/3128/3127 2845/2403/2402
f 2766/3129/3128 2845/2403/2402 2846/2401/2400
f 2363/3105/3104 2443/3107/3106 2364/3117/3116
f 2364/3117/3116 2443/3107/3106 2444/3130/3129
f 2364/3117/3116 2444/3130/3129 2365/3118/3117
f 2365/3118/3117 2444/3130/3129 2445/3120/3119
f 2367/2540/2539 9/2539/2538 2366/3119/3118
f 2366/3119/3118 2446/3121/3120 2367/2540/2539
f 2367/2540/2539 2446/3121/3120 2447/3131/3130
f 2367/2540/2539 2447/3131/3130 2368/2541/2540
f 2368/2541/2540 2447/3131/3130 2448/2543/2542
f 2369/2542/2541 2370/3132/3131 10/2363/2362
f 10/2363/2362 2370/3132/3131 2371/3133/3132
f 10/2363/2362 2371/3133/3132 2372/3134/3133
f 2372/3134/3133 2371/3133/3132 2451/3135/3134
f 2372/3134/3133 2451/3135/3134 2452/3136/3135
f 2452/3136/3135 2451/3135/3134 2531/3137/3136
f 2452/3136/3135 2531/3137/3136 2532/3138/3137
f 2532/3138/3137 2531/3137/3136 2611/3139/3138
f 2532/3138/3137 2611/3139/3138 2612/3140/3139
f 2612/3140/3139 2611/3139/3138 2691/3141/3140
f 2612/3140/3139 2691/3141/3140 2692/3142/3141
f 2692/3142/3141 2691/3141/3140 2771/3143/3142
f 2692/3142/3141 2771/3143/3142 2772/3144/3143
f 2772/3144/3143 2771/3143/3142 2851/2391/2390
f 2772/3144/3143 2851/2391/2390 2852/2389/2388
f 2369/2542/2541 2449/2544/2543 2370/3132/3131
f 2370/3132/3131 2449/2544/2543 2450/3145/3144
f 2370/3132/3131 2450/3145/3144 2371/3133/3132
f 2371/3133/3132 2450/3145/3144 2451/3135/3134
f 2372/3134/3133 2373/3146/3145 10/2363/2362
f 10/2363/2362 2373/3146/3145 2374/3147/3146
f 10/2363/2362 2374/3147/3146 2375/3148/3147
f 2375/3148/3147 2374/3147/3146 2454/3149/3148
f 2375/3148/3147 2454/3149/3148 2455/3150/3149
f 2455/3150/3149 2454/3149/3148 2534/3151/3150
f 2455/3150/3149 2534/3151/3150 2535/3152/3151
f 2535/3152/3151 2534/3151/3150 2614/3153/3152
f 2535/3152/3151 2614/3153/3152 2615/3154/3153
f 2615/3154/3153 2614/3153/3152 2694/3155/3154
f 2615/3154/3153 2694/3155/3154 2695/3156/3155
f 2695/3156/3155 2694/3155/3154 2774/3157/3156
f 2695/3156/3155 2774/3157/3156 2775/3158/3157
f 2775/3158/3157 2774/3157/3156 2854/2385/2384
f 2775/3158/3157 2854/2385/2384 2855/2383/2382
f 2372/3134/3133 2452/3136/3135 2373/3146/3145
f 2373/3146/3145 2452/3136/3135 2453/3159/3158
f 2373/3146/3145 2453/3159/3158 2374/3147/3146
f 2374/3147/3146 2453/3159/3158 2454/3149/3148
f 2375/3148/3147 2376/3160/3159 10/2363/2362
f 10/2363/2362 2376/3160/3159 2377/3161/3160
f 10/2363/2362 2377/3161/3160 2378/2364/2363
f 2378/2364/2363 2377/3161/3160 2457/3162/3161
f 2378/2364/2363 2457/3162/3161 2458/3163/3162
f 2458/3163/3162 2457/3162/3161 2537/3164/3163
f 2458/3163/3162 2537/3164/3163 2538/3165/3164
f 2538/3165/3164 2537/3164/3163 2617/3166/3165
f 2538/3165/3164 2617/3166/3165 2618/3167/3166
f 2618/3167/3166 2617/3166/3165 2697/3168/3167
f 2618/3167/3166 2697/3168/3167 2698/3169/3168
f 2698/3169/3168 2697/3168/3167 2777/3170/3169
f 2698/3169/3168 2777/3170/3169 2778/2377/2376
f 2778/2377/2376 2777/3170/3169 2857/2379/2378
f 2375/3148/3147 2455/3150/3149 2376/3160/3159
f 2376/3160/3159 2455/3150/3149 2456/3171/3170
f 2376/3160/3159 2456/3171/3170 2377/3161/3160
f 2377/3161/3160 2456/3171/3170 2457/3162/3161
f 2459/2368/2367 2379/2366/2365 2458/3163/3162
f 2458/3163/3162 2379/2366/2365 2378/2364/2363
f 2306/2625/2624 2385/2905/2904 2386/2627/2626
f 2386/2627/2626 2385/2905/2904 2465/3172/3171
f 2386/2627/2626 2465/3172/3171 2466/2629/2628
f 2466/2629/2628 2465/3172/3171 2545/3173/3172
f 2466/2629/2628 2545/3173/3172 2546/2631/2630
f 2546/2631/2630 2545/3173/3172 2625/3174/3173
f 2546/2631/2630 2625/3174/3173 2626/2633/2632
f 2626/2633/2632 2625/3174/3173 2705/3175/3174
f 2626/2633/2632 2705/3175/3174 2706/2635/2634
f 2706/2635/2634 2705/3175/3174 2785/2523/2522
f 2706/2635/2634 2785/2523/2522 2786/2521/2520
f 2465/3172/3171 2385/2905/2904 2464/2906/2905
f 2387/2628/2627 2467/2630/2629 2388/2922/2921
f 2388/2922/2921 2467/2630/2629 2468/3176/3175
f 2388/2922/2921 2468/3176/3175 2389/2912/2911
f 2389/2912/2911 2468/3176/3175 2469/2914/2913
f 2471/2615/2614 2391/2613/2612 2470/2915/2914
f 2470/2915/2914 2391/2613/2612 2390/2913/2912
f 2392/2614/2613 2472/2616/2615 2393/2936/2935
f 2393/2936/2935 2472/2616/2615 2473/3177/3176
f 2393/2936/2935 2473/3177/3176 2394/2926/2925
f 2394/2926/2925 2473/3177/3176 2474/2928/2927
f 2395/2927/2926 2475/2929/2928 2396/2950/2949
f 2396/2950/2949 2475/2929/2928 2476/3178/3177
f 2396/2950/2949 2476/3178/3177 2397/2940/2939
f 2397/2940/2939 2476/3178/3177 2477/2942/2941
f 2398/2941/2940 2478/2943/2942 2399/2963/2962
f 2399/2963/2962 2478/2943/2942 2479/3179/3178
f 2399/2963/2962 2479/3179/3178 2400/2953/2952
f 2400/2953/2952 2479/3179/3178 2480/2955/2954
f 2482/2601/2600 2402/2599/2598 2481/2956/2955
f 2481/2956/2955 2402/2599/2598 2401/2954/2953
f 2403/2600/2599 2483/2602/2601 2404/2977/2976
f 2404/2977/2976 2483/2602/2601 2484/3180/3179
f 2404/2977/2976 2484/3180/3179 2405/2967/2966
f 2405/2967/2966 2484/3180/3179 2485/2969/2968
f 2406/2968/2967 2486/2970/2969 2407/2991/2990
f 2407/2991/2990 2486/2970/2969 2487/3181/3180
f 2407/2991/2990 2487/3181/3180 2408/2981/2980
f 2408/2981/2980 2487/3181/3180 2488/2983/2982
f 2409/2982/2981 2489/2984/2983 2410/3005/3004
f 2410/3005/3004 2489/2984/2983 2490/3182/3181
f 2410/3005/3004 2490/3182/3181 2411/2995/2994
f 2411/2995/2994 2490/3182/3181 2491/2997/2996
f 2412/2996/2995 2492/2998/2997 2413/3006/3005
f 2413/3006/3005 2492/2998/2997 2493/3183/3182
f 2413/3006/3005 2493/3183/3182 2414/2585/2584
f 2414/2585/2584 2493/3183/3182 2494/2587/2586
f 2415/2586/2585 2495/2588/2587 2416/3020/3019
f 2416/3020/3019 2495/2588/2587 2496/3184/3183
f 2416/3020/3019 2496/3184/3183 2417/3010/3009
f 2417/3010/3009 2496/3184/3183 2497/3012/3011
f 2418/3011/3010 2498/3013/3012 2419/3034/3033
f 2419/3034/3033 2498/3013/3012 2499/3185/3184
f 2419/3034/3033 2499/3185/3184 2420/3024/3023
f 2420/3024/3023 2499/3185/3184 2500/3026/3025
f 2421/3025/3024 2501/3027/3026 2422/3047/3046
f 2422/3047/3046 2501/3027/3026 2502/3186/3185
f 2422/3047/3046 2502/3186/3185 2423/3037/3036
f 2423/3037/3036 2502/3186/3185 2503/3039/3038
f 2505/2573/2572 2425/2571/2570 2504/3040/3039
f 2504/3040/3039 2425/2571/2570 2424/3038/3037
f 2426/2572/2571 2506/2574/2573 2427/3061/3060
f 2427/3061/3060 2506/2574/2573 2507/3187/3186
f 2427/3061/3060 2507/3187/3186 2428/3051/3050
f 2428/3051/3050 2507/3187/3186 2508/3053/3052
f 2429/3052/3051 2509/3054/3053 2430/3075/3074
f 2430/3075/3074 2509/3054/3053 2510/3188/3187
f 2430/3075/3074 2510/3188/3187 2431/3065/3064
f 2431/3065/3064 2510/3188/3187 2511/3067/3066
f 2432/3066/3065 2512/3068/3067 2433/3088/3087
f 2433/3088/3087 2512/3068/3067 2513/3189/3188
f 2433/3088/3087 2513/3189/3188 2434/3078/3077
f 2434/3078/3077 2513/3189/3188 2514/3080/3079
f 2516/2559/2558 2436/2557/2556 2515/3081/3080
f 2515/3081/3080 2436/2557/2556 2435/3079/3078
f 2437/2558/2557 2517/2560/2559 2438/3102/3101
f 2438/3102/3101 2517/2560/2559 2518/3190/3189
f 2438/3102/3101 2518/3190/3189 2439/3092/3091
f 2439/3092/3091 2518/3190/3189 2519/3094/3093
f 2440/3093/3092 2520/3095/3094 2441/3116/3115
f 2441/3116/3115 2520/3095/3094 2521/3191/3190
f 2441/3116/3115 2521/3191/3190 2442/3106/3105
f 2442/3106/3105 2521/3191/3190 2522/3108/3107
f 2443/3107/3106 2523/3109/3108 2444/3130/3129
f 2444/3130/3129 2523/3109/3108 2524/3192/3191
f 2444/3130/3129 2524/3192/3191 2445/3120/3119
f 2445/3120/3119 2524/3192/3191 2525/3122/3121
f 2446/3121/3120 2526/3123/3122 2447/3131/3130
f 2447/3131/3130 2526/3123/3122 2527/3193/3192
f 2447/3131/3130 2527/3193/3192 2448/2543/2542
f 2448/2543/2542 2527/3193/3192 2528/2545/2544
f 2449/2544/2543 2529/2546/2545 2450/3145/3144
f 2450/3145/3144 2529/2546/2545 2530/3194/3193
f 2450/3145/3144 2530/3194/3193 2451/3135/3134
f 2451/3135/3134 2530/3194/3193 2531/3137/3136
f 2452/3136/3135 2532/3138/3137 2453/3159/3158
f 2453/3159/3158 2532/3138/3137 2533/3195/3194
f 2453/3159/3158 2533/3195/3194 2454/3149/3148
f 2454/3149/3148 2533/3195/3194 2534/3151/3150
f 2455/3150/3149 2535/3152/3151 2456/3171/3170
f 2456/3171/3170 2535/3152/3151 2536/3196/3195
f 2456/3171/3170 2536/3196/3195 2457/3162/3161
f 2457/3162/3161 2536/3196/3195 2537/3164/3163
f 2539/2370/2369 2459/2368/2367 2538/3165/3164
f 2538/3165/3164 2459/2368/2367 2458/3163/3162
f 2465/3172/3171 2464/2906/2905 2544/3197/3196
f 2544/3197/3196 2464/2906/2905 2543/2907/2906
f 2544/3197/3196 2543/2907/2906 2623/3198/3197
f 2623/3198/3197 2543/2907/2906 2622/2908/2907
f 2623/3198/3197 2622/2908/2907 2702/3199/3198
f 2702/3199/3198 2622/2908/2907 2701/2909/2908
f 2702/3199/3198 2701/2909/2908 2781/2531/2530
f 2781/2531/2530 2701/2909/2908 2780/2533/2532
f 2467/2630/2629 2547/2632/2631 2468/3176/3175
f 2468/3176/3175 2547/2632/2631 2548/3200/3199
f 2468/3176/3175 2548/3200/3199 2469/2914/2913
f 2469/2914/2913 2548/3200/3199 2549/2916/2915
f 2551/2617/2616 2471/2615/2614 2550/2917/2916
f 2550/2917/2916 2471/2615/2614 2470/2915/2914
f 2472/2616/2615 2552/2618/2617 2473/3177/3176
f 2473/3177/3176 2552/2618/2617 2553/3201/3200
f 2473/3177/3176 2553/3201/3200 2474/2928/2927
f 2474/2928/2927 2553/3201/3200 2554/2930/2929
f 2475/2929/2928 2555/2931/2930 2476/3178/3177
f 2476/3178/3177 2555/2931/2930 2556/3202/3201
f 2476/3178/3177 2556/3202/3201 2477/2942/2941
f 2477/2942/2941 2556/3202/3201 2557/2944/2943
f 2478/2943/2942 2558/2945/2944 2479/3179/3178
f 2479/3179/3178 2558/2945/2944 2559/3203/3202
f 2479/3179/3178 2559/3203/3202 2480/2955/2954
f 2480/2955/2954 2559/3203/3202 2560/2957/2956
f 2562/2603/2602 2482/2601/2600 2561/2958/2957
f 2561/2958/2957 2482/2601/2600 2481/2956/2955
f 2483/2602/2601 2563/2604/2603 2484/3180/3179
f 2484/3180/3179 2563/2604/2603 2564/3204/3203
f 2484/3180/3179 2564/3204/3203 2485/2969/2968
f 2485/2969/2968 2564/3204/3203 2565/2971/2970
f 2486/2970/2969 2566/2972/2971 2487/3181/3180
f 2487/3181/3180 2566/2972/2971 2567/3205/3204
f 2487/3181/3180 2567/3205/3204 2488/2983/2982
f 2488/2983/2982 2567/3205/3204 2568/2985/2984
f 2489/2984/2983 2569/2986/2985 2490/3182/3181
f 2490/3182/3181 2569/2986/2985 2570/3206/3205
f 2490/3182/3181 2570/3206/3205 2491/2997/2996
f 2491/2997/2996 2570/3206/3205 2571/2999/2998
f 2492/2998/2997 2572/3000/2999 2493/3183/3182
f 2493/3183/3182 2572/3000/2999 2573/3207/3206
f 2493/3183/3182 2573/3207/3206 2494/2587/2586
f 2494/2587/2586 2573/3207/3206 2574/2589/2588
f 2495/2588/2587 2575/2590/2589 2496/3184/3183
f 2496/3184/3183 2575/2590/2589 2576/3208/3207
f 2496/3184/3183 2576/3208/3207 2497/3012/3011
f 2497/3012/3011 2576/3208/3207 2577/3014/3013
f 2498/3013/3012 2578/3015/3014 2499/3185/3184
f 2499/3185/3184 2578/3015/3014 2579/3209/3208
f 2499/3185/3184 2579/3209/3208 2500/3026/3025
f 2500/3026/3025 2579/3209/3208 2580/3028/3027
f 2501/3027/3026 2581/3029/3028 2502/3186/3185
f 2502/3186/3185 2581/3029/3028 2582/3210/3209
f 2502/3186/3185 2582/3210/3209 2503/3039/3038
f 2503/3039/3038 2582/3210/3209 2583/3041/3040
f 2585/2575/2574 2505/2573/2572 2584/3042/3041
f 2584/3042/3041 2505/2573/2572 2504/3040/3039
f 2506/2574/2573 2586/2576/2575 2507/3187/3186
f 2507/3187/3186 2586/2576/2575 2587/3211/3210
f 2507/3187/3186 2587/3211/3210 2508/3053/3052
f 2508/3053/3052 2587/3211/3210 2588/3055/3054
f 2509/3054/3053 2589/3056/3055 2510/3188/3187
f 2510/3188/3187 2589/3056/3055 2590/3212/3211
f 2510/3188/3187 2590/3212/3211 2511/3067/3066
f 2511/3067/3066 2590/3212/3211 2591/3069/3068
f 2512/3068/3067 2592/3070/3069 2513/3189/3188
f 2513/3189/3188 2592/3070/3069 2593/3213/3212
f 2513/3189/3188 2593/3213/3212 2514/3080/3079
f 2514/3080/3079 2593/3213/3212 2594/3082/3081
f 2596/2561/2560 2516/2559/2558 2595/3083/3082
f 2595/3083/3082 2516/2559/2558 2515/3081/3080
f 2517/2560/2559 2597/2562/2561 2518/3190/3189
f 2518/3190/3189 2597/2562/2561 2598/3214/3213
f 2518/3190/3189 2598/3214/3213 2519/3094/3093
f 2519/3094/3093 2598/3214/3213 2599/3096/3095
f 2520/3095/3094 2600/3097/3096 2521/3191/3190
f 2521/3191/3190 2600/3097/3096 2601/3215/3214
f 2521/3191/3190 2601/3215/3214 2522/3108/3107
f 2522/3108/3107 2601/3215/3214 2602/3110/3109
f 2523/3109/3108 2603/3111/3110 2524/3192/3191
f 2524/3192/3191 2603/3111/3110 2604/3216/3215
f 2524/3192/3191 2604/3216/3215 2525/3122/3121
f 2525/3122/3121 2604/3216/3215 2605/3124/3123
f 2526/3123/3122 2606/3125/3124 2527/3193/3192
f 2527/3193/3192 2606/3125/3124 2607/3217/3216
f 2527/3193/3192 2607/3217/3216 2528/2545/2544
f 2528/2545/2544 2607/3217/3216 2608/2547/2546
f 2529/2546/2545 2609/2548/2547 2530/3194/3193
f 2530/3194/3193 2609/2548/2547 2610/3218/3217
f 2530/3194/3193 2610/3218/3217 2531/3137/3136
f 2531/3137/3136 2610/3218/3217 2611/3139/3138
f 2532/3138/3137 2612/3140/3139 2533/3195/3194
f 2533/3195/3194 2612/3140/3139 2613/3219/3218
f 2533/3195/3194 2613/3219/3218 2534/3151/3150
f 2534/3151/3150 2613/3219/3218 2614/3153/3152
f 2535/3152/3151 2615/3154/3153 2536/3196/3195
f 2536/3196/3195 2615/3154/3153 2616/3220/3219
f 2536/3196/3195 2616/3220/3219 2537/3164/3163
f 2537/3164/3163 2616/3220/3219 2617/3166/3165
f 2619/2372/2371 2539/2370/2369 2618/3167/3166
f 2618/3167/3166 2539/2370/2369 2538/3165/3164
f 2465/3172/3171 2544/3197/3196 2545/3173/3172
f 2545/3173/3172 2544/3197/3196 2624/3221/3220
f 2545/3173/3172 2624/3221/3220 2625/3174/3173
f 2625/3174/3173 2624/3221/3220 2704/3222/3221
f 2625/3174/3173 2704/3222/3221 2705/3175/3174
f 2705/3175/3174 2704/3222/3221 2784/2525/2524
f 2705/3175/3174 2784/2525/2524 2785/2523/2522
f 2624/3221/3220 2544/3197/3196 2623/3198/3197
f 2547/2632/2631 2627/2634/2633 2548/3200/3199
f 2548/3200/3199 2627/2634/2633 2628/3223/3222
f 2548/3200/3199 2628/3223/3222 2549/2916/2915
f 2549/2916/2915 2628/3223/3222 2629/2918/2917
f 2631/2619/2618 2551/2617/2616 2630/2919/2918
f 2630/2919/2918 2551/2617/2616 2550/2917/2916
f 2552/2618/2617 2632/2620/2619 2553/3201/3200
f 2553/3201/3200 2632/2620/2619 2633/3224/3223
f 2553/3201/3200 2633/3224/3223 2554/2930/2929
f 2554/2930/2929 2633/3224/3223 2634/2932/2931
f 2555/2931/2930 2635/2933/2932 2556/3202/3201
f 2556/3202/3201 2635/2933/2932 2636/3225/3224
f 2556/3202/3201 2636/3225/3224 2557/2944/2943
f 2557/2944/2943 2636/3225/3224 2637/2946/2945
f 2558/2945/2944 2638/2947/2946 2559/3203/3202
f 2559/3203/3202 2638/2947/2946 2639/3226/3225
f 2559/3203/3202 2639/3226/3225 2560/2957/2956
f 2560/2957/2956 2639/3226/3225 2640/2959/2958
f 2642/2605/2604 2562/2603/2602 2641/2960/2959
f 2641/2960/2959 2562/2603/2602 2561/2958/2957
f 2563/2604/2603 2643/2606/2605 2564/3204/3203
f 2564/3204/3203 2643/2606/2605 2644/3227/3226
f 2564/3204/3203 2644/3227/3226 2565/2971/2970
f 2565/2971/2970 2644/3227/3226 2645/2973/2972
f 2566/2972/2971 2646/2974/2973 2567/3205/3204
f 2567/3205/3204 2646/2974/2973 2647/3228/3227
f 2567/3205/3204 2647/3228/3227 2568/2985/2984
f 2568/2985/2984 2647/3228/3227 2648/2987/2986
f 2569/2986/2985 2649/2988/2987 2570/3206/3205
f 2570/3206/3205 2649/2988/2987 2650/3229/3228
f 2570/3206/3205 2650/3229/3228 2571/2999/2998
f 2571/2999/2998 2650/3229/3228 2651/3001/3000
f 2572/3000/2999 2652/3002/3001 2573/3207/3206
f 2573/3207/3206 2652/3002/3001 2653/3230/3229
f 2573/3207/3206 2653/3230/3229 2574/2589/2588
f 2574/2589/2588 2653/3230/3229 2654/2591/2590
f 2575/2590/2589 2655/2592/2591 2576/3208/3207
f 2576/3208/3207 2655/2592/2591 2656/3231/3230
f 2576/3208/3207 2656/3231/3230 2577/3014/3013
f 2577/3014/3013 2656/3231/3230 2657/3016/3015
f 2578/3015/3014 2658/3017/3016 2579/3209/3208
f 2579/3209/3208 2658/3017/3016 2659/3232/3231
f 2579/3209/3208 2659/3232/3231 2580/3028/3027
f 2580/3028/3027 2659/3232/3231 2660/3030/3029
f 2581/3029/3028 2661/3031/3030 2582/3210/3209
f 2582/3210/3209 2661/3031/3030 2662/3233/3232
f 2582/3210/3209 2662/3233/3232 2583/3041/3040
f 2583/3041/3040 2662/3233/3232 2663/3043/3042
f 2665/2577/2576 2585/2575/2574 2664/3044/3043
f 2664/3044/3043 2585/2575/2574 2584/3042/3041
f 2586/2576/2575 2666/2578/2577 2587/3211/3210
f 2587/3211/3210 2666/2578/2577 2667/3234/3233
f 2587/3211/3210 2667/3234/3233 2588/3055/3054
f 2588/3055/3054 2667/3234/3233 2668/3057/3056
f 2589/3056/3055 2669/3058/3057 2590/3212/3211
f 2590/3212/3211 2669/3058/3057 2670/3235/3234
f 2590/3212/3211 2670/3235/3234 2591/3069/3068
f 2591/3069/3068 2670/3235/3234 2671/3071/3070
f 2592/3070/3069 2672/3072/3071 2593/3213/3212
f 2593/3213/3212 2672/3072/3071 2673/3236/3235
f 2593/3213/3212 2673/3236/3235 2594/3082/3081
f 2594/3082/3081 2673/3236/3235 2674/3084/3083
f 2676/2563/2562 2596/2561/2560 2675/3085/3084
f 2675/3085/3084 2596/2561/2560 2595/3083/3082
f 2597/2562/2561 2677/2564/2563 2598/3214/3213
f 2598/3214/3213 2677/2564/2563 2678/3237/3236
f 2598/3214/3213 2678/3237/3236 2599/3096/3095
f 2599/3096/3095 2678/3237/3236 2679/3098/3097
f 2600/3097/3096 2680/3099/3098 2601/3215/3214
f 2601/3215/3214 2680/3099/3098 2681/3238/3237
f 2601/3215/3214 2681/3238/3237 2602/3110/3109
f 2602/3110/3109 2681/3238/3237 2682/3112/3111
f 2603/3111/3110 2683/3113/3112 2604/3216/3215
f 2604/3216/3215 2683/3113/3112 2684/3239/3238
f 2604/3216/3215 2684/3239/3238 2605/3124/3123
f 2605/3124/3123 2684/3239/3238 2685/3126/3125
f 2606/3125/3124 2686/3127/3126 2607/3217/3216
f 2607/3217/3216 2686/3127/3126 2687/3240/3239
f 2607/3217/3216 2687/3240/3239 2608/2547/2546
f 2608/2547/2546 2687/3240/3239 2688/2549/2548
f 2609/2548/2547 2689/2550/2549 2610/3218/3217
f 2610/3218/3217 2689/2550/2549 2690/3241/3240
f 2610/3218/3217 2690/3241/3240 2611/3139/3138
f 2611/3139/3138 2690/3241/3240 2691/3141/3140
f 2612/3140/3139 2692/3142/3141 2613/3219/3218
f 2613/3219/3218 2692/3142/3141 2693/3242/3241
f 2613/3219/3218 2693/3242/3241 2614/3153/3152
f 2614/3153/3152 2693/3242/3241 2694/3155/3154
f 2615/3154/3153 2695/3156/3155 2616/3220/3219
f 2616/3220/3219 2695/3156/3155 2696/3243/3242
f 2616/3220/3219 2696/3243/3242 2617/3166/3165
f 2617/3166/3165 2696/3243/3242 2697/3168/3167
f 2699/2374/2373 2619/2372/2371 2698/3169/3168
f 2698/3169/3168 2619/2372/2371 2618/3167/3166
f 2624/3221/3220 2623/3198/3197 2703/3244/3243
f 2703/3244/3243 2623/3198/3197 2702/3199/3198
f 2703/3244/3243 2702/3199/3198 2782/2529/2528
f 2782/2529/2528 2702/3199/3198 2781/2531/2530
f 2627/2634/2633 2707/2636/2635 2628/3223/3222
f 2628/3223/3222 2707/2636/2635 2708/3245/3244
f 2628/3223/3222 2708/3245/3244 2629/2918/2917
f 2629/2918/2917 2708/3245/3244 2709/2920/2919
f 2711/2621/2620 2631/2619/2618 2710/2921/2920
f 2710/2921/2920 2631/2619/2618 2630/2919/2918
f 2632/2620/2619 2712/2622/2621 2633/3224/3223
f 2633/3224/3223 2712/2622/2621 2713/3246/3245
f 2633/3224/3223 2713/3246/3245 2634/2932/2931
f 2634/2932/2931 2713/3246/3245 2714/2934/2933
f 2635/2933/2932 2715/2935/2934 2636/3225/3224
f 2636/3225/3224 2715/2935/2934 2716/3247/3246
f 2636/3225/3224 2716/3247/3246 2637/2946/2945
f 2637/2946/2945 2716/3247/3246 2717/2948/2947
f 2638/2947/2946 2718/2949/2948 2639/3226/3225
f 2639/3226/3225 2718/2949/2948 2719/3248/3247
f 2639/3226/3225 2719/3248/3247 2640/2959/2958
f 2640/2959/2958 2719/3248/3247 2720/2961/2960
f 2722/2607/2606 2642/2605/2604 2721/2962/2961
f 2721/2962/2961 2642/2605/2604 2641/2960/2959
f 2643/2606/2605 2723/2608/2607 2644/3227/3226
f 2644/3227/3226 2723/2608/2607 2724/3249/3248
f 2644/3227/3226 2724/3249/3248 2645/2973/2972
f 2645/2973/2972 2724/3249/3248 2725/2975/2974
f 2646/2974/2973 2726/2976/2975 2647/3228/3227
f 2647/3228/3227 2726/2976/2975 2727/3250/3249
f 2647/3228/3227 2727/3250/3249 2648/2987/2986
f 2648/2987/2986 2727/3250/3249 2728/2989/2988
f 2649/2988/2987 2729/2990/2989 2650/3229/3228
f 2650/3229/3228 2729/2990/2989 2730/3251/3250
f 2650/3229/3228 2730/3251/3250 2651/3001/3000
f 2651/3001/3000 2730/3251/3250 2731/3003/3002
f 2652/3002/3001 2732/3004/3003 2653/3230/3229
f 2653/3230/3229 2732/3004/3003 2733/3252/3251
f 2653/3230/3229 2733/3252/3251 2654/2591/2590
f 2654/2591/2590 2733/3252/3251 2734/2593/2592
f 2655/2592/2591 2735/2594/2593 2656/3231/3230
f 2656/3231/3230 2735/2594/2593 2736/3253/3252
f 2656/3231/3230 2736/3253/3252 2657/3016/3015
f 2657/3016/3015 2736/3253/3252 2737/3018/3017
f 2658/3017/3016 2738/3019/3018 2659/3232/3231
f 2659/3232/3231 2738/3019/3018 2739/3254/3253
f 2659/3232/3231 2739/3254/3253 2660/3030/3029
f 2660/3030/3029 2739/3254/3253 2740/3032/3031
f 2661/3031/3030 2741/3033/3032 2662/3233/3232
f 2662/3233/3232 2741/3033/3032 2742/3255/3254
f 2662/3233/3232 2742/3255/3254 2663/3043/3042
f 2663/3043/3042 2742/3255/3254 2743/3045/3044
f 2745/2579/2578 2665/2577/2576 2744/3046/3045
f 2744/3046/3045 2665/2577/2576 2664/3044/3043
f 2666/2578/2577 2746/2580/2579 2667/3234/3233
f 2667/3234/3233 2746/2580/2579 2747/3256/3255
f 2667/3234/3233 2747/3256/3255 2668/3057/3056
f 2668/3057/3056 2747/3256/3255 2748/3059/3058
f 2669/3058/3057 2749/3060/3059 2670/3235/3234
f 2670/3235/3234 2749/3060/3059 2750/3257/3256
f 2670/3235/3234 2750/3257/3256 2671/3071/3070
f 2671/3071/3070 2750/3257/3256 2751/3073/3072
f 2672/3072/3071 2752/3074/3073 2673/3236/3235
f 2673/3236/3235 2752/3074/3073 2753/3258/3257
f 2673/3236/3235 2753/3258/3257 2674/3084/3083
f 2674/3084/3083 2753/3258/3257 2754/3086/3085
f 2756/2565/2564 2676/2563/2562 2755/3087/3086
f 2755/3087/3086 2676/2563/2562 2675/3085/3084
f 2677/2564/2563 2757/2566/2565 2678/3237/3236
f 2678/3237/3236 2757/2566/2565 2758/3259/3258
f 2678/3237/3236 2758/3259/3258 2679/3098/3097
f 2679/3098/3097 2758/3259/3258 2759/3100/3099
f 2680/3099/3098 2760/3101/3100 2681/3238/3237
f 2681/3238/3237 2760/3101/3100 2761/3260/3259
f 2681/3238/3237 2761/3260/3259 2682/3112/3111
f 2682/3112/3111 2761/3260/3259 2762/3114/3113
f 2683/3113/3112 2763/3115/3114 2684/3239/3238
f 2684/3239/3238 2763/3115/3114 2764/3261/3260
f 2684/3239/3238 2764/3261/3260 2685/3126/3125
f 2685/3126/3125 2764/3261/3260 2765/3128/3127
f 2686/3127/3126 2766/3129/3128 2687/3240/3239
f 2687/3240/3239 2766/3129/3128 2767/3262/3261
f 2687/3240/3239 2767/3262/3261 2688/2549/2548
f 2688/2549/2548 2767/3262/3261 2768/2551/2550
f 2689/2550/2549 2769/2552/2551 2690/3241/3240
f 2690/3241/3240 2769/2552/2551 2770/3263/3262
f 2690/3241/3240 2770/3263/3262 2691/3141/3140
f 2691/3141/3140 2770/3263/3262 2771/3143/3142
f 2692/3142/3141 2772/3144/3143 2693/3242/3241
f 2693/3242/3241 2772/3144/3143 2773/3264/3263
f 2693/3242/3241 2773/3264/3263 2694/3155/3154
f 2694/3155/3154 2773/3264/3263 2774/3157/3156
f 2695/3156/3155 2775/3158/3157 2696/3243/3242
f 2696/3243/3242 2775/3158/3157 2776/3265/3264
f 2696/3243/3242 2776/3265/3264 2697/3168/3167
f 2697/3168/3167 2776/3265/3264 2777/3170/3169
f 2778/2377/2376 2699/2374/2373 2698/3169/3168
f 2624/3221/3220 2703/3244/3243 2704/3222/3221
f 2704/3222/3221 2703/3244/3243 2783/2527/2526
f 2704/3222/3221 2783/2527/2526 2784/2525/2524
f 2783/2527/2526 2703/3244/3243 2782/2529/2528
f 2707/2636/2635 2787/2519/2518 2708/3245/3244
f 2708/3245/3244 2787/2519/2518 2788/2517/2516
f 2708/3245/3244 2788/2517/2516 2709/2920/2919
f 2709/2920/2919 2788/2517/2516 2789/2515/2514
f 2791/2511/2510 2711/2621/2620 2790/2513/2512
f 2790/2513/2512 2711/2621/2620 2710/2921/2920
f 2712/2622/2621 2792/2509/2508 2713/3246/3245
f 2713/3246/3245 2792/2509/2508 2793/2507/2506
f 2713/3246/3245 2793/2507/2506 2714/2934/2933
f 2714/2934/2933 2793/2507/2506 2794/2505/2504
f 2715/2935/2934 2795/2503/2502 2716/3247/3246
f 2716/3247/3246 2795/2503/2502 2796/2501/2500
f 2716/3247/3246 2796/2501/2500 2717/2948/2947
f 2717/2948/2947 2796/2501/2500 2797/2499/2498
f 2718/2949/2948 2798/2497/2496 2719/3248/3247
f 2719/3248/3247 2798/2497/2496 2799/2495/2494
f 2719/3248/3247 2799/2495/2494 2720/2961/2960
f 2720/2961/2960 2799/2495/2494 2800/2493/2492
f 2802/2489/2488 2722/2607/2606 2801/2491/2490
f 2801/2491/2490 2722/2607/2606 2721/2962/2961
f 2723/2608/2607 2803/2487/2486 2724/3249/3248
f 2724/3249/3248 2803/2487/2486 2804/2485/2484
f 2724/3249/3248 2804/2485/2484 2725/2975/2974
f 2725/2975/2974 2804/2485/2484 2805/2483/2482
f 2726/2976/2975 2806/2481/2480 2727/3250/3249
f 2727/3250/3249 2806/2481/2480 2807/2479/2478
f 2727/3250/3249 2807/2479/2478 2728/2989/2988
f 2728/2989/2988 2807/2479/2478 2808/2477/2476
f 2729/2990/2989 2809/2475/2474 2730/3251/3250
f 2730/3251/3250 2809/2475/2474 2810/2473/2472
f 2730/3251/3250 2810/2473/2472 2731/3003/3002
f 2731/3003/3002 2810/2473/2472 2811/2471/2470
f 2732/3004/3003 2812/2469/2468 2733/3252/3251
f 2733/3252/3251 2812/2469/2468 2813/2467/2466
f 2733/3252/3251 2813/2467/2466 2734/2593/2592
f 2734/2593/2592 2813/2467/2466 2814/2465/2464
f 2735/2594/2593 2815/2463/2462 2736/3253/3252
f 2736/3253/3252 2815/2463/2462 2816/2461/2460
f 2736/3253/3252 2816/2461/2460 2737/3018/3017
f 2737/3018/3017 2816/2461/2460 2817/2459/2458
f 2738/3019/3018 2818/2457/2456 2739/3254/3253
f 2739/3254/3253 2818/2457/2456 2819/2455/2454
f 2739/3254/3253 2819/2455/2454 2740/3032/3031
f 2740/3032/3031 2819/2455/2454 2820/2453/2452
f 2741/3033/3032 2821/2451/2450 2742/3255/3254
f 2742/3255/3254 2821/2451/2450 2822/2449/2448
f 2742/3255/3254 2822/2449/2448 2743/3045/3044
f 2743/3045/3044 2822/2449/2448 2823/2447/2446
f 2825/2443/2442 2745/2579/2578 2824/2445/2444
f 2824/2445/2444 2745/2579/2578 2744/3046/3045
f 2746/2580/2579 2826/2441/2440 2747/3256/3255
f 2747/3256/3255 2826/2441/2440 2827/2439/2438
f 2747/3256/3255 2827/2439/2438 2748/3059/3058
f 2748/3059/3058 2827/2439/2438 2828/2437/2436
f 2749/3060/3059 2829/2435/2434 2750/3257/3256
f 2750/3257/3256 2829/2435/2434 2830/2433/2432
f 2750/3257/3256 2830/2433/2432 2751/3073/3072
f 2751/3073/3072 2830/2433/2432 2831/2431/2430
f 2752/3074/3073 2832/2429/2428 2753/3258/3257
f 2753/3258/3257 2832/2429/2428 2833/2427/2426
f 2753/3258/3257 2833/2427/2426 2754/3086/3085
f 2754/3086/3085 2833/2427/2426 2834/2425/2424
f 2836/2421/2420 2756/2565/2564 2835/2423/2422
f 2835/2423/2422 2756/2565/2564 2755/3087/3086
f 2757/2566/2565 2837/2419/2418 2758/3259/3258
f 2758/3259/3258 2837/2419/2418 2838/2417/2416
f 2758/3259/3258 2838/2417/2416 2759/3100/3099
f 2759/3100/3099 2838/2417/2416 2839/2415/2414
f 2760/3101/3100 2840/2413/2412 2761/3260/3259
f 2761/3260/3259 2840/2413/2412 2841/2411/2410
f 2761/3260/3259 2841/2411/2410 2762/3114/3113
f 2762/3114/3113 2841/2411/2410 2842/2409/2408
f 2763/3115/3114 2843/2407/2406 2764/3261/3260
f 2764/3261/3260 2843/2407/2406 2844/2405/2404
f 2764/3261/3260 2844/2405/2404 2765/3128/3127
f 2765/3128/3127 2844/2405/2404 2845/2403/2402
f 2766/3129/3128 2846/2401/2400 2767/3262/3261
f 2767/3262/3261 2846/2401/2400 2847/2399/2398
f 2767/3262/3261 2847/2399/2398 2768/2551/2550
f 2768/2551/2550 2847/2399/2398 2848/2397/2396
f 2769/2552/2551 2849/2395/2394 2770/3263/3262
f 2770/3263/3262 2849/2395/2394 2850/2393/2392
f 2770/3263/3262 2850/2393/2392 2771/3143/3142
f 2771/3143/3142 2850/2393/2392 2851/2391/2390
f 2772/3144/3143 2852/2389/2388 2773/3264/3263
f 2773/3264/3263 2852/2389/2388 2853/2387/2386
f 2773/3264/3263 2853/2387/2386 2774/3157/3156
f 2774/3157/3156 2853/2387/2386 2854/2385/2384
f 2775/3158/3157 2855/2383/2382 2776/3265/3264
f 2776/3265/3264 2855/2383/2382 2856/2381/2380
f 2776/3265/3264 2856/2381/2380 2777/3170/3169
f 2777/3170/3169 2856/2381/2380 2857/2379/2378
f 88/2378/2377 2301/2380/2379 3093/3266/3265
f 3093/3266/3265 2301/2380/2379 3014/2382/2381
f 3093/3266/3265 3014/2382/2381 3092/3267/3266
f 3092/3267/3266 3014/2382/2381 3013/2384/2383
f 3092/3267/3266 3013/2384/2383 3091/3268/3267
f 3091/3268/3267 3013/2384/2383 3012/2386/2385
f 3091/3268/3267 3012/2386/2385 3090/3269/3268
f 3090/3269/3268 3012/2386/2385 3011/2388/2387
f 3090/3269/3268 3011/2388/2387 3089/3270/3269
f 3089/3270/3269 3011/2388/2387 3010/2390/2389
f 3089/3270/3269 3010/2390/2389 3088/3271/3270
f 3088/3271/3270 3010/2390/2389 3009/2392/2391
f 3088/3271/3270 3009/2392/2391 3087/3272/3271
f 3087/3272/3271 3009/2392/2391 3008/2394/2393
f 3087/3272/3271 3008/2394/2393 3086/3273/3272
f 3086/3273/3272 3008/2394/2393 3007/2396/2395
f 3086/3273/3272 3007/2396/2395 3085/3274/3273
f 3085/3274/3273 3007/2396/2395 3006/2398/2397
f 3085/3274/3273 3006/2398/2397 3084/3275/3274
f 3084/3275/3274 3006/2398/2397 3005/2400/2399
f 3084/3275/3274 3005/2400/2399 3083/3276/3275
f 3083/3276/3275 3005/2400/2399 3004/2402/2401
f 3083/3276/3275 3004/2402/2401 3082/3277/3276
f 3082/3277/3276 3004/2402/2401 3003/2404/2403
f 3082/3277/3276 3003/2404/2403 3081/3278/3277
f 3081/3278/3277 3003/2404/2403 3002/2406/2405
f 3081/3278/3277 3002/2406/2405 3080/3279/3278
f 3080/3279/3278 3002/2406/2405 3001/2408/2407
f 3080/3279/3278 3001/2408/2407 3079/3280/3279
f 3079/3280/3279 3001/2408/2407 3000/2410/2409
f 3079/3280/3279 3000/2410/2409 3078/3281/3280
f 3078/3281/3280 3000/2410/2409 2999/2412/2411
f 3078/3281/3280 2999/2412/2411 3077/3282/3281
f 3077/3282/3281 2999/2412/2411 2998/2414/2413
f 3077/3282/3281 2998/2414/2413 3076/3283/3282
f 3076/3283/3282 2998/2414/2413 2997/2416/2415
f 3076/3283/3282 2997/2416/2415 3075/3284/3283
f 3075/3284/3283 2997/2416/2415 2996/2418/2417
f 3075/3284/3283 2996/2418/2417 3074/3285/3284
f 3074/3285/3284 2996/2418/2417 2995/2420/2419
f 3074/3285/3284 2995/2420/2419 3073/3286/3285
f 3073/3286/3285 2995/2420/2419 2994/2422/2421
f 3073/3286/3285 2994/2422/2421 3072/3287/3286
f 3072/3287/3286 2994/2422/2421 2993/2424/2423
f 3072/3287/3286 2993/2424/2423 3071/3288/3287
f 3071/3288/3287 2993/2424/2423 2992/2426/2425
f 3071/3288/3287 2992/2426/2425 3070/3289/3288
f 3070/3289/3288 2992/2426/2425 2991/2428/2427
f 3070/3289/3288 2991/2428/2427 3069/3290/3289
f 3069/3290/3289 2991/2428/2427 2990/2430/2429
f 3069/3290/3289 2990/2430/2429 3068/3291/3290
f 3068/3291/3290 2990/2430/2429 2989/2432/2431
f 3068/3291/3290 2989/2432/2431 3067/3292/3291
f 3067/3292/3291 2989/2432/2431 2988/2434/2433
f 3067/3292/3291 2988/2434/2433 3066/3293/3292
f 3066/3293/3292 2988/2434/2433 2987/2436/2435
f 3066/3293/3292 2987/2436/2435 3065/3294/3293
f 3065/3294/3293 2987/2436/2435 2986/2438/2437
f 3065/3294/3293 2986/2438/2437 3064/3295/3294
f 3064/3295/3294 2986/2438/2437 2985/2440/2439
f 3064/3295/3294 2985/2440/2439 3063/3296/3295
f 3063/3296/3295 2985/2440/2439 2984/2442/2441
f 3063/3296/3295 2984/2442/2441 3062/3297/3296
f 3062/3297/3296 2984/2442/2441 2983/2444/2443
f 3062/3297/3296 2983/2444/2443 3061/3298/3297
f 3061/3298/3297 2983/2444/2443 2982/2446/2445
f 3061/3298/3297 2982/2446/2445 3060/3299/3298
f 3060/3299/3298 2982/2446/2445 2981/2448/2447
f 3060/3299/3298 2981/2448/2447 3059/3300/3299
f 3059/3300/3299 2981/2448/2447 2980/2450/2449
f 3059/3300/3299 2980/2450/2449 3058/3301/3300
f 3058/3301/3300 2980/2450/2449 2979/2452/2451
f 3058/3301/3300 2979/2452/2451 3057/3302/3301
f 3057/3302/3301 2979/2452/2451 2978/2454/2453
f 3057/3302/3301 2978/2454/2453 3056/3303/3302
f 3056/3303/3302 2978/2454/2453 2977/2456/2455
f 3056/3303/3302 2977/2456/2455 3055/3304/3303
f 3055/3304/3303 2977/2456/2455 2976/2458/2457
f 3055/3304/3303 2976/2458/2457 3054/3305/3304
f 3054/3305/3304 2976/2458/2457 2975/2460/2459
f 3054/3305/3304 2975/2460/2459 3053/3306/3305
f 3053/3306/3305 2975/2460/2459 2974/2462/2461
f 3053/3306/3305 2974/2462/2461 3052/3307/3306
f 3052/3307/3306 2974/2462/2461 2973/2464/2463
f 3052/3307/3306 2973/2464/2463 3051/3308/3307
f 3051/3308/3307 2973/2464/2463 2972/2466/2465
f 3051/3308/3307 2972/2466/2465 3050/3309/3308
f 3050/3309/3308 2972/2466/2465 2971/2468/2467
f 3050/3309/3308 2971/2468/2467 3049/3310/3309
f 3049/3310/3309 2971/2468/2467 2970/2470/2469
f 3049/3310/3309 2970/2470/2469 3048/2658/2657
f 3048/2658/2657 2970/2470/2469 2969/2472/2471
f 2858/2839/2838 2859/2840/2839 3/2646/2645
f 3/2646/2645 2859/2840/2839 2860/2841/2840
f 3/2646/2645 2860/2841/2840 2861/2842/2841
f 2861/2842/2841 2862/2843/2842 3/2646/2645
f 3/2646/2645 2862/2843/2842 2863/2844/2843
f 3/2646/2645 2863/2844/2843 2864/2845/2844
f 2864/2845/2844 2865/2846/2845 3/2646/2645
f 3/2646/2645 2865/2846/2845 2866/2847/2846
f 3/2646/2645 2866/2847/2846 2867/2848/2847
f 2867/2848/2847 2868/2849/2848 3/2646/2645
f 3/2646/2645 2868/2849/2848 2869/2850/2849
f 3/2646/2645 2869/2850/2849 2870/2851/2850
f 2870/2851/2850 2871/2852/2851 3/2646/2645
f 3/2646/2645 2871/2852/2851 2872/2853/2852
f 3/2646/2645 2872/2853/2852 2873/2854/2853
f 2873/2854/2853 2874/2855/2854 3/2646/2645
f 3/2646/2645 2874/2855/2854 2875/2856/2855
f 3/2646/2645 2875/2856/2855 2876/2857/2856
f 2876/2857/2856 2877/2858/2857 3/2646/2645
f 3/2646/2645 2877/2858/2857 2878/2859/2858
f 3/2646/2645 2878/2859/2858 2879/2860/2859
f 2879/2860/2859 2880/2861/2860 3/2646/2645
f 3/2646/2645 2880/2861/2860 2881/2862/2861
f 3/2646/2645 2881/2862/2861 2882/2863/2862
f 2882/2863/2862 2883/2864/2863 3/2646/2645
f 3/2646/2645 2883/2864/2863 2884/2865/2864
f 3/2646/2645 2884/2865/2864 2885/2866/2865
f 2885/2866/2865 2886/2867/2866 3/2646/2645
f 3/2646/2645 2886/2867/2866 2887/2868/2867
f 3/2646/2645 2887/2868/2867 2888/2869/2868
f 2888/2869/2868 2889/2870/2869 3/2646/2645
f 3/2646/2645 2889/2870/2869 2890/2871/2870
f 3/2646/2645 2890/2871/2870 2891/2872/2871
f 2891/2872/2871 2892/2873/2872 3/2646/2645
f 3/2646/2645 2892/2873/2872 2893/2874/2873
f 3/2646/2645 2893/2874/2873 2894/2875/2874
f 2894/2875/2874 2895/2876/2875 3/2646/2645
f 3/2646/2645 2895/2876/2875 2896/2877/2876
f 3/2646/2645 2896/2877/2876 2897/2647/2646
f 2899/2649/2648 2900/3311/3310 1/2538/2537
f 1/2538/2537 2900/3311/3310 2901/3312/3311
f 1/2538/2537 2901/3312/3311 2902/3313/3312
f 2902/3313/3312 2901/3312/3311 3363/3314/3313
f 2902/3313/3312 3363/3314/3313 3362/3315/3314
f 3362/3315/3314 3363/3314/3313 3284/3316/3315
f 3362/3315/3314 3284/3316/3315 3283/3317/3316
f 3283/3317/3316 3284/3316/3315 3205/3318/3317
f 3283/3317/3316 3205/3318/3317 3204/3319/3318
f 3204/3319/3318 3205/3318/3317 3125/3320/3319
f 3204/3319/3318 3125/3320/3319 3124/3321/3320
f 3124/3321/3320 3125/3320/3319 3045/3322/3321
f 3124/3321/3320 3045/3322/3321 3044/3323/3322
f 3044/3323/3322 3045/3322/3321 2966/2478/2477
f 3044/3323/3322 2966/2478/2477 2965/2480/2479
f 2899/2649/2648 3365/2651/2650 2900/3311/3310
f 2900/3311/3310 3365/2651/2650 3364/3324/3323
f 2900/3311/3310 3364/3324/3323 2901/3312/3311
f 2901/3312/3311 3364/3324/3323 3363/3314/3313
f 2902/3313/3312 2903/3325/3324 1/2538/2537
f 1/2538/2537 2903/3325/3324 2904/3326/3325
f 1/2538/2537 2904/3326/3325 2905/3327/3326
f 2905/3327/3326 2904/3326/3325 3360/3328/3327
f 2905/3327/3326 3360/3328/3327 3359/3329/3328
f 3359/3329/3328 3360/3328/3327 3281/3330/3329
f 3359/3329/3328 3281/3330/3329 3280/3331/3330
f 3280/3331/3330 3281/3330/3329 3202/3332/3331
f 3280/3331/3330 3202/3332/3331 3201/3333/3332
f 3201/3333/3332 3202/3332/3331 3122/3334/3333
f 3201/3333/3332 3122/3334/3333 3121/3335/3334
f 3121/3335/3334 3122/3334/3333 3042/3336/3335
f 3121/3335/3334 3042/3336/3335 3041/3337/3336
f 3041/3337/3336 3042/3336/3335 2963/2484/2483
f 3041/3337/3336 2963/2484/2483 2962/2486/2485
f 2902/3313/3312 3362/3315/3314 2903/3325/3324
f 2903/3325/3324 3362/3315/3314 3361/3338/3337
f 2903/3325/3324 3361/3338/3337 2904/3326/3325
f 2904/3326/3325 3361/3338/3337 3360/3328/3327
f 2905/3327/3326 2906/3339/3338 1/2538/2537
f 1/2538/2537 2906/3339/3338 2907/3340/3339
f 1/2538/2537 2907/3340/3339 2908/3341/3340
f 2908/3341/3340 2907/3340/3339 3357/3342/3341
f 2908/3341/3340 3357/3342/3341 3356/3343/3342
f 3356/3343/3342 3357/3342/3341 3278/3344/3343
f 3356/3343/3342 3278/3344/3343 3277/3345/3344
f 3277/3345/3344 3278/3344/3343 3199/3346/3345
f 3277/3345/3344 3199/3346/3345 3198/3347/3346
f 3198/3347/3346 3199/3346/3345 3119/3348/3347
f 3198/3347/3346 3119/3348/3347 3118/3349/3348
f 3118/3349/3348 3119/3348/3347 3039/3350/3349
f 3118/3349/3348 3039/3350/3349 3038/3351/3350
f 3038/3351/3350 3039/3350/3349 2960/2490/2489
f 3038/3351/3350 2960/2490/2489 2959/2492/2491
f 2905/3327/3326 3359/3329/3328 2906/3339/3338
f 2906/3339/3338 3359/3329/3328 3358/3352/3351
f 2906/3339/3338 3358/3352/3351 2907/3340/3339
f 2907/3340/3339 3358/3352/3351 3357/3342/3341
f 2908/3341/3340 2909/3353/3352 1/2538/2537
f 1/2538/2537 2909/3353/3352 2910/3354/3353
f 1/2538/2537 2910/3354/3353 2911/3355/3354
f 2911/3355/3354 2910/3354/3353 3354/3356/3355
f 2911/3355/3354 3354/3356/3355 3353/3357/3356
f 3353/3357/3356 3354/3356/3355 3275/3358/3357
f 3353/3357/3356 3275/3358/3357 3274/3359/3358
f 3274/3359/3358 3275/3358/3357 3196/3360/3359
f 3274/3359/3358 3196/3360/3359 3195/3361/3360
f 3195/3361/3360 3196/3360/3359 3116/3362/3361
f 3195/3361/3360 3116/3362/3361 3115/3363/3362
f 3115/3363/3362 3116/3362/3361 3036/3364/3363
f 3115/3363/3362 3036/3364/3363 3035/3365/3364
f 3035/3365/3364 3036/3364/3363 2957/2496/2495
f 3035/3365/3364 2957/2496/2495 2956/2498/2497
f 2908/3341/3340 3356/3343/3342 2909/3353/3352
f 2909/3353/3352 3356/3343/3342 3355/3366/3365
f 2909/3353/3352 3355/3366/3365 2910/3354/3353
f 2910/3354/3353 3355/3366/3365 3354/3356/3355
f 2911/3355/3354 2912/3367/3366 1/2538/2537
f 1/2538/2537 2912/3367/3366 2913/3368/3367
f 1/2538/2537 2913/3368/3367 2914/3369/3368
f 2914/3369/3368 2913/3368/3367 3351/3370/3369
f 2914/3369/3368 3351/3370/3369 3350/3371/3370
f 3350/3371/3370 3351/3370/3369 3272/3372/3371
f 3350/3371/3370 3272/3372/3371 3271/3373/3372
f 3271/3373/3372 3272/3372/3371 3193/3374/3373
f 3271/3373/3372 3193/3374/3373 3192/3375/3374
f 3192/3375/3374 3193/3374/3373 3113/3376/3375
f 3192/3375/3374 3113/3376/3375 3112/3377/3376
f 3112/3377/3376 3113/3376/3375 3033/3378/3377
f 3112/3377/3376 3033/3378/3377 3032/3379/3378
f 3032/3379/3378 3033/3378/3377 2954/2502/2501
f 3032/3379/3378 2954/2502/2501 2953/2504/2503
f 2911/3355/3354 3353/3357/3356 2912/3367/3366
f 2912/3367/3366 3353/3357/3356 3352/3380/3379
f 2912/3367/3366 3352/3380/3379 2913/3368/3367
f 2913/3368/3367 3352/3380/3379 3351/3370/3369
f 2914/3369/3368 2915/3381/3380 1/2538/2537
f 1/2538/2537 2915/3381/3380 2916/3382/3381
f 1/2538/2537 2916/3382/3381 2917/3383/3382
f 2917/3383/3382 2916/3382/3381 3348/3384/3383
f 2917/3383/3382 3348/3384/3383 3347/3385/3384
f 3347/3385/3384 3348/3384/3383 3269/3386/3385
f 3347/3385/3384 3269/3386/3385 3268/3387/3386
f 3268/3387/3386 3269/3386/3385 3190/3388/3387
f 3268/3387/3386 3190/3388/3387 3189/3389/3388
f 3189/3389/3388 3190/3388/3387 3110/3390/3389
f 3189/3389/3388 3110/3390/3389 3109/3391/3390
f 3109/3391/3390 3110/3390/3389 3030/3392/3391
f 3109/3391/3390 3030/3392/3391 3029/3393/3392
f 3029/3393/3392 3030/3392/3391 2951/2508/2507
f 3029/3393/3392 2951/2508/2507 2950/2510/2509
f 2914/3369/3368 3350/3371/3370 2915/3381/3380
f 2915/3381/3380 3350/3371/3370 3349/3394/3393
f 2915/3381/3380 3349/3394/3393 2916/3382/3381
f 2916/3382/3381 3349/3394/3393 3348/3384/3383
f 2917/3383/3382 2918/3395/3394 1/2538/2537
f 1/2538/2537 2918/3395/3394 2919/3396/3395
f 1/2538/2537 2919/3396/3395 2920/3397/3396
f 2920/3397/3396 2919/3396/3395 3345/3398/3397
f 2920/3397/3396 3345/3398/3397 3344/3399/3398
f 3344/3399/3398 3345/3398/3397 3266/3400/3399
f 3344/3399/3398 3266/3400/3399 3265/3401/3400
f 3265/3401/3400 3266/3400/3399 3187/3402/3401
f 3265/3401/3400 3187/3402/3401 3186/3403/3402
f 3186/3403/3402 3187/3402/3401 3107/3404/3403
f 3186/3403/3402 3107/3404/3403 3106/3405/3404
f 3106/3405/3404 3107/3404/3403 3027/3406/3405
f 3106/3405/3404 3027/3406/3405 3026/3407/3406
f 3026/3407/3406 3027/3406/3405 2948/2514/2513
f 3026/3407/3406 2948/2514/2513 2947/2516/2515
f 2917/3383/3382 3347/3385/3384 2918/3395/3394
f 2918/3395/3394 3347/3385/3384 3346/3408/3407
f 2918/3395/3394 3346/3408/3407 2919/3396/3395
f 2919/3396/3395 3346/3408/3407 3345/3398/3397
f 2920/3397/3396 2921/3409/3408 1/2538/2537
f 1/2538/2537 2921/3409/3408 2922/3410/3409
f 1/2538/2537 2922/3410/3409 2923/3411/3410
f 2923/3411/3410 2922/3410/3409 3342/3412/3411
f 2923/3411/3410 3342/3412/3411 3341/3413/3412
f 3341/3413/3412 3342/3412/3411 3263/3414/3413
f 3341/3413/3412 3263/3414/3413 3262/3415/3414
f 3262/3415/3414 3263/3414/3413 3184/3416/3415
f 3262/3415/3414 3184/3416/3415 3183/3417/3416
f 3183/3417/3416 3184/3416/3415 3104/3418/3417
f 3183/3417/3416 3104/3418/3417 3103/3419/3418
f 3103/3419/3418 3104/3418/3417 3024/3420/3419
f 3103/3419/3418 3024/3420/3419 3023/3421/3420
f 3023/3421/3420 3024/3420/3419 2945/2520/2519
f 3023/3421/3420 2945/2520/2519 2944/2522/2521
f 2920/3397/3396 3344/3399/3398 2921/3409/3408
f 2921/3409/3408 3344/3399/3398 3343/3422/3421
f 2921/3409/3408 3343/3422/3421 2922/3410/3409
f 2922/3410/3409 3343/3422/3421 3342/3412/3411
f 2923/3411/3410 2924/3423/3422 1/2538/2537
f 1/2538/2537 2924/3423/3422 2925/3424/3423
f 1/2538/2537 2925/3424/3423 2926/3425/3424
f 2926/3425/3424 2925/3424/3423 3339/3426/3425
f 2926/3425/3424 3339/3426/3425 3338/3427/3426
f 3338/3427/3426 3339/3426/3425 3260/3428/3427
f 3338/3427/3426 3260/3428/3427 3259/3429/3428
f 3259/3429/3428 3260/3428/3427 3181/3430/3429
f 3259/3429/3428 3181/3430/3429 3180/3431/3430
f 3180/3431/3430 3181/3430/3429 3101/3432/3431
f 3180/3431/3430 3101/3432/3431 3100/2897/2896
f 3100/2897/2896 3101/3432/3431 3021/2899/2898
f 2923/3411/3410 3341/3413/3412 2924/3423/3422
f 2924/3423/3422 3341/3413/3412 3340/3433/3432
f 2924/3423/3422 3340/3433/3432 2925/3424/3423
f 2925/3424/3423 3340/3433/3432 3339/3426/3425
f 2926/3425/3424 2927/3434/3433 1/2538/2537
f 1/2538/2537 2927/3434/3433 2928/3435/3434
f 1/2538/2537 2928/3435/3434 2929/3436/3435
f 2929/3436/3435 2928/3435/3434 3336/3437/3436
f 2929/3436/3435 3336/3437/3436 3335/2891/2890
f 3335/2891/2890 3336/3437/3436 3257/2893/2892
f 2926/3425/3424 3338/3427/3426 2927/3434/3433
f 2927/3434/3433 3338/3427/3426 3337/3438/3437
f 2927/3434/3433 3337/3438/3437 2928/3435/3434
f 2928/3435/3434 3337/3438/3437 3336/3437/3436
f 2930/2889/2888 1/2538/2537 2929/3436/3435
f 3335/2891/2890 2930/2889/2888 2929/3436/3435
f 2932/2887/2886 2931/2888/2887 3333/3439/3438
f 3333/3439/3438 2931/2888/2887 3334/2890/2889
f 3333/3439/3438 3334/2890/2889 3255/3440/3439
f 3255/3440/3439 3334/2890/2889 3256/2892/2891
f 3255/3440/3439 3256/2892/2891 3177/3441/3440
f 3177/3441/3440 3256/2892/2891 3178/2894/2893
f 3177/3441/3440 3178/2894/2893 3098/3442/3441
f 3098/3442/3441 3178/2894/2893 3099/2896/2895
f 3098/3442/3441 3099/2896/2895 3019/3443/3442
f 3019/3443/3442 3099/2896/2895 3020/2898/2897
f 3019/3443/3442 3020/2898/2897 2941/2528/2527
f 2941/2528/2527 3020/2898/2897 2942/2526/2525
f 2935/2902/2901 1/2538/2537 2934/3444/3443
f 2934/3444/3443 1/2538/2537 2933/2886/2885
f 2934/3444/3443 2933/2886/2885 3331/2884/2883
f 3330/2903/2902 2935/2902/2901 2934/3444/3443
f 3330/2903/2902 2934/3444/3443 3331/2884/2883
f 3173/2880/2879 1/2538/2537 3251/2904/2903
f 3251/2904/2903 1/2538/2537 2304/2900/2899
f 2938/2534/2533 2937/2536/2535 3016/3445/3444
f 3016/3445/3444 2937/2536/2535 2303/2878/2877
f 3016/3445/3444 2303/2878/2877 3095/3446/3445
f 3095/3446/3445 2303/2878/2877 3094/2879/2878
f 3095/3446/3445 3094/2879/2878 3174/2881/2880
f 2939/2532/2531 2938/2534/2533 3017/3447/3446
f 3017/3447/3446 2938/2534/2533 3016/3445/3444
f 3017/3447/3446 3016/3445/3444 3096/3448/3447
f 3096/3448/3447 3016/3445/3444 3095/3446/3445
f 3096/3448/3447 3095/3446/3445 3175/3449/3448
f 3175/3449/3448 3095/3446/3445 3174/2881/2880
f 3175/3449/3448 3174/2881/2880 3253/2883/2882
f 3019/3443/3442 2941/2528/2527 2940/2530/2529
f 2940/2530/2529 2939/2532/2531 3018/3450/3449
f 3018/3450/3449 2939/2532/2531 3017/3447/3446
f 3018/3450/3449 3017/3447/3446 3097/3451/3450
f 3097/3451/3450 3017/3447/3446 3096/3448/3447
f 3097/3451/3450 3096/3448/3447 3176/3452/3451
f 3176/3452/3451 3096/3448/3447 3175/3449/3448
f 3176/3452/3451 3175/3449/3448 3254/3453/3452
f 3254/3453/3452 3175/3449/3448 3253/2883/2882
f 3254/3453/3452 3253/2883/2882 3332/2885/2884
f 2944/2522/2521 2943/2524/2523 3022/3454/3453
f 3022/3454/3453 2943/2524/2523 3021/2899/2898
f 3022/3454/3453 3021/2899/2898 3101/3432/3431
f 2945/2520/2519 3024/3420/3419 2946/2518/2517
f 2946/2518/2517 3024/3420/3419 3025/3455/3454
f 2946/2518/2517 3025/3455/3454 2947/2516/2515
f 2947/2516/2515 3025/3455/3454 3026/3407/3406
f 2948/2514/2513 3027/3406/3405 2949/2512/2511
f 2949/2512/2511 3027/3406/3405 3028/3456/3455
f 2949/2512/2511 3028/3456/3455 2950/2510/2509
f 2950/2510/2509 3028/3456/3455 3029/3393/3392
f 2951/2508/2507 3030/3392/3391 2952/2506/2505
f 2952/2506/2505 3030/3392/3391 3031/3457/3456
f 2952/2506/2505 3031/3457/3456 2953/2504/2503
f 2953/2504/2503 3031/3457/3456 3032/3379/3378
f 2954/2502/2501 3033/3378/3377 2955/2500/2499
f 2955/2500/2499 3033/3378/3377 3034/3458/3457
f 2955/2500/2499 3034/3458/3457 2956/2498/2497
f 2956/2498/2497 3034/3458/3457 3035/3365/3364
f 2957/2496/2495 3036/3364/3363 2958/2494/2493
f 2958/2494/2493 3036/3364/3363 3037/3459/3458
f 2958/2494/2493 3037/3459/3458 2959/2492/2491
f 2959/2492/2491 3037/3459/3458 3038/3351/3350
f 2960/2490/2489 3039/3350/3349 2961/2488/2487
f 2961/2488/2487 3039/3350/3349 3040/3460/3459
f 2961/2488/2487 3040/3460/3459 2962/2486/2485
f 2962/2486/2485 3040/3460/3459 3041/3337/3336
f 2963/2484/2483 3042/3336/3335 2964/2482/2481
f 2964/2482/2481 3042/3336/3335 3043/3461/3460
f 2964/2482/2481 3043/3461/3460 2965/2480/2479
f 2965/2480/2479 3043/3461/3460 3044/3323/3322
f 2966/2478/2477 3045/3322/3321 2967/2476/2475
f 2967/2476/2475 3045/3322/3321 3046/3462/3461
f 2967/2476/2475 3046/3462/3461 2968/2474/2473
f 2968/2474/2473 3046/3462/3461 3047/2659/2658
f 88/2378/2377 3093/3266/3265 3015/2753/2752
f 3015/2753/2752 3093/3266/3265 3092/3267/3266
f 3015/2753/2752 3092/3267/3266 3171/2754/2753
f 3171/2754/2753 3092/3267/3266 3091/3268/3267
f 3171/2754/2753 3091/3268/3267 3170/2756/2755
f 3170/2756/2755 3091/3268/3267 3090/3269/3268
f 3170/2756/2755 3090/3269/3268 3169/2758/2757
f 3169/2758/2757 3090/3269/3268 3089/3270/3269
f 3169/2758/2757 3089/3270/3269 3168/2760/2759
f 3168/2760/2759 3089/3270/3269 3088/3271/3270
f 3168/2760/2759 3088/3271/3270 3167/2762/2761
f 3167/2762/2761 3088/3271/3270 3087/3272/3271
f 3167/2762/2761 3087/3272/3271 3166/2764/2763
f 3166/2764/2763 3087/3272/3271 3086/3273/3272
f 3166/2764/2763 3086/3273/3272 3165/2766/2765
f 3165/2766/2765 3086/3273/3272 3085/3274/3273
f 3165/2766/2765 3085/3274/3273 3164/2768/2767
f 3164/2768/2767 3085/3274/3273 3084/3275/3274
f 3164/2768/2767 3084/3275/3274 3163/2770/2769
f 3163/2770/2769 3084/3275/3274 3083/3276/3275
f 3163/2770/2769 3083/3276/3275 3162/2772/2771
f 3162/2772/2771 3083/3276/3275 3082/3277/3276
f 3162/2772/2771 3082/3277/3276 3161/2774/2773
f 3161/2774/2773 3082/3277/3276 3081/3278/3277
f 3161/2774/2773 3081/3278/3277 3160/2776/2775
f 3160/2776/2775 3081/3278/3277 3080/3279/3278
f 3160/2776/2775 3080/3279/3278 3159/2778/2777
f 3159/2778/2777 3080/3279/3278 3079/3280/3279
f 3159/2778/2777 3079/3280/3279 3158/2780/2779
f 3158/2780/2779 3079/3280/3279 3078/3281/3280
f 3158/2780/2779 3078/3281/3280 3157/2782/2781
f 3157/2782/2781 3078/3281/3280 3077/3282/3281
f 3157/2782/2781 3077/3282/3281 3156/2784/2783
f 3156/2784/2783 3077/3282/3281 3076/3283/3282
f 3156/2784/2783 3076/3283/3282 3155/2786/2785
f 3155/2786/2785 3076/3283/3282 3075/3284/3283
f 3155/2786/2785 3075/3284/3283 3154/2788/2787
f 3154/2788/2787 3075/3284/3283 3074/3285/3284
f 3154/2788/2787 3074/3285/3284 3153/2790/2789
f 3153/2790/2789 3074/3285/3284 3073/3286/3285
f 3153/2790/2789 3073/3286/3285 3152/2792/2791
f 3152/2792/2791 3073/3286/3285 3072/3287/3286
f 3152/2792/2791 3072/3287/3286 3151/2794/2793
f 3151/2794/2793 3072/3287/3286 3071/3288/3287
f 3151/2794/2793 3071/3288/3287 3150/2796/2795
f 3150/2796/2795 3071/3288/3287 3070/3289/3288
f 3150/2796/2795 3070/3289/3288 3149/2798/2797
f 3149/2798/2797 3070/3289/3288 3069/3290/3289
f 3149/2798/2797 3069/3290/3289 3148/2800/2799
f 3148/2800/2799 3069/3290/3289 3068/3291/3290
f 3148/2800/2799 3068/3291/3290 3147/2802/2801
f 3147/2802/2801 3068/3291/3290 3067/3292/3291
f 3147/2802/2801 3067/3292/3291 3146/2804/2803
f 3146/2804/2803 3067/3292/3291 3066/3293/3292
f 3146/2804/2803 3066/3293/3292 3145/2806/2805
f 3145/2806/2805 3066/3293/3292 3065/3294/3293
f 3145/2806/2805 3065/3294/3293 3144/2808/2807
f 3144/2808/2807 3065/3294/3293 3064/3295/3294
f 3144/2808/2807 3064/3295/3294 3143/2810/2809
f 3143/2810/2809 3064/3295/3294 3063/3296/3295
f 3143/2810/2809 3063/3296/3295 3142/2812/2811
f 3142/2812/2811 3063/3296/3295 3062/3297/3296
f 3142/2812/2811 3062/3297/3296 3141/2814/2813
f 3141/2814/2813 3062/3297/3296 3061/3298/3297
f 3141/2814/2813 3061/3298/3297 3140/2816/2815
f 3140/2816/2815 3061/3298/3297 3060/3299/3298
f 3140/2816/2815 3060/3299/3298 3139/2818/2817
f 3139/2818/2817 3060/3299/3298 3059/3300/3299
f 3139/2818/2817 3059/3300/3299 3138/2820/2819
f 3138/2820/2819 3059/3300/3299 3058/3301/3300
f 3138/2820/2819 3058/3301/3300 3137/2822/2821
f 3137/2822/2821 3058/3301/3300 3057/3302/3301
f 3137/2822/2821 3057/3302/3301 3136/2824/2823
f 3136/2824/2823 3057/3302/3301 3056/3303/3302
f 3136/2824/2823 3056/3303/3302 3135/2826/2825
f 3135/2826/2825 3056/3303/3302 3055/3304/3303
f 3135/2826/2825 3055/3304/3303 3134/2828/2827
f 3134/2828/2827 3055/3304/3303 3054/3305/3304
f 3134/2828/2827 3054/3305/3304 3133/2830/2829
f 3133/2830/2829 3054/3305/3304 3053/3306/3305
f 3133/2830/2829 3053/3306/3305 3132/2832/2831
f 3132/2832/2831 3053/3306/3305 3052/3307/3306
f 3132/2832/2831 3052/3307/3306 3131/2834/2833
f 3131/2834/2833 3052/3307/3306 3051/3308/3307
f 3131/2834/2833 3051/3308/3307 3130/2836/2835
f 3130/2836/2835 3051/3308/3307 3050/3309/3308
f 3130/2836/2835 3050/3309/3308 3129/2838/2837
f 3129/2838/2837 3050/3309/3308 3049/3310/3309
f 3129/2838/2837 3049/3310/3309 3128/2656/2655
f 3128/2656/2655 3049/3310/3309 3048/2658/2657
f 1/2538/2537 2303/2878/2877 2937/2536/2535
f 3098/3442/3441 3019/3443/3442 3018/3450/3449
f 3018/3450/3449 3019/3443/3442 2940/2530/2529
f 3098/3442/3441 3018/3450/3449 3097/3451/3450
f 2944/2522/2521 3022/3454/3453 3023/3421/3420
f 3023/3421/3420 3022/3454/3453 3102/3463/3462
f 3023/3421/3420 3102/3463/3462 3103/3419/3418
f 3103/3419/3418 3102/3463/3462 3182/3464/3463
f 3103/3419/3418 3182/3464/3463 3183/3417/3416
f 3183/3417/3416 3182/3464/3463 3261/3465/3464
f 3183/3417/3416 3261/3465/3464 3262/3415/3414
f 3262/3415/3414 3261/3465/3464 3340/3433/3432
f 3262/3415/3414 3340/3433/3432 3341/3413/3412
f 3102/3463/3462 3022/3454/3453 3101/3432/3431
f 3024/3420/3419 3104/3418/3417 3025/3455/3454
f 3025/3455/3454 3104/3418/3417 3105/3466/3465
f 3025/3455/3454 3105/3466/3465 3026/3407/3406
f 3026/3407/3406 3105/3466/3465 3106/3405/3404
f 3027/3406/3405 3107/3404/3403 3028/3456/3455
f 3028/3456/3455 3107/3404/3403 3108/3467/3466
f 3028/3456/3455 3108/3467/3466 3029/3393/3392
f 3029/3393/3392 3108/3467/3466 3109/3391/3390
f 3030/3392/3391 3110/3390/3389 3031/3457/3456
f 3031/3457/3456 3110/3390/3389 3111/3468/3467
f 3031/3457/3456 3111/3468/3467 3032/3379/3378
f 3032/3379/3378 3111/3468/3467 3112/3377/3376
f 3033/3378/3377 3113/3376/3375 3034/3458/3457
f 3034/3458/3457 3113/3376/3375 3114/3469/3468
f 3034/3458/3457 3114/3469/3468 3035/3365/3364
f 3035/3365/3364 3114/3469/3468 3115/3363/3362
f 3036/3364/3363 3116/3362/3361 3037/3459/3458
f 3037/3459/3458 3116/3362/3361 3117/3470/3469
f 3037/3459/3458 3117/3470/3469 3038/3351/3350
f 3038/3351/3350 3117/3470/3469 3118/3349/3348
f 3039/3350/3349 3119/3348/3347 3040/3460/3459
f 3040/3460/3459 3119/3348/3347 3120/3471/3470
f 3040/3460/3459 3120/3471/3470 3041/3337/3336
f 3041/3337/3336 3120/3471/3470 3121/3335/3334
f 3042/3336/3335 3122/3334/3333 3043/3461/3460
f 3043/3461/3460 3122/3334/3333 3123/3472/3471
f 3043/3461/3460 3123/3472/3471 3044/3323/3322
f 3044/3323/3322 3123/3472/3471 3124/3321/3320
f 3045/3322/3321 3125/3320/3319 3046/3462/3461
f 3046/3462/3461 3125/3320/3319 3126/3473/3472
f 3046/3462/3461 3126/3473/3472 3047/2659/2658
f 3047/2659/2658 3126/3473/3472 3127/2657/2656
f 3177/3441/3440 3098/3442/3441 3097/3451/3450
f 3177/3441/3440 3097/3451/3450 3176/3452/3451
f 3180/3431/3430 3100/2897/2896 3179/2895/2894
f 3182/3464/3463 3102/3463/3462 3181/3430/3429
f 3181/3430/3429 3102/3463/3462 3101/3432/3431
f 3104/3418/3417 3184/3416/3415 3105/3466/3465
f 3105/3466/3465 3184/3416/3415 3185/3474/3473
f 3105/3466/3465 3185/3474/3473 3106/3405/3404
f 3106/3405/3404 3185/3474/3473 3186/3403/3402
f 3107/3404/3403 3187/3402/3401 3108/3467/3466
f 3108/3467/3466 3187/3402/3401 3188/3475/3474
f 3108/3467/3466 3188/3475/3474 3109/3391/3390
f 3109/3391/3390 3188/3475/3474 3189/3389/3388
f 3110/3390/3389 3190/3388/3387 3111/3468/3467
f 3111/3468/3467 3190/3388/3387 3191/3476/3475
f 3111/3468/3467 3191/3476/3475 3112/3377/3376
f 3112/3377/3376 3191/3476/3475 3192/3375/3374
f 3113/3376/3375 3193/3374/3373 3114/3469/3468
f 3114/3469/3468 3193/3374/3373 3194/3477/3476
f 3114/3469/3468 3194/3477/3476 3115/3363/3362
f 3115/3363/3362 3194/3477/3476 3195/3361/3360
f 3116/3362/3361 3196/3360/3359 3117/3470/3469
f 3117/3470/3469 3196/3360/3359 3197/3478/3477
f 3117/3470/3469 3197/3478/3477 3118/3349/3348
f 3118/3349/3348 3197/3478/3477 3198/3347/3346
f 3119/3348/3347 3199/3346/3345 3120/3471/3470
f 3120/3471/3470 3199/3346/3345 3200/3479/3478
f 3120/3471/3470 3200/3479/3478 3121/3335/3334
f 3121/3335/3334 3200/3479/3478 3201/3333/3332
f 3122/3334/3333 3202/3332/3331 3123/3472/3471
f 3123/3472/3471 3202/3332/3331 3203/3480/3479
f 3123/3472/3471 3203/3480/3479 3124/3321/3320
f 3124/3321/3320 3203/3480/3479 3204/3319/3318
f 3125/3320/3319 3205/3318/3317 3126/3473/3472
f 3126/3473/3472 3205/3318/3317 3206/3481/3480
f 3126/3473/3472 3206/3481/3480 3127/2657/2656
f 3127/2657/2656 3206/3481/3480 3207/2655/2654
f 3255/3440/3439 3177/3441/3440 3176/3452/3451
f 3255/3440/3439 3176/3452/3451 3254/3453/3452
f 3180/3431/3430 3179/2895/2894 3258/3482/3481
f 3258/3482/3481 3179/2895/2894 3257/2893/2892
f 3258/3482/3481 3257/2893/2892 3336/3437/3436
f 3261/3465/3464 3182/3464/3463 3260/3428/3427
f 3260/3428/3427 3182/3464/3463 3181/3430/3429
f 3184/3416/3415 3263/3414/3413 3185/3474/3473
f 3185/3474/3473 3263/3414/3413 3264/3483/3482
f 3185/3474/3473 3264/3483/3482 3186/3403/3402
f 3186/3403/3402 3264/3483/3482 3265/3401/3400
f 3187/3402/3401 3266/3400/3399 3188/3475/3474
f 3188/3475/3474 3266/3400/3399 3267/3484/3483
f 3188/3475/3474 3267/3484/3483 3189/3389/3388
f 3189/3389/3388 3267/3484/3483 3268/3387/3386
f 3190/3388/3387 3269/3386/3385 3191/3476/3475
f 3191/3476/3475 3269/3386/3385 3270/3485/3484
f 3191/3476/3475 3270/3485/3484 3192/3375/3374
f 3192/3375/3374 3270/3485/3484 3271/3373/3372
f 3193/3374/3373 3272/3372/3371 3194/3477/3476
f 3194/3477/3476 3272/3372/3371 3273/3486/3485
f 3194/3477/3476 3273/3486/3485 3195/3361/3360
f 3195/3361/3360 3273/3486/3485 3274/3359/3358
f 3196/3360/3359 3275/3358/3357 3197/3478/3477
f 3197/3478/3477 3275/3358/3357 3276/3487/3486
f 3197/3478/3477 3276/3487/3486 3198/3347/3346
f 3198/3347/3346 3276/3487/3486 3277/3345/3344
f 3199/3346/3345 3278/3344/3343 3200/3479/3478
f 3200/3479/3478 3278/3344/3343 3279/3488/3487
f 3200/3479/3478 3279/3488/3487 3201/3333/3332
f 3201/3333/3332 3279/3488/3487 3280/3331/3330
f 3202/3332/3331 3281/3330/3329 3203/3480/3479
f 3203/3480/3479 3281/3330/3329 3282/3489/3488
f 3203/3480/3479 3282/3489/3488 3204/3319/3318
f 3204/3319/3318 3282/3489/3488 3283/3317/3316
f 3205/3318/3317 3284/3316/3315 3206/3481/3480
f 3206/3481/3480 3284/3316/3315 3285/3490/3489
f 3206/3481/3480 3285/3490/3489 3207/2655/2654
f 3207/2655/2654 3285/3490/3489 3286/2653/2652
f 3208/2654/2653 3287/2652/2651 3209/2837/2836
f 3209/2837/2836 3287/2652/2651 3288/2743/2742
f 3209/2837/2836 3288/2743/2742 3210/2835/2834
f 3210/2835/2834 3288/2743/2742 3289/2741/2740
f 3210/2835/2834 3289/2741/2740 3211/2833/2832
f 3211/2833/2832 3289/2741/2740 3290/2739/2738
f 3211/2833/2832 3290/2739/2738 3212/2831/2830
f 3212/2831/2830 3290/2739/2738 3291/2737/2736
f 3212/2831/2830 3291/2737/2736 3213/2829/2828
f 3213/2829/2828 3291/2737/2736 3292/2735/2734
f 3213/2829/2828 3292/2735/2734 3214/2827/2826
f 3214/2827/2826 3292/2735/2734 3293/2733/2732
f 3214/2827/2826 3293/2733/2732 3215/2825/2824
f 3215/2825/2824 3293/2733/2732 3294/2731/2730
f 3215/2825/2824 3294/2731/2730 3216/2823/2822
f 3216/2823/2822 3294/2731/2730 3295/2729/2728
f 3216/2823/2822 3295/2729/2728 3217/2821/2820
f 3217/2821/2820 3295/2729/2728 3296/2727/2726
f 3217/2821/2820 3296/2727/2726 3218/2819/2818
f 3218/2819/2818 3296/2727/2726 3297/2725/2724
f 3218/2819/2818 3297/2725/2724 3219/2817/2816
f 3219/2817/2816 3297/2725/2724 3298/2723/2722
f 3219/2817/2816 3298/2723/2722 3220/2815/2814
f 3220/2815/2814 3298/2723/2722 3299/2721/2720
f 3220/2815/2814 3299/2721/2720 3221/2813/2812
f 3221/2813/2812 3299/2721/2720 3300/2719/2718
f 3221/2813/2812 3300/2719/2718 3222/2811/2810
f 3222/2811/2810 3300/2719/2718 3301/2717/2716
f 3222/2811/2810 3301/2717/2716 3223/2809/2808
f 3223/2809/2808 3301/2717/2716 3302/2715/2714
f 3223/2809/2808 3302/2715/2714 3224/2807/2806
f 3224/2807/2806 3302/2715/2714 3303/2713/2712
f 3224/2807/2806 3303/2713/2712 3225/2805/2804
f 3225/2805/2804 3303/2713/2712 3304/2711/2710
f 3225/2805/2804 3304/2711/2710 3226/2803/2802
f 3226/2803/2802 3304/2711/2710 3305/2709/2708
f 3226/2803/2802 3305/2709/2708 3227/2801/2800
f 3227/2801/2800 3305/2709/2708 3306/2707/2706
f 3227/2801/2800 3306/2707/2706 3228/2799/2798
f 3228/2799/2798 3306/2707/2706 3307/2705/2704
f 3228/2799/2798 3307/2705/2704 3229/2797/2796
f 3229/2797/2796 3307/2705/2704 3308/2703/2702
f 3229/2797/2796 3308/2703/2702 3230/2795/2794
f 3230/2795/2794 3308/2703/2702 3309/2701/2700
f 3230/2795/2794 3309/2701/2700 3231/2793/2792
f 3231/2793/2792 3309/2701/2700 3310/2699/2698
f 3231/2793/2792 3310/2699/2698 3232/2791/2790
f 3232/2791/2790 3310/2699/2698 3311/2697/2696
f 3232/2791/2790 3311/2697/2696 3233/2789/2788
f 3233/2789/2788 3311/2697/2696 3312/2695/2694
f 3233/2789/2788 3312/2695/2694 3234/2787/2786
f 3234/2787/2786 3312/2695/2694 3313/2693/2692
f 3234/2787/2786 3313/2693/2692 3235/2785/2784
f 3235/2785/2784 3313/2693/2692 3314/2691/2690
f 3235/2785/2784 3314/2691/2690 3236/2783/2782
f 3236/2783/2782 3314/2691/2690 3315/2689/2688
f 3236/2783/2782 3315/2689/2688 3237/2781/2780
f 3237/2781/2780 3315/2689/2688 3316/2687/2686
f 3237/2781/2780 3316/2687/2686 3238/2779/2778
f 3238/2779/2778 3316/2687/2686 3317/2685/2684
f 3238/2779/2778 3317/2685/2684 3239/2777/2776
f 3239/2777/2776 3317/2685/2684 3318/2683/2682
f 3239/2777/2776 3318/2683/2682 3240/2775/2774
f 3240/2775/2774 3318/2683/2682 3319/2681/2680
f 3240/2775/2774 3319/2681/2680 3241/2773/2772
f 3241/2773/2772 3319/2681/2680 3320/2679/2678
f 3241/2773/2772 3320/2679/2678 3242/2771/2770
f 3242/2771/2770 3320/2679/2678 3321/2677/2676
f 3242/2771/2770 3321/2677/2676 3243/2769/2768
f 3243/2769/2768 3321/2677/2676 3322/2675/2674
f 3243/2769/2768 3322/2675/2674 3244/2767/2766
f 3244/2767/2766 3322/2675/2674 3323/2673/2672
f 3244/2767/2766 3323/2673/2672 3245/2765/2764
f 3245/2765/2764 3323/2673/2672 3324/2671/2670
f 3245/2765/2764 3324/2671/2670 3246/2763/2762
f 3246/2763/2762 3324/2671/2670 3325/2669/2668
f 3246/2763/2762 3325/2669/2668 3247/2761/2760
f 3247/2761/2760 3325/2669/2668 3326/2667/2666
f 3247/2761/2760 3326/2667/2666 3248/2759/2758
f 3248/2759/2758 3326/2667/2666 3327/2665/2664
f 3248/2759/2758 3327/2665/2664 3249/2757/2756
f 3249/2757/2756 3327/2665/2664 3328/2663/2662
f 3249/2757/2756 3328/2663/2662 3250/2755/2754
f 3250/2755/2754 3328/2663/2662 3329/2661/2660
f 3250/2755/2754 3329/2661/2660 2302/2660/2659
f 3331/2884/2883 3252/2882/2881 3330/2903/2902
f 3333/3439/3438 3255/3440/3439 3254/3453/3452
f 3333/3439/3438 3254/3453/3452 3332/2885/2884
f 3180/3431/3430 3258/3482/3481 3259/3429/3428
f 3259/3429/3428 3258/3482/3481 3337/3438/3437
f 3259/3429/3428 3337/3438/3437 3338/3427/3426
f 3337/3438/3437 3258/3482/3481 3336/3437/3436
f 3340/3433/3432 3261/3465/3464 3339/3426/3425
f 3339/3426/3425 3261/3465/3464 3260/3428/3427
f 3263/3414/3413 3342/3412/3411 3264/3483/3482
f 3264/3483/3482 3342/3412/3411 3343/3422/3421
f 3264/3483/3482 3343/3422/3421 3265/3401/3400
f 3265/3401/3400 3343/3422/3421 3344/3399/3398
f 3266/3400/3399 3345/3398/3397 3267/3484/3483
f 3267/3484/3483 3345/3398/3397 3346/3408/3407
f 3267/3484/3483 3346/3408/3407 3268/3387/3386
f 3268/3387/3386 3346/3408/3407 3347/3385/3384
f 3269/3386/3385 3348/3384/3383 3270/3485/3484
f 3270/3485/3484 3348/3384/3383 3349/3394/3393
f 3270/3485/3484 3349/3394/3393 3271/3373/3372
f 3271/3373/3372 3349/3394/3393 3350/3371/3370
f 3272/3372/3371 3351/3370/3369 3273/3486/3485
f 3273/3486/3485 3351/3370/3369 3352/3380/3379
f 3273/3486/3485 3352/3380/3379 3274/3359/3358
f 3274/3359/3358 3352/3380/3379 3353/3357/3356
f 3275/3358/3357 3354/3356/3355 3276/3487/3486
f 3276/3487/3486 3354/3356/3355 3355/3366/3365
f 3276/3487/3486 3355/3366/3365 3277/3345/3344
f 3277/3345/3344 3355/3366/3365 3356/3343/3342
f 3278/3344/3343 3357/3342/3341 3279/3488/3487
f 3279/3488/3487 3357/3342/3341 3358/3352/3351
f 3279/3488/3487 3358/3352/3351 3280/3331/3330
f 3280/3331/3330 3358/3352/3351 3359/3329/3328
f 3281/3330/3329 3360/3328/3327 3282/3489/3488
f 3282/3489/3488 3360/3328/3327 3361/3338/3337
f 3282/3489/3488 3361/3338/3337 3283/3317/3316
f 3283/3317/3316 3361/3338/3337 3362/3315/3314
f 3284/3316/3315 3363/3314/3313 3285/3490/3489
f 3285/3490/3489 3363/3314/3313 3364/3324/3323
f 3285/3490/3489 3364/3324/3323 3286/2653/2652
f 3286/2653/2652 3364/3324/3323 3365/2651/2650
f 2932/2887/2886 3333/3439/3438 3332/2885/2884
g Placette_Pavee_Pierre_Bleue 280 mm

v 1302.440728 2805.573232 -280.000000
v 1337.081744 2785.573232 -280.000000
v 1371.722760 2765.573232 -280.000000
v 1406.363777 2745.573232 -280.000000
v 1466.985555 2710.573232 -280.000000
v 1493.404640 2692.890342 -280.000000
v 1606.625166 2619.364072 -280.000000
v 1724.941874 2535.440853 -280.000000
v 1803.320432 2473.010045 -280.000000
v 1873.919190 2409.442638 -280.000000
v 1926.952199 2356.409629 -280.000000
v 2005.686316 2273.605139 -280.000000
v 2093.234941 2178.133890 -280.000000
v 2225.006401 2021.094779 -280.000000
v 2309.260504 1909.285808 -280.000000
v 2370.771724 1818.091675 -280.000000
v 2426.413246 1729.046625 -280.000000
v 2480.492244 1639.044058 -280.000000
v 2527.439401 1550.749299 -280.000000
v 2578.281481 1436.556117 -280.000000
v 2620.172107 1334.266395 -280.000000
v 2648.167872 1263.275676 -280.000000
v 2666.607286 1208.771884 -280.000000
v 2712.959836 1066.113406 -280.000000
v 2739.821419 973.538573 -280.000000
v 2763.147827 894.320425 -280.000000
v 2778.473958 838.947267 -280.000000
v 2792.847179 784.673593 -280.000000
v 2804.287180 734.168658 -280.000000
v 2814.409609 684.030104 -280.000000
v 2827.122838 616.364642 -280.000000
v 2836.176992 558.305193 -280.000000
v 2850.251252 434.225792 -280.000000
v 2854.848740 331.541266 -280.000000
v 2855.846825 277.546006 -280.000000
v 2853.833416 213.564350 -280.000000
v 2852.739369 115.677344 -280.000000
v 2849.395570 9.078841 -280.000000
v 2845.528497 -92.070032 -280.000000
v 2840.163509 -158.646012 -280.000000
v 2828.113966 -255.738756 -280.000000
v 2813.998272 -347.601583 -280.000000
v 2793.712391 -451.267730 -280.000000
v 2773.551501 -549.078371 -280.000000
v 2749.084782 -640.536578 -280.000000
v 2720.321826 -729.807136 -280.000000
v 2690.196092 -813.659387 -280.000000
v 2652.876103 -904.441363 -280.000000
v 2604.875354 -1016.437250 -280.000000
v 2571.283362 -1091.905916 -280.000000
v 2522.340083 -1183.969077 -280.000000
v 2472.407870 -1286.044584 -280.000000
v 2418.693102 -1387.217286 -280.000000
v 2355.101841 -1497.686380 -280.000000
v 2273.921537 -1614.476183 -280.000000
v 2115.606974 -1821.110002 -280.000000
v 2031.584958 -1912.237664 -280.000000
v 1932.827675 -2014.363064 -280.000000
v 1845.454423 -2098.085905 -280.000000
v 1744.720573 -2182.239255 -280.000000
v 1664.358763 -2249.975756 -280.000000
v 1593.828207 -2304.363853 -280.000000
v 1502.809973 -2370.492470 -280.000000
v 1418.914696 -2426.465014 -280.000000
v 1307.772000 -2495.301624 -280.000000
v 1185.685358 -2557.357575 -280.000000
v 1080.554203 -2609.208045 -280.000000
v 939.220826 -2670.826166 -280.000000
v 834.885719 -2713.441689 -280.000000
v 745.174052 -2744.776541 -280.000000
v 645.236077 -2777.850582 -280.000000
v 500.448266 -2817.099407 -280.000000
v 381.148672 -2844.757196 -280.000000
v 299.870613 -2859.088711 -280.000000
v 169.342689 -2877.988010 -280.000000
v 45.429632 -2891.092685 -280.000000
v -60.335152 -2894.214277 -280.000000
v -195.110926 -2894.478391 -280.000000
v -342.874348 -2889.757506 -280.000000
v -476.160395 -2879.433239 -280.000000
v -679.964973 -2856.667937 -280.000000
v -792.070626 -2839.551296 -280.000000
v -941.298100 -2805.296358 -280.000000
v -1039.485266 -2776.239562 -280.000000
v -1175.314608 -2733.289988 -280.000000
v -1285.045140 -2690.607286 -280.000000
v -1379.536899 -2651.045444 -280.000000
v -1509.800420 -2592.903165 -280.000000
v -1674.115867 -2505.549768 -280.000000
v -1825.670309 -2415.920186 -280.000000
v -1919.709195 -2356.035748 -280.000000
v -2023.482745 -2280.150791 -280.000000
v -2111.486028 -2210.153751 -280.000000
v -2204.728385 -2127.035565 -280.000000
v -2274.912993 -2064.674317 -280.000000
v -2347.782554 -1989.985102 -280.000000
v -2419.161220 -1917.554351 -280.000000
v -2486.619586 -1846.031434 -280.000000
v -2554.272316 -1771.438300 -280.000000
v -2632.298279 -1682.415567 -280.000000
v -2726.105306 -1571.493199 -280.000000
v -2798.280607 -1478.452006 -280.000000
v -2859.580130 -1395.112679 -280.000000
v -2927.538672 -1306.167338 -280.000000
v -2996.553664 -1211.157181 -280.000000
v -3052.274785 -1123.485255 -280.000000
v -3100.495564 -1035.236495 -280.000000
v -3150.534160 -931.198760 -280.000000
v -3192.414383 -825.343530 -280.000000
v -3215.226081 -717.412795 -280.000000
v -3237.049363 -567.624495 -280.000000
v -3250.260399 -460.386454 -280.000000
v -3262.768507 -365.958909 -280.000000
v -3277.328197 -219.166521 -280.000000
v -3291.368116 -86.127158 -280.000000
v -3298.160081 59.471890 -280.000000
v -3304.998451 175.125864 -280.000000
v -3302.173945 309.476193 -280.000000
v -3297.226053 453.529873 -280.000000
v -3288.985084 548.247777 -280.000000
v -3271.286946 664.745341 -280.000000
v -3250.004015 778.106665 -280.000000
v -3226.045689 884.304722 -280.000000
v -3193.964090 1008.206130 -280.000000
v -3159.120843 1134.382580 -280.000000
v -3121.084766 1265.336431 -280.000000
v -3089.039807 1360.127550 -280.000000
v -3044.446361 1451.748142 -280.000000
v -2996.251866 1542.675355 -280.000000
v -2936.630023 1638.801843 -280.000000
v -2882.265923 1724.533833 -280.000000
v -2826.879165 1811.239673 -280.000000
v -2765.110216 1900.196831 -280.000000
v -2711.438522 1974.728284 -280.000000
v -2641.995772 2066.369849 -280.000000
v -2574.327933 2148.598135 -280.000000
v -2510.091048 2229.323635 -280.000000
v -2436.355461 2313.473900 -280.000000
v -2365.151788 2384.392364 -280.000000
v -2291.416818 2450.544171 -280.000000
v -2206.021194 2521.241720 -280.000000
v -2126.262411 2584.520332 -280.000000
v -2043.084223 2643.315332 -280.000000
v -1953.134949 2703.220788 -280.000000
v -1866.057776 2754.286774 -280.000000
v -1776.162303 2805.562527 -280.000000
v -1695.371817 2849.651573 -280.000000
v -1606.637055 2890.959276 -280.000000
v -1510.291703 2933.408755 -280.000000
v -1414.236492 2975.654758 -280.000000
v -1311.403625 3020.541835 -280.000000
v -1216.337245 3055.775234 -280.000000
v -1118.559539 3089.880168 -280.000000
v -1027.415210 3121.869703 -280.000000
v -936.501130 3149.817282 -280.000000
v -844.995675 3173.236611 -280.000000
v -744.955945 3196.193707 -280.000000
v -647.574185 3215.910085 -280.000000
v -550.511745 3233.841088 -280.000000
v -457.199784 3242.484446 -280.000000
v -340.310819 3248.463057 -280.000000
v -246.407484 3252.578165 -280.000000
v -116.448507 3245.784922 -280.000000
v -11.682387 3239.059297 -280.000000
v 100.626086 3228.554412 -280.000000
v 171.110584 3216.152645 -280.000000
v 263.797587 3195.518473 -280.000000
v 351.462327 3177.909651 -280.000000
v 448.807172 3160.516426 -280.000000
v 548.969940 3132.333911 -280.000000
v 650.848941 3103.478937 -280.000000
v 732.729229 3074.621679 -280.000000
v 823.835753 3043.503839 -280.000000
v 932.292338 2996.983463 -280.000000
v 1029.864653 2949.483066 -280.000000
v 1123.254172 2904.039426 -280.000000
v 1206.793355 2856.576698 -280.000000
v 1267.799712 2825.573232 -280.000000
v 1889.100179 -546.370900 -280.000000
v 1998.309789 1401.239727 -280.000000
v 1236.694158 1840.536794 -280.000000
v 475.078527 2279.833861 -280.000000
v -286.537103 2719.130927 -280.000000
v 2324.844518 208.360433 -280.000000
v 1563.293425 647.769283 -280.000000
v 801.742333 1087.178134 -280.000000
v 40.191240 1526.586984 -280.000000
v -721.359852 1965.995834 -280.000000
v -1482.910944 2405.404685 -280.000000
v 1127.427864 -107.172014 -280.000000
v 365.755549 332.026873 -280.000000
v -395.916766 771.225759 -280.000000
v -1157.589081 1210.424645 -280.000000
v -1919.261397 1649.623531 -280.000000
v 1454.485205 -1299.146117 -280.000000
v 693.052272 -859.532608 -280.000000
v -68.380660 -419.919099 -280.000000
v -829.813593 19.694409 -280.000000
v -1591.246526 459.307918 -280.000000
v -2352.679459 898.921427 -280.000000
v 1019.639081 -2052.321697 -280.000000
v 258.206148 -1612.708189 -280.000000
v -503.226785 -1173.094680 -280.000000
v -1264.659717 -733.481171 -280.000000
v -2026.092650 -293.867662 -280.000000
v -2787.525583 145.745846 -280.000000
v -176.639976 -2365.883769 -280.000000
v -938.072909 -1926.270260 -280.000000
v -1699.505841 -1486.656752 -280.000000
v -2460.938774 -1047.043243 -280.000000
v -3222.371707 -607.429734 -280.000000
v 1302.440728 2805.573232 0.000000
v 1267.799712 2825.573232 0.000000
v 1206.793355 2856.576698 0.000000
v 1123.254172 2904.039426 0.000000
v 1029.864653 2949.483066 0.000000
v 932.292338 2996.983463 0.000000
v 823.835753 3043.503839 0.000000
v 732.729229 3074.621679 0.000000
v 650.848941 3103.478937 0.000000
v 548.969940 3132.333911 0.000000
v 448.807172 3160.516426 0.000000
v 351.462327 3177.909651 0.000000
v 263.797587 3195.518473 0.000000
v 171.110584 3216.152645 0.000000
v 100.626086 3228.554412 0.000000
v -11.682387 3239.059297 0.000000
v -116.448507 3245.784922 0.000000
v -246.407484 3252.578165 0.000000
v -340.310819 3248.463057 0.000000
v -457.199784 3242.484446 0.000000
v -550.511745 3233.841088 0.000000
v -647.574185 3215.910085 0.000000
v -744.955945 3196.193707 0.000000
v -844.995675 3173.236611 0.000000
v -936.501130 3149.817282 0.000000
v -1027.415210 3121.869703 0.000000
v -1118.559539 3089.880168 0.000000
v -1216.337245 3055.775234 0.000000
v -1311.403625 3020.541835 0.000000
v -1414.236492 2975.654758 0.000000
v -1510.291703 2933.408755 0.000000
v -1606.637055 2890.959276 0.000000
v -1695.371817 2849.651573 0.000000
v -1776.162303 2805.562527 0.000000
v -1866.057776 2754.286774 0.000000
v -1953.134949 2703.220788 0.000000
v -2043.084223 2643.315332 0.000000
v -2126.262411 2584.520332 0.000000
v -2206.021194 2521.241720 0.000000
v -2291.416818 2450.544171 0.000000
v -2365.151788 2384.392364 0.000000
v -2436.355461 2313.473900 0.000000
v -2510.091048 2229.323635 0.000000
v -2574.327933 2148.598135 0.000000
v -2641.995772 2066.369849 0.000000
v -2711.438522 1974.728284 0.000000
v -2765.110216 1900.196831 0.000000
v -2826.879165 1811.239673 0.000000
v -2882.265923 1724.533833 0.000000
v -2936.630023 1638.801843 0.000000
v -2996.251866 1542.675355 0.000000
v -3044.446361 1451.748142 0.000000
v -3089.039807 1360.127550 0.000000
v -3121.084766 1265.336431 0.000000
v -3159.120843 1134.382580 0.000000
v -3193.964090 1008.206130 0.000000
v -3226.045689 884.304722 0.000000
v -3250.004015 778.106665 0.000000
v -3271.286946 664.745341 0.000000
v -3288.985084 548.247777 0.000000
v -3297.226053 453.529873 0.000000
v -3302.173945 309.476193 0.000000
v -3304.998451 175.125864 0.000000
v -3298.160081 59.471890 0.000000
v -3291.368116 -86.127158 0.000000
v -3277.328197 -219.166521 0.000000
v -3262.768507 -365.958909 0.000000
v -3250.260399 -460.386454 0.000000
v -3237.049363 -567.624495 0.000000
v -3215.226081 -717.412795 0.000000
v -3192.414383 -825.343530 0.000000
v -3150.534160 -931.198760 0.000000
v -3100.495564 -1035.236495 0.000000
v -3052.274785 -1123.485255 0.000000
v -2996.553664 -1211.157181 0.000000
v -2927.538672 -1306.167338 0.000000
v -2859.580130 -1395.112679 0.000000
v -2798.280607 -1478.452006 0.000000
v -2726.105306 -1571.493199 0.000000
v -2632.298279 -1682.415567 0.000000
v -2554.272316 -1771.438300 0.000000
v -2486.619586 -1846.031434 0.000000
v -2419.161220 -1917.554351 0.000000
v -2347.782554 -1989.985102 0.000000
v -2274.912993 -2064.674317 0.000000
v -2204.728385 -2127.035565 0.000000
v -2111.486028 -2210.153751 0.000000
v -2023.482745 -2280.150791 0.000000
v -1919.709195 -2356.035748 0.000000
v -1825.670309 -2415.920186 0.000000
v -1674.115867 -2505.549768 0.000000
v -1509.800420 -2592.903165 0.000000
v -1379.536899 -2651.045444 0.000000
v -1285.045140 -2690.607286 0.000000
v -1175.314608 -2733.289988 0.000000
v -1039.485266 -2776.239562 0.000000
v -941.298100 -2805.296358 0.000000
v -792.070626 -2839.551296 0.000000
v -679.964973 -2856.667937 0.000000
v -476.160395 -2879.433239 0.000000
v -342.874348 -2889.757506 0.000000
v -195.110926 -2894.478391 0.000000
v -60.335152 -2894.214277 0.000000
v 45.429632 -2891.092685 0.000000
v 169.342689 -2877.988010 0.000000
v 299.870613 -2859.088711 0.000000
v 381.148672 -2844.757196 0.000000
v 500.448266 -2817.099407 0.000000
v 645.236077 -2777.850582 0.000000
v 745.174052 -2744.776541 0.000000
v 834.885719 -2713.441689 0.000000
v 939.220826 -2670.826166 0.000000
v 1080.554203 -2609.208045 0.000000
v 1185.685358 -2557.357575 0.000000
v 1307.772000 -2495.301624 0.000000
v 1418.914696 -2426.465014 0.000000
v 1502.809973 -2370.492470 0.000000
v 1593.828207 -2304.363853 0.000000
v 1664.358763 -2249.975756 0.000000
v 1744.720573 -2182.239255 0.000000
v 1845.454423 -2098.085905 0.000000
v 1932.827675 -2014.363064 0.000000
v 2031.584958 -1912.237664 0.000000
v 2115.606974 -1821.110002 0.000000
v 2273.921537 -1614.476183 0.000000
v 2355.101841 -1497.686380 0.000000
v 2418.693102 -1387.217286 0.000000
v 2472.407870 -1286.044584 0.000000
v 2522.340083 -1183.969077 0.000000
v 2571.283362 -1091.905916 0.000000
v 2604.875354 -1016.437250 0.000000
v 2652.876103 -904.441363 0.000000
v 2690.196092 -813.659387 0.000000
v 2720.321826 -729.807136 0.000000
v 2749.084782 -640.536578 0.000000
v 2773.551501 -549.078371 0.000000
v 2793.712391 -451.267730 0.000000
v 2813.998272 -347.601583 0.000000
v 2828.113966 -255.738756 0.000000
v 2840.163509 -158.646012 0.000000
v 2845.528497 -92.070032 0.000000
v 2849.395570 9.078841 0.000000
v 2852.739369 115.677344 0.000000
v 2853.833416 213.564350 0.000000
v 2855.846825 277.546006 0.000000
v 2854.848740 331.541266 0.000000
v 2850.251252 434.225792 0.000000
v 2836.176992 558.305193 0.000000
v 2827.122838 616.364642 0.000000
v 2814.409609 684.030104 0.000000
v 2804.287180 734.168658 0.000000
v 2792.847179 784.673593 0.000000
v 2778.473958 838.947267 0.000000
v 2763.147827 894.320425 0.000000
v 2739.821419 973.538573 0.000000
v 2712.959836 1066.113406 0.000000
v 2666.607286 1208.771884 0.000000
v 2648.167872 1263.275676 0.000000
v 2620.172107 1334.266395 0.000000
v 2578.281481 1436.556117 0.000000
v 2527.439401 1550.749299 0.000000
v 2480.492244 1639.044058 0.000000
v 2426.413246 1729.046625 0.000000
v 2370.771724 1818.091675 0.000000
v 2309.260504 1909.285808 0.000000
v 2225.006401 2021.094779 0.000000
v 2093.234941 2178.133890 0.000000
v 2005.686316 2273.605139 0.000000
v 1926.952199 2356.409629 0.000000
v 1873.919190 2409.442638 0.000000
v 1803.320432 2473.010045 0.000000
v 1724.941874 2535.440853 0.000000
v 1606.625166 2619.364072 0.000000
v 1493.404640 2692.890342 0.000000
v 1466.985555 2710.573232 0.000000
v 1406.363777 2745.573232 0.000000
v 1371.722760 2765.573232 0.000000
v 1337.081744 2785.573232 0.000000
v -286.537103 2719.130927 0.000000
v 475.078527 2279.833861 0.000000
v 1236.694158 1840.536794 0.000000
v 1998.309789 1401.239727 0.000000
v -1482.910944 2405.404685 0.000000
v -721.359852 1965.995834 0.000000
v 40.191240 1526.586984 0.000000
v 801.742333 1087.178134 0.000000
v 1563.293425 647.769283 0.000000
v 2324.844518 208.360433 0.000000
v -1919.261397 1649.623531 0.000000
v -1157.589081 1210.424645 0.000000
v -395.916766 771.225759 0.000000
v 365.755549 332.026873 0.000000
v 1127.427864 -107.172014 0.000000
v 1889.100179 -546.370900 0.000000
v -2352.679459 898.921427 0.000000
v -1591.246526 459.307918 0.000000
v -829.813593 19.694409 0.000000
v -68.380660 -419.919099 0.000000
v 693.052272 -859.532608 0.000000
v 1454.485205 -1299.146117 0.000000
v -2787.525583 145.745846 0.000000
v -2026.092650 -293.867662 0.000000
v -1264.659717 -733.481171 0.000000
v -503.226785 -1173.094680 0.000000
v 258.206148 -1612.708189 0.000000
v 1019.639081 -2052.321697 0.000000
v -3222.371707 -607.429734 0.000000
v -2460.938774 -1047.043243 0.000000
v -1699.505841 -1486.656752 0.000000
v -938.072909 -1926.270260 0.000000
v -176.639976 -2365.883769 0.000000
vt 4.000000 -0.000000 0.000000
vt 42.558002 86.861936 0.000000
vt 0.000000 -0.000000 0.000000
vt -45.364700 86.898475 0.000000
vt -4.000000 -0.000000 0.000000
vt -10.833479 0.365339 0.000000
vt -20.441321 0.431905 0.000000
vt -30.801272 1.165847 0.000000
vt -41.626302 1.930807 0.000000
vt -53.344937 3.324854 0.000000
vt -62.790885 5.185296 0.000000
vt -71.324789 6.780198 0.000000
vt -81.590518 9.375235 0.000000
vt -91.673994 11.942696 0.000000
vt -100.973966 15.303640 0.000000
vt -109.446397 18.161909 0.000000
vt -133.287402 86.935015 0.000000
vt -118.505035 21.009287 0.000000
vt -125.229260 23.459487 0.000000
vt -135.480703 28.165161 0.000000
vt -144.889997 32.821011 0.000000
vt -156.484436 38.730648 0.000000
vt -164.410948 43.782193 0.000000
vt -174.234899 50.144405 0.000000
vt -181.883784 55.558539 0.000000
vt -189.393088 61.964532 0.000000
vt -196.840777 68.541108 0.000000
vt -204.356617 75.531238 0.000000
vt -211.110255 82.134684 0.000000
vt -217.586267 89.100719 0.000000
vt -133.287402 173.899564 0.000000
vt -223.880120 96.428310 0.000000
vt -221.210103 173.923196 0.000000
vt -230.642671 104.270770 0.000000
vt -237.113991 112.075391 0.000000
vt -243.775225 121.104369 0.000000
vt -249.981550 129.565741 0.000000
vt -256.202828 138.059241 0.000000
vt -261.822099 146.073331 0.000000
vt -266.614308 153.931079 0.000000
vt -271.835697 162.866463 0.000000
vt -276.823502 171.642765 0.000000
vt -281.618065 181.328194 0.000000
vt -285.881757 190.578900 0.000000
vt -289.625140 200.046927 0.000000
vt -221.210103 261.193287 0.000000
vt -293.485740 210.439296 0.000000
vt -296.563786 219.854959 0.000000
vt -299.184281 229.556862 0.000000
vt -301.362457 240.531268 0.000000
vt -302.889260 250.734145 0.000000
vt -304.638052 261.238716 0.000000
vt -306.069892 272.647246 0.000000
vt -306.991425 281.785444 0.000000
vt -307.892915 292.577807 0.000000
vt -308.354257 302.856091 0.000000
vt -221.210103 347.876899 0.000000
vt -308.775726 312.998904 0.000000
vt -309.132805 324.304794 0.000000
vt -308.760210 334.589046 0.000000
vt -308.041086 344.753295 0.000000
vt -306.076705 354.564695 0.000000
vt -302.823033 367.807434 0.000000
vt -299.531725 380.476798 0.000000
vt -296.115002 392.811055 0.000000
vt -292.879951 403.205992 0.000000
vt -221.210103 434.846124 0.000000
vt -289.055041 414.087518 0.000000
vt -284.762867 425.061410 0.000000
vt -280.740660 433.676269 0.000000
vt -273.966476 446.399078 0.000000
vt -267.493569 458.175383 0.000000
vt -261.118650 467.849393 0.000000
vt -253.250496 480.119042 0.000000
vt -245.382636 490.938593 0.000000
vt -236.782110 502.923202 0.000000
vt -230.977499 510.475462 0.000000
vt -221.210103 521.815349 0.000000
vt -224.471488 519.101997 0.000000
vt -215.092121 530.982880 0.000000
vt -133.287402 521.815349 0.000000
vt -207.720033 539.189371 0.000000
vt -198.800338 546.262692 0.000000
vt -189.264982 552.770694 0.000000
vt -180.676502 558.002222 0.000000
vt -171.467315 562.808777 0.000000
vt -160.739933 567.586149 0.000000
vt -150.407284 571.891114 0.000000
vt -140.931623 576.043535 0.000000
vt -130.028999 580.492374 0.000000
vt -116.358954 585.408182 0.000000
vt -105.150570 589.216478 0.000000
vt -45.364700 521.815349 0.000000
vt -95.562016 592.293797 0.000000
vt -86.143804 595.114945 0.000000
vt -76.340692 597.818698 0.000000
vt -66.295543 600.643496 0.000000
vt -57.099315 602.534908 0.000000
vt -44.868381 605.071036 0.000000
vt -33.747221 606.732794 0.000000
vt -20.965920 608.115946 0.000000
vt -9.827692 608.600146 0.000000
vt 42.558002 521.815349 0.000000
vt 7.778787 608.784574 0.000000
vt 26.376592 608.133828 0.000000
vt 40.564858 606.655921 0.000000
vt 50.726176 605.357489 0.000000
vt 62.363254 603.567392 0.000000
vt 76.273899 600.495468 0.000000
vt 86.229997 598.102502 0.000000
vt 100.866222 593.607693 0.000000
vt 130.480704 521.815349 0.000000
vt 111.430689 589.484755 0.000000
vt 130.218948 581.266059 0.000000
vt 142.278072 575.495864 0.000000
vt 155.310804 568.516534 0.000000
vt 166.969522 561.754872 0.000000
vt 175.972942 556.196295 0.000000
vt 186.048893 548.865744 0.000000
vt 196.407978 540.702620 0.000000
vt 202.730289 535.397572 0.000000
vt 211.679047 527.037357 0.000000
vt 222.255598 516.398919 0.000000
vt 218.403405 434.846124 0.000000
vt 229.256779 508.537724 0.000000
vt 235.459295 501.338463 0.000000
vt 242.364204 492.431095 0.000000
vt 251.523127 480.028140 0.000000
vt 258.035229 470.281200 0.000000
vt 265.505444 458.802665 0.000000
vt 271.688854 447.284105 0.000000
vt 276.155771 438.241977 0.000000
vt 280.731750 427.964159 0.000000
vt 284.120471 419.727484 0.000000
vt 287.693183 409.843240 0.000000
vt 218.403405 347.876899 0.000000
vt 292.209322 397.518654 0.000000
vt 295.589926 385.899380 0.000000
vt 299.036287 372.117197 0.000000
vt 301.756424 360.024209 0.000000
vt 305.135177 334.213468 0.000000
vt 306.326107 320.040159 0.000000
vt 306.309817 307.293691 0.000000
vt 218.403405 260.953904 0.000000
vt 305.903017 295.846140 0.000000
vt 305.123499 284.509531 0.000000
vt 304.758953 274.089464 0.000000
vt 303.894671 265.874086 0.000000
vt 302.451864 253.774920 0.000000
vt 301.144771 244.046971 0.000000
vt 299.561123 235.278866 0.000000
vt 297.588541 226.109661 0.000000
vt 295.134510 216.965812 0.000000
vt 291.989963 207.487118 0.000000
vt 288.563464 197.495072 0.000000
vt 218.403405 173.805037 0.000000
vt 285.192778 188.833733 0.000000
vt 281.381661 179.822778 0.000000
vt 278.517484 173.788879 0.000000
vt 273.794939 164.835776 0.000000
vt 268.754595 155.436885 0.000000
vt 263.954992 146.904919 0.000000
vt 260.930276 141.263275 0.000000
vt 258.144076 136.637053 0.000000
vt 252.611695 127.974186 0.000000
vt 245.188859 117.932308 0.000000
vt 241.501774 113.356920 0.000000
vt 237.017503 108.132580 0.000000
vt 233.633947 104.296576 0.000000
vt 230.117967 100.494720 0.000000
vt 226.159526 96.513143 0.000000
vt 222.063586 92.483993 0.000000
vt 216.082552 86.789821 0.000000
vt 130.480704 173.828669 0.000000
vt 130.480704 86.825396 0.000000
vt 99.856755 14.798130 0.000000
vt 87.501259 10.907509 0.000000
vt 76.542460 7.673136 0.000000
vt 69.298016 5.731993 0.000000
vt 60.005614 3.756832 0.000000
vt 50.096291 2.269093 0.000000
vt 35.653603 0.916964 0.000000
vt 22.172104 0.210429 0.000000
vt 19.000000 0.000000 0.000000
vt 12.000000 0.000000 0.000000
vt 8.000000 0.000000 0.000000
vt 119.120454 21.809543 0.000000
vt 132.007522 27.279779 0.000000
vt 141.894256 32.101862 0.000000
vt 151.165206 37.031313 0.000000
vt 160.348713 42.121814 0.000000
vt 168.829194 47.421007 0.000000
vt 178.941906 54.768322 0.000000
vt 187.684227 61.532341 0.000000
vt 193.658267 66.280529 0.000000
vt 197.980357 70.078725 0.000000
vt 209.127529 80.115684 0.000000
vt 42.558002 173.852301 0.000000
vt 130.480704 261.001781 0.000000
vt -45.364700 173.875933 0.000000
vt 42.558002 261.049657 0.000000
vt 130.480704 347.876899 0.000000
vt 130.480704 434.846124 0.000000
vt -45.364700 261.097534 0.000000
vt -133.287402 261.145410 0.000000
vt -45.364700 347.876899 0.000000
vt -133.287402 347.876899 0.000000
vt -133.287402 434.846124 0.000000
vt 42.558002 347.876899 0.000000
vt 42.558002 434.846124 0.000000
vt -45.364700 434.846124 0.000000
vt 4.000000 -0.000000 0.000000
vt 45.364700 86.898475 0.000000
vt 0.000000 0.000000 0.000000
vt -42.558002 86.861936 0.000000
vt -4.000000 -0.000000 0.000000
vt -8.000000 0.000000 0.000000
vt -12.000000 0.000000 0.000000
vt -19.000000 0.000000 0.000000
vt -22.172104 0.210429 0.000000
vt -35.653603 0.916964 0.000000
vt -50.096291 2.269093 0.000000
vt -60.005614 3.756832 0.000000
vt -69.298016 5.731993 0.000000
vt -76.542460 7.673136 0.000000
vt -87.501259 10.907509 0.000000
vt -99.856755 14.798130 0.000000
vt -130.480704 86.825396 0.000000
vt -119.120454 21.809543 0.000000
vt -132.007522 27.279779 0.000000
vt -141.894256 32.101862 0.000000
vt -151.165206 37.031313 0.000000
vt -160.348713 42.121814 0.000000
vt -168.829194 47.421007 0.000000
vt -178.941906 54.768322 0.000000
vt -187.684227 61.532341 0.000000
vt -193.658267 66.280529 0.000000
vt -197.980357 70.078725 0.000000
vt -209.127529 80.115684 0.000000
vt -216.082552 86.789821 0.000000
vt -130.480704 173.828669 0.000000
vt -218.403405 173.805037 0.000000
vt -218.403405 260.953904 0.000000
vt -288.563464 197.495072 0.000000
vt -291.989963 207.487118 0.000000
vt -295.134510 216.965812 0.000000
vt -297.588541 226.109661 0.000000
vt -299.561123 235.278866 0.000000
vt -301.144771 244.046971 0.000000
vt -302.451864 253.774920 0.000000
vt -303.894671 265.874086 0.000000
vt -304.758953 274.089464 0.000000
vt -305.123499 284.509531 0.000000
vt -305.903017 295.846140 0.000000
vt -306.309817 307.293691 0.000000
vt -218.403405 347.876899 0.000000
vt -306.326107 320.040159 0.000000
vt -305.135177 334.213468 0.000000
vt -301.756424 360.024209 0.000000
vt -299.036287 372.117197 0.000000
vt -295.589926 385.899380 0.000000
vt -292.209322 397.518654 0.000000
vt -287.693183 409.843240 0.000000
vt -218.403405 434.846124 0.000000
vt -284.120471 419.727484 0.000000
vt -280.731750 427.964159 0.000000
vt -276.155771 438.241977 0.000000
vt -271.688854 447.284105 0.000000
vt -265.505444 458.802665 0.000000
vt -258.035229 470.281200 0.000000
vt -251.523127 480.028140 0.000000
vt -242.364204 492.431095 0.000000
vt -235.459295 501.338463 0.000000
vt -229.256779 508.537724 0.000000
vt -222.255598 516.398919 0.000000
vt -130.480704 521.815349 0.000000
vt -211.679047 527.037357 0.000000
vt -202.730289 535.397572 0.000000
vt -196.407978 540.702620 0.000000
vt -186.048893 548.865744 0.000000
vt -175.972942 556.196295 0.000000
vt -166.969522 561.754872 0.000000
vt -155.310804 568.516534 0.000000
vt -142.278072 575.495864 0.000000
vt -130.218948 581.266059 0.000000
vt -111.430689 589.484755 0.000000
vt -100.866222 593.607693 0.000000
vt -42.558002 521.815349 0.000000
vt -86.229997 598.102502 0.000000
vt -76.273899 600.495468 0.000000
vt -62.363254 603.567392 0.000000
vt -50.726176 605.357489 0.000000
vt -40.564858 606.655921 0.000000
vt -26.376592 608.133828 0.000000
vt -7.778787 608.784574 0.000000
vt 9.827692 608.600146 0.000000
vt 45.364700 521.815349 0.000000
vt 20.965920 608.115946 0.000000
vt 33.747221 606.732794 0.000000
vt 44.868381 605.071036 0.000000
vt 57.099315 602.534908 0.000000
vt 66.295543 600.643496 0.000000
vt 76.340692 597.818698 0.000000
vt 86.143804 595.114945 0.000000
vt 95.562016 592.293797 0.000000
vt 105.150570 589.216478 0.000000
vt 133.287402 521.815349 0.000000
vt 116.358954 585.408182 0.000000
vt 130.028999 580.492374 0.000000
vt 140.931623 576.043535 0.000000
vt 150.407284 571.891114 0.000000
vt 160.739933 567.586149 0.000000
vt 171.467315 562.808777 0.000000
vt 180.676502 558.002222 0.000000
vt 189.264982 552.770694 0.000000
vt 198.800338 546.262692 0.000000
vt 207.720033 539.189371 0.000000
vt 215.092121 530.982880 0.000000
vt 221.210103 521.815349 0.000000
vt 224.471488 519.101997 0.000000
vt 230.977499 510.475462 0.000000
vt 221.210103 434.846124 0.000000
vt 236.782110 502.923202 0.000000
vt 245.382636 490.938593 0.000000
vt 253.250496 480.119042 0.000000
vt 261.118650 467.849393 0.000000
vt 267.493569 458.175383 0.000000
vt 273.966476 446.399078 0.000000
vt 280.740660 433.676269 0.000000
vt 284.762867 425.061410 0.000000
vt 289.055041 414.087518 0.000000
vt 292.879951 403.205992 0.000000
vt 221.210103 347.876899 0.000000
vt 296.115002 392.811055 0.000000
vt 299.531725 380.476798 0.000000
vt 302.823033 367.807434 0.000000
vt 306.076705 354.564695 0.000000
vt 308.041086 344.753295 0.000000
vt 308.760210 334.589046 0.000000
vt 309.132805 324.304794 0.000000
vt 308.775726 312.998904 0.000000
vt 308.354257 302.856091 0.000000
vt 221.210103 261.193287 0.000000
vt 307.892915 292.577807 0.000000
vt 306.991425 281.785444 0.000000
vt 306.069892 272.647246 0.000000
vt 304.638052 261.238716 0.000000
vt 302.889260 250.734145 0.000000
vt 301.362457 240.531268 0.000000
vt 299.184281 229.556862 0.000000
vt 296.563786 219.854959 0.000000
vt 293.485740 210.439296 0.000000
vt 289.625140 200.046927 0.000000
vt 221.210103 173.923196 0.000000
vt 285.881757 190.578900 0.000000
vt 281.618065 181.328194 0.000000
vt 276.823502 171.642765 0.000000
vt 271.835697 162.866463 0.000000
vt 266.614308 153.931079 0.000000
vt 261.822099 146.073331 0.000000
vt 256.202828 138.059241 0.000000
vt 249.981550 129.565741 0.000000
vt 243.775225 121.104369 0.000000
vt 237.113991 112.075391 0.000000
vt 230.642671 104.270770 0.000000
vt 223.880120 96.428310 0.000000
vt 133.287402 173.899564 0.000000
vt 217.586267 89.100719 0.000000
vt 133.287402 86.935015 0.000000
vt 211.110255 82.134684 0.000000
vt 204.356617 75.531238 0.000000
vt 196.840777 68.541108 0.000000
vt 189.393088 61.964532 0.000000
vt 181.883784 55.558539 0.000000
vt 174.234899 50.144405 0.000000
vt 164.410948 43.782193 0.000000
vt 156.484436 38.730648 0.000000
vt 144.889997 32.821011 0.000000
vt 135.480703 28.165161 0.000000
vt 125.229260 23.459487 0.000000
vt 118.505035 21.009287 0.000000
vt 109.446397 18.161909 0.000000
vt 100.973966 15.303640 0.000000
vt 91.673994 11.942696 0.000000
vt 81.590518 9.375235 0.000000
vt 71.324789 6.780198 0.000000
vt 62.790885 5.185296 0.000000
vt 53.344937 3.324854 0.000000
vt 41.626302 1.930807 0.000000
vt 30.801272 1.165847 0.000000
vt 20.441321 0.431905 0.000000
vt 10.833479 0.365339 0.000000
vt -285.192778 188.833733 0.000000
vt -281.381661 179.822778 0.000000
vt -278.517484 173.788879 0.000000
vt -273.794939 164.835776 0.000000
vt -268.754595 155.436885 0.000000
vt -263.954992 146.904919 0.000000
vt -260.930276 141.263275 0.000000
vt -258.144076 136.637053 0.000000
vt -252.611695 127.974186 0.000000
vt -245.188859 117.932308 0.000000
vt -241.501774 113.356920 0.000000
vt -237.017503 108.132580 0.000000
vt -233.633947 104.296576 0.000000
vt -230.117967 100.494720 0.000000
vt -226.159526 96.513143 0.000000
vt -222.063586 92.483993 0.000000
vt 45.364700 173.875933 0.000000
vt 45.364700 261.097534 0.000000
vt 133.287402 261.145410 0.000000
vt 45.364700 347.876899 0.000000
vt 133.287402 347.876899 0.000000
vt 45.364700 434.846124 0.000000
vt 133.287402 434.846124 0.000000
vt -42.558002 173.852301 0.000000
vt -42.558002 261.049657 0.000000
vt -42.558002 347.876899 0.000000
vt -42.558002 434.846124 0.000000
vt -130.480704 261.001781 0.000000
vt -130.480704 347.876899 0.000000
vt -130.480704 434.846124 0.000000
vt -0.000000 0.000000 0.000000
vt 28.000000 0.000000 0.000000
vt -0.000000 4.000000 0.000000
vt 28.000000 4.000000 0.000000
vt -0.000000 0.000000 0.000000
vt 28.000000 0.000000 0.000000
vt -0.000000 4.000000 0.000000
vt 28.000000 4.000000 0.000000
vt -0.000000 0.000000 0.000000
vt 28.000000 0.000000 0.000000
vt -0.000000 4.000000 0.000000
vt 28.000000 4.000000 0.000000
vt -0.000000 0.000000 0.000000
vt 28.000000 0.000000 0.000000
vt -0.000000 7.000000 0.000000
vt 28.000000 7.000000 0.000000
vt -0.000000 0.000000 0.000000
vt 28.000000 0.000000 0.000000
vt -0.000000 3.179076 0.000000
vt 28.000000 3.179076 0.000000
vt -0.000000 0.000000 0.000000
vt 28.000000 0.000000 0.000000
vt -0.000000 13.500000 0.000000
vt 28.000000 13.500000 0.000000
vt -0.000000 0.000000 0.000000
vt 28.000000 0.000000 0.000000
vt -0.000000 14.505844 0.000000
vt 28.000000 14.505844 0.000000
vt -0.000000 0.000000 0.000000
vt 28.000000 0.000000 0.000000
vt -0.000000 10.020381 0.000000
vt 28.000000 10.020381 0.000000
vt -0.000000 0.000000 0.000000
vt 28.000000 0.000000 0.000000
vt -0.000000 9.500000 0.000000
vt 28.000000 9.500000 0.000000
vt -0.000000 0.000000 0.000000
vt 28.000000 0.000000 0.000000
vt -0.000000 7.500000 0.000000
vt 28.000000 7.500000 0.000000
vt -0.000000 -0.000000 0.000000
vt 28.000000 -0.000000 0.000000
vt -0.000000 11.426130 0.000000
vt 28.000000 11.426130 0.000000
vt -0.000000 0.000000 0.000000
vt 28.000000 0.000000 0.000000
vt -0.000000 12.953579 0.000000
vt 28.000000 12.953579 0.000000
vt -0.000000 0.000000 0.000000
vt 28.000000 0.000000 0.000000
vt -0.000000 20.500000 0.000000
vt 28.000000 20.500000 0.000000
vt -0.000000 -0.000000 0.000000
vt 28.000000 -0.000000 0.000000
vt -0.000000 14.000000 0.000000
vt 28.000000 14.000000 0.000000
vt -0.000000 0.000000 0.000000
vt 28.000000 0.000000 0.000000
vt -0.000000 11.000000 0.000000
vt 28.000000 11.000000 0.000000
vt -0.000000 0.000000 0.000000
vt 28.000000 0.000000 0.000000
vt -0.000000 10.500000 0.000000
vt 28.000000 10.500000 0.000000
vt -0.000000 0.000000 0.000000
vt 28.000000 0.000000 0.000000
vt -0.000000 10.500000 0.000000
vt 28.000000 10.500000 0.000000
vt -0.000000 0.000000 0.000000
vt 28.000000 0.000000 0.000000
vt -0.000000 10.000000 0.000000
vt 28.000000 10.000000 0.000000
vt -0.000000 0.000000 0.000000
vt 28.000000 0.000000 0.000000
vt -0.000000 12.500000 0.000000
vt 28.000000 12.500000 0.000000
vt -0.000000 0.000000 0.000000
vt 28.000000 0.000000 0.000000
vt -0.000000 11.053512 0.000000
vt 28.000000 11.053512 0.000000
vt -0.000000 0.000000 0.000000
vt 28.000000 0.000000 0.000000
vt -0.000000 7.631150 0.000000
vt 28.000000 7.631150 0.000000
vt -0.000000 0.000000 0.000000
vt 28.000000 0.000000 0.000000
vt -0.000000 5.753847 0.000000
vt 28.000000 5.753847 0.000000
vt -0.000000 0.000000 0.000000
vt 28.000000 0.000000 0.000000
vt -0.000000 15.000000 0.000000
vt 28.000000 15.000000 0.000000
vt -0.000000 0.000000 0.000000
vt 28.000000 0.000000 0.000000
vt -0.000000 9.639318 0.000000
vt 28.000000 9.639318 0.000000
vt -0.000000 0.000000 0.000000
vt 28.000000 0.000000 0.000000
vt -0.000000 8.258109 0.000000
vt 28.000000 8.258109 0.000000
vt -0.000000 -0.000000 0.000000
vt 28.000000 -0.000000 0.000000
vt -0.000000 5.745500 0.000000
vt 28.000000 5.745500 0.000000
vt -0.000000 0.000000 0.000000
vt 28.000000 0.000000 0.000000
vt -0.000000 5.614465 0.000000
vt 28.000000 5.614465 0.000000
vt -0.000000 0.000000 0.000000
vt 28.000000 0.000000 0.000000
vt -0.000000 5.178438 0.000000
vt 28.000000 5.178438 0.000000
vt -0.000000 0.000000 0.000000
vt 28.000000 0.000000 0.000000
vt -0.000000 5.115015 0.000000
vt 28.000000 5.115015 0.000000
vt -0.000000 0.000000 0.000000
vt 28.000000 0.000000 0.000000
vt -0.000000 6.884941 0.000000
vt 28.000000 6.884941 0.000000
vt -0.000000 0.000000 0.000000
vt 28.000000 0.000000 0.000000
vt -0.000000 5.876119 0.000000
vt 28.000000 5.876119 0.000000
vt -0.000000 0.000000 0.000000
vt 28.000000 0.000000 0.000000
vt -0.000000 12.487507 0.000000
vt 28.000000 12.487507 0.000000
vt -0.000000 0.000000 0.000000
vt 28.000000 0.000000 0.000000
vt -0.000000 10.278740 0.000000
vt 28.000000 10.278740 0.000000
vt -0.000000 0.000000 0.000000
vt 28.000000 0.000000 0.000000
vt -0.000000 5.400448 0.000000
vt 28.000000 5.400448 0.000000
vt -0.000000 -0.000000 0.000000
vt 28.000000 0.000000 0.000000
vt -0.000000 6.401333 0.000000
vt 28.000000 6.401333 0.000000
vt -0.000000 -0.000000 0.000000
vt 28.000000 0.000000 0.000000
vt -0.000000 9.789312 0.000000
vt 28.000000 9.789312 0.000000
vt -0.000000 -0.000000 0.000000
vt 28.000000 0.000000 0.000000
vt -0.000000 10.665093 0.000000
vt 28.000000 10.665093 0.000000
vt -0.000000 -0.000000 0.000000
vt 28.000000 0.000000 0.000000
vt -0.000000 10.122277 0.000000
vt 28.000000 10.122277 0.000000
vt -0.000000 -0.000000 0.000000
vt 28.000000 0.000000 0.000000
vt -0.000000 6.679180 0.000000
vt 28.000000 6.679180 0.000000
vt -0.000000 -0.000000 0.000000
vt 28.000000 0.000000 0.000000
vt -0.000000 9.783758 0.000000
vt 28.000000 9.783758 0.000000
vt -0.000000 -0.000000 0.000000
vt 28.000000 0.000000 0.000000
vt -0.000000 9.294101 0.000000
vt 28.000000 9.294101 0.000000
vt -0.000000 -0.000000 0.000000
vt 28.000000 0.000000 0.000000
vt -0.000000 10.563232 0.000000
vt 28.000000 10.563232 0.000000
vt -0.000000 -0.000000 0.000000
vt 28.000000 0.000000 0.000000
vt -0.000000 9.986683 0.000000
vt 28.000000 9.986683 0.000000
vt -0.000000 -0.000000 0.000000
vt 28.000000 0.000000 0.000000
vt -0.000000 9.467430 0.000000
vt 28.000000 9.467430 0.000000
vt -0.000000 -0.000000 0.000000
vt 28.000000 0.000000 0.000000
vt -0.000000 9.378987 0.000000
vt 28.000000 9.378987 0.000000
vt -0.000000 -0.000000 0.000000
vt 28.000000 0.000000 0.000000
vt -0.000000 8.909972 0.000000
vt 28.000000 8.909972 0.000000
vt -0.000000 -0.000000 0.000000
vt 28.000000 0.000000 0.000000
vt -0.000000 9.815370 0.000000
vt 28.000000 9.815370 0.000000
vt -0.000000 -0.000000 0.000000
vt 28.000000 0.000000 0.000000
vt -0.000000 12.184888 0.000000
vt 28.000000 12.184888 0.000000
vt -0.000000 -0.000000 0.000000
vt 28.000000 0.000000 0.000000
vt -0.000000 8.260715 0.000000
vt 28.000000 8.260715 0.000000
vt -0.000000 -0.000000 0.000000
vt 28.000000 0.000000 0.000000
vt -0.000000 10.426442 0.000000
vt 28.000000 10.426442 0.000000
vt -0.000000 0.000000 0.000000
vt 28.000000 0.000000 0.000000
vt -0.000000 11.363378 0.000000
vt 28.000000 11.363378 0.000000
vt -0.000000 -0.000000 0.000000
vt 28.000000 0.000000 0.000000
vt -0.000000 11.454777 0.000000
vt 28.000000 11.454777 0.000000
vt -0.000000 0.000000 0.000000
vt 28.000000 0.000000 0.000000
vt -0.000000 12.746478 0.000000
vt 28.000000 12.746478 0.000000
vt -0.000000 0.000000 0.000000
vt 28.000000 0.000000 0.000000
vt -0.000000 14.223256 0.000000
vt 28.000000 14.223256 0.000000
vt -0.000000 0.000000 0.000000
vt 28.000000 0.000000 0.000000
vt -0.000000 26.030950 0.000000
vt 28.000000 26.030950 0.000000
vt -0.000000 -0.000000 0.000000
vt 28.000000 0.000000 0.000000
vt -0.000000 12.395140 0.000000
vt 28.000000 12.395140 0.000000
vt -0.000000 -0.000000 0.000000
vt 28.000000 -0.000000 0.000000
vt -0.000000 14.206547 0.000000
vt 28.000000 14.206547 0.000000
vt -0.000000 -0.000000 0.000000
vt 28.000000 0.000000 0.000000
vt -0.000000 12.101074 0.000000
vt 28.000000 12.101074 0.000000
vt -0.000000 -0.000000 0.000000
vt 28.000000 0.000000 0.000000
vt -0.000000 13.125965 0.000000
vt 28.000000 13.125965 0.000000
vt -0.000000 -0.000000 0.000000
vt 28.000000 0.000000 0.000000
vt -0.000000 10.510116 0.000000
vt 28.000000 10.510116 0.000000
vt -0.000000 -0.000000 0.000000
vt 28.000000 0.000000 0.000000
vt -0.000000 8.906528 0.000000
vt 28.000000 8.906528 0.000000
vt -0.000000 -0.000000 0.000000
vt 28.000000 0.000000 0.000000
vt -0.000000 11.250472 0.000000
vt 28.000000 11.250472 0.000000
vt -0.000000 -0.000000 0.000000
vt 28.000000 0.000000 0.000000
vt -0.000000 10.085308 0.000000
vt 28.000000 10.085308 0.000000
vt -0.000000 -0.000000 0.000000
vt 28.000000 0.000000 0.000000
vt -0.000000 13.073323 0.000000
vt 28.000000 13.073323 0.000000
vt -0.000000 -0.000000 0.000000
vt 28.000000 0.000000 0.000000
vt -0.000000 13.695287 0.000000
vt 28.000000 13.695287 0.000000
vt -0.000000 -0.000000 0.000000
vt 28.000000 0.000000 0.000000
vt -0.000000 11.722214 0.000000
vt 28.000000 11.722214 0.000000
vt -0.000000 -0.000000 0.000000
vt 28.000000 0.000000 0.000000
vt -0.000000 15.418144 0.000000
vt 28.000000 15.418144 0.000000
vt -0.000000 -0.000000 0.000000
vt 28.000000 0.000000 0.000000
vt -0.000000 11.270269 0.000000
vt 28.000000 11.270269 0.000000
vt -0.000000 -0.000000 0.000000
vt 28.000000 0.000000 0.000000
vt -0.000000 9.502661 0.000000
vt 28.000000 9.502661 0.000000
vt -0.000000 -0.000000 0.000000
vt 28.000000 0.000000 0.000000
vt -0.000000 10.526866 0.000000
vt 28.000000 10.526866 0.000000
vt -0.000000 -0.000000 0.000000
vt 28.000000 0.000000 0.000000
vt -0.000000 15.001327 0.000000
vt 28.000000 15.001327 0.000000
vt -0.000000 -0.000000 0.000000
vt 28.000000 0.000000 0.000000
vt -0.000000 12.246365 0.000000
vt 28.000000 12.246365 0.000000
vt -0.000000 -0.000000 0.000000
vt 28.000000 0.000000 0.000000
vt -0.000000 8.253190 0.000000
vt 28.000000 8.253190 0.000000
vt -0.000000 -0.000000 0.000000
vt 28.000000 0.000000 0.000000
vt -0.000000 13.188905 0.000000
vt 28.000000 13.188905 0.000000
vt -0.000000 -0.000000 0.000000
vt 28.000000 0.000000 0.000000
vt -0.000000 12.460409 0.000000
vt 28.000000 12.460409 0.000000
vt -0.000000 -0.000000 0.000000
vt 28.000000 0.000000 0.000000
vt -0.000000 10.581084 0.000000
vt 28.000000 10.581084 0.000000
vt -0.000000 -0.000000 0.000000
vt 28.000000 0.000000 0.000000
vt -0.000000 13.477603 0.000000
vt 28.000000 13.477603 0.000000
vt -0.000000 0.000000 0.000000
vt 28.000000 0.000000 0.000000
vt -0.000000 14.783882 0.000000
vt 28.000000 14.783882 0.000000
vt -0.000000 0.000000 0.000000
vt 28.000000 0.000000 0.000000
vt -0.000000 13.368531 0.000000
vt 28.000000 13.368531 0.000000
vt -0.000000 0.000000 0.000000
vt 28.000000 0.000000 0.000000
vt -0.000000 20.507210 0.000000
vt 28.000000 20.507210 0.000000
vt -0.000000 0.000000 0.000000
vt 28.000000 0.000000 0.000000
vt -0.000000 11.340484 0.000000
vt 28.000000 11.340484 0.000000
vt -0.000000 0.000000 0.000000
vt 28.000000 0.000000 0.000000
vt -0.000000 15.310859 0.000000
vt 28.000000 15.310859 0.000000
vt -0.000000 0.000000 0.000000
vt 28.000000 0.000000 0.000000
vt -0.000000 10.239637 0.000000
vt 28.000000 10.239637 0.000000
vt -0.000000 -0.000000 0.000000
vt 28.000000 -0.000000 0.000000
vt -0.000000 14.245798 0.000000
vt 28.000000 14.245798 0.000000
vt -0.000000 0.000000 0.000000
vt 28.000000 0.000000 0.000000
vt -0.000000 11.773955 0.000000
vt 28.000000 11.773955 0.000000
vt -0.000000 0.000000 0.000000
vt 28.000000 0.000000 0.000000
vt -0.000000 10.243941 0.000000
vt 28.000000 10.243941 0.000000
vt -0.000000 0.000000 0.000000
vt 28.000000 0.000000 0.000000
vt -0.000000 14.265031 0.000000
vt 28.000000 14.265031 0.000000
vt -0.000000 0.000000 0.000000
vt 28.000000 0.000000 0.000000
vt -0.000000 18.609186 0.000000
vt 28.000000 18.609186 0.000000
vt -0.000000 0.000000 0.000000
vt 28.000000 0.000000 0.000000
vt -0.000000 17.607445 0.000000
vt 28.000000 17.607445 0.000000
vt -0.000000 0.000000 0.000000
vt 28.000000 0.000000 0.000000
vt -0.000000 11.148748 0.000000
vt 28.000000 11.148748 0.000000
vt -0.000000 -0.000000 0.000000
vt 28.000000 -0.000000 0.000000
vt -0.000000 12.855923 0.000000
vt 28.000000 12.855923 0.000000
vt -0.000000 0.000000 0.000000
vt 28.000000 0.000000 0.000000
vt -0.000000 11.244627 0.000000
vt 28.000000 11.244627 0.000000
vt -0.000000 -0.000000 0.000000
vt 28.000000 -0.000000 0.000000
vt -0.000000 12.491105 0.000000
vt 28.000000 12.491105 0.000000
vt -0.000000 0.000000 0.000000
vt 28.000000 0.000000 0.000000
vt -0.000000 9.388719 0.000000
vt 28.000000 9.388719 0.000000
vt -0.000000 -0.000000 0.000000
vt 28.000000 -0.000000 0.000000
vt -0.000000 10.434774 0.000000
vt 28.000000 10.434774 0.000000
vt -0.000000 0.000000 0.000000
vt 28.000000 0.000000 0.000000
vt -0.000000 10.169133 0.000000
vt 28.000000 10.169133 0.000000
vt -0.000000 0.000000 0.000000
vt 28.000000 0.000000 0.000000
vt -0.000000 9.831663 0.000000
vt 28.000000 9.831663 0.000000
vt -0.000000 0.000000 0.000000
vt 28.000000 0.000000 0.000000
vt -0.000000 10.070267 0.000000
vt 28.000000 10.070267 0.000000
vt -0.000000 0.000000 0.000000
vt 28.000000 0.000000 0.000000
vt -0.000000 11.837693 0.000000
vt 28.000000 11.837693 0.000000
vt -0.000000 0.000000 0.000000
vt 28.000000 0.000000 0.000000
vt -0.000000 14.527054 0.000000
vt 28.000000 14.527054 0.000000
vt -0.000000 0.000000 0.000000
vt 28.000000 0.000000 0.000000
vt -0.000000 11.775372 0.000000
vt 28.000000 11.775372 0.000000
vt -0.000000 0.000000 0.000000
vt 28.000000 0.000000 0.000000
vt -0.000000 10.345567 0.000000
vt 28.000000 10.345567 0.000000
vt -0.000000 0.000000 0.000000
vt 28.000000 0.000000 0.000000
vt -0.000000 11.193586 0.000000
vt 28.000000 11.193586 0.000000
vt -0.000000 0.000000 0.000000
vt 28.000000 0.000000 0.000000
vt -0.000000 11.743083 0.000000
vt 28.000000 11.743083 0.000000
vt -0.000000 0.000000 0.000000
vt 28.000000 0.000000 0.000000
vt -0.000000 10.388075 0.000000
vt 28.000000 10.388075 0.000000
vt -0.000000 0.000000 0.000000
vt 28.000000 0.000000 0.000000
vt -0.000000 10.056385 0.000000
vt 28.000000 10.056385 0.000000
vt -0.000000 0.000000 0.000000
vt 28.000000 0.000000 0.000000
vt -0.000000 11.544571 0.000000
vt 28.000000 11.544571 0.000000
vt -0.000000 0.000000 0.000000
vt 28.000000 0.000000 0.000000
vt -0.000000 11.383885 0.000000
vt 28.000000 11.383885 0.000000
vt -0.000000 0.000000 0.000000
vt 28.000000 0.000000 0.000000
vt -0.000000 11.031508 0.000000
vt 28.000000 11.031508 0.000000
vt -0.000000 0.000000 0.000000
vt 28.000000 0.000000 0.000000
vt -0.000000 15.136971 0.000000
vt 28.000000 15.136971 0.000000
vt -0.000000 0.000000 0.000000
vt 28.000000 0.000000 0.000000
vt -0.000000 10.804873 0.000000
vt 28.000000 10.804873 0.000000
vt -0.000000 0.000000 0.000000
vt 28.000000 0.000000 0.000000
vt -0.000000 9.525237 0.000000
vt 28.000000 9.525237 0.000000
vt -0.000000 0.000000 0.000000
vt 28.000000 0.000000 0.000000
vt -0.000000 14.751268 0.000000
vt 28.000000 14.751268 0.000000
vt -0.000000 0.000000 0.000000
vt 28.000000 0.000000 0.000000
vt -0.000000 13.377814 0.000000
vt 28.000000 13.377814 0.000000
vt -0.000000 0.000000 0.000000
vt 28.000000 0.000000 0.000000
vt -0.000000 14.575738 0.000000
vt 28.000000 14.575738 0.000000
vt -0.000000 0.000000 0.000000
vt 28.000000 0.000000 0.000000
vt -0.000000 11.585597 0.000000
vt 28.000000 11.585597 0.000000
vt -0.000000 0.000000 0.000000
vt 28.000000 0.000000 0.000000
vt -0.000000 13.438002 0.000000
vt 28.000000 13.438002 0.000000
vt -0.000000 0.000000 0.000000
vt 28.000000 0.000000 0.000000
vt -0.000000 14.413863 0.000000
vt 28.000000 14.413863 0.000000
vt -0.000000 0.000000 0.000000
vt 28.000000 0.000000 0.000000
vt -0.000000 9.507573 0.000000
vt 28.000000 9.507573 0.000000
vt -0.000000 0.000000 0.000000
vt 28.000000 0.000000 0.000000
vt -0.000000 11.783423 0.000000
vt 28.000000 11.783423 0.000000
vt -0.000000 0.000000 0.000000
vt 28.000000 0.000000 0.000000
vt -0.000000 11.534190 0.000000
vt 28.000000 11.534190 0.000000
vt -0.000000 0.000000 0.000000
vt 28.000000 0.000000 0.000000
vt -0.000000 10.886702 0.000000
vt 28.000000 10.886702 0.000000
vt -0.000000 0.000000 0.000000
vt 28.000000 0.000000 0.000000
vt -0.000000 12.798745 0.000000
vt 28.000000 12.798745 0.000000
vt -0.000000 0.000000 0.000000
vt 28.000000 0.000000 0.000000
vt -0.000000 13.089900 0.000000
vt 28.000000 13.089900 0.000000
vt -0.000000 0.000000 0.000000
vt 28.000000 0.000000 0.000000
vt -0.000000 13.636588 0.000000
vt 28.000000 13.636588 0.000000
vt -0.000000 0.000000 0.000000
vt 28.000000 0.000000 0.000000
vt -0.000000 10.006116 0.000000
vt 28.000000 10.006116 0.000000
vt -0.000000 0.000000 0.000000
vt 28.000000 0.000000 0.000000
vt -0.000000 10.189656 0.000000
vt 28.000000 10.189656 0.000000
vt -0.000000 0.000000 0.000000
vt 28.000000 0.000000 0.000000
vt -0.000000 10.291000 0.000000
vt 28.000000 10.291000 0.000000
vt -0.000000 0.000000 0.000000
vt 28.000000 0.000000 0.000000
vt -0.000000 11.311528 0.000000
vt 28.000000 11.311528 0.000000
vt -0.000000 0.000000 0.000000
vt 28.000000 0.000000 0.000000
vt -0.000000 10.151566 0.000000
vt 28.000000 10.151566 0.000000
vt -0.000000 0.000000 0.000000
vt 28.000000 0.000000 0.000000
vt -0.000000 10.288632 0.000000
vt 28.000000 10.288632 0.000000
vt -0.000000 0.000000 0.000000
vt 28.000000 0.000000 0.000000
vt -0.000000 10.829949 0.000000
vt 28.000000 10.829949 0.000000
vt -0.000000 0.000000 0.000000
vt 28.000000 0.000000 0.000000
vt -0.000000 9.184546 0.000000
vt 28.000000 9.184546 0.000000
vt -0.000000 0.000000 0.000000
vt 28.000000 0.000000 0.000000
vt -0.000000 11.498031 0.000000
vt 28.000000 11.498031 0.000000
vt -0.000000 0.000000 0.000000
vt 28.000000 0.000000 0.000000
vt -0.000000 10.649144 0.000000
vt 28.000000 10.649144 0.000000
vt -0.000000 0.000000 0.000000
vt 28.000000 0.000000 0.000000
vt -0.000000 10.316484 0.000000
vt 28.000000 10.316484 0.000000
vt -0.000000 0.000000 0.000000
vt 28.000000 0.000000 0.000000
vt -0.000000 11.188478 0.000000
vt 28.000000 11.188478 0.000000
vt -0.000000 0.000000 0.000000
vt 28.000000 0.000000 0.000000
vt -0.000000 10.049573 0.000000
vt 28.000000 10.049573 0.000000
vt -0.000000 0.000000 0.000000
vt 28.000000 0.000000 0.000000
vt -0.000000 9.906012 0.000000
vt 28.000000 9.906012 0.000000
vt -0.000000 0.000000 0.000000
vt 28.000000 0.000000 0.000000
vt -0.000000 11.086278 0.000000
vt 28.000000 11.086278 0.000000
vt -0.000000 0.000000 0.000000
vt 28.000000 0.000000 0.000000
vt -0.000000 10.181182 0.000000
vt 28.000000 10.181182 0.000000
vt -0.000000 0.000000 0.000000
vt 28.000000 0.000000 0.000000
vt -0.000000 10.186002 0.000000
vt 28.000000 10.186002 0.000000
vt -0.000000 0.000000 0.000000
vt 28.000000 0.000000 0.000000
vt -0.000000 10.807190 0.000000
vt 28.000000 10.807190 0.000000
vt -0.000000 0.000000 0.000000
vt 28.000000 0.000000 0.000000
vt -0.000000 10.094637 0.000000
vt 28.000000 10.094637 0.000000
vt -0.000000 0.000000 0.000000
vt 28.000000 0.000000 0.000000
vt -0.000000 10.349106 0.000000
vt 28.000000 10.349106 0.000000
vt -0.000000 0.000000 0.000000
vt 28.000000 0.000000 0.000000
vt -0.000000 9.203775 0.000000
vt 28.000000 9.203775 0.000000
vt -0.000000 -0.000000 0.000000
vt 28.000000 -0.000000 0.000000
vt -0.000000 9.787842 0.000000
vt 28.000000 9.787842 0.000000
vt -0.000000 0.000000 0.000000
vt 28.000000 0.000000 0.000000
vt -0.000000 10.528241 0.000000
vt 28.000000 10.528241 0.000000
vt -0.000000 0.000000 0.000000
vt 28.000000 0.000000 0.000000
vt -0.000000 10.493488 0.000000
vt 28.000000 10.493488 0.000000
vt -0.000000 0.000000 0.000000
vt 28.000000 0.000000 0.000000
vt -0.000000 11.220271 0.000000
vt 28.000000 11.220271 0.000000
vt -0.000000 0.000000 0.000000
vt 28.000000 0.000000 0.000000
vt -0.000000 10.138545 0.000000
vt 28.000000 10.138545 0.000000
vt -0.000000 0.000000 0.000000
vt 28.000000 0.000000 0.000000
vt -0.000000 10.355494 0.000000
vt 28.000000 10.355494 0.000000
vt -0.000000 0.000000 0.000000
vt 28.000000 0.000000 0.000000
vt -0.000000 9.659513 0.000000
vt 28.000000 9.659513 0.000000
vt -0.000000 0.000000 0.000000
vt 28.000000 0.000000 0.000000
vt -0.000000 9.511276 0.000000
vt 28.000000 9.511276 0.000000
vt -0.000000 0.000000 0.000000
vt 28.000000 0.000000 0.000000
vt -0.000000 9.445482 0.000000
vt 28.000000 9.445482 0.000000
vt -0.000000 0.000000 0.000000
vt 28.000000 0.000000 0.000000
vt -0.000000 10.264003 0.000000
vt 28.000000 10.264003 0.000000
vt -0.000000 0.000000 0.000000
vt 28.000000 0.000000 0.000000
vt -0.000000 9.935765 0.000000
vt 28.000000 9.935765 0.000000
vt -0.000000 0.000000 0.000000
vt 28.000000 0.000000 0.000000
vt -0.000000 9.870480 0.000000
vt 28.000000 9.870480 0.000000
vt -0.000000 0.000000 0.000000
vt 28.000000 0.000000 0.000000
vt -0.000000 9.371142 0.000000
vt 28.000000 9.371142 0.000000
vt -0.000000 0.000000 0.000000
vt 28.000000 0.000000 0.000000
vt -0.000000 11.704176 0.000000
vt 28.000000 11.704176 0.000000
vt -0.000000 0.000000 0.000000
vt 28.000000 0.000000 0.000000
vt -0.000000 9.399346 0.000000
vt 28.000000 9.399346 0.000000
vt -0.000000 0.000000 0.000000
vt 28.000000 0.000000 0.000000
vt -0.000000 13.013640 0.000000
vt 28.000000 13.013640 0.000000
vt -0.000000 0.000000 0.000000
vt 28.000000 0.000000 0.000000
vt -0.000000 10.498178 0.000000
vt 28.000000 10.498178 0.000000
vt -0.000000 0.000000 0.000000
vt 28.000000 0.000000 0.000000
vt -0.000000 11.279870 0.000000
vt 28.000000 11.279870 0.000000
vt -0.000000 0.000000 0.000000
vt 28.000000 0.000000 0.000000
vt -0.000000 7.156723 0.000000
vt 28.000000 7.156723 0.000000
vt -0.000000 0.000000 0.000000
vt 28.000000 0.000000 0.000000
vt -0.000000 9.495604 0.000000
vt 28.000000 9.495604 0.000000
vt -0.000000 0.000000 0.000000
vt 28.000000 0.000000 0.000000
vt -0.000000 8.941575 0.000000
vt 28.000000 8.941575 0.000000
vt -0.000000 0.000000 0.000000
vt 28.000000 0.000000 0.000000
vt -0.000000 9.888652 0.000000
vt 28.000000 9.888652 0.000000
vt -0.000000 0.000000 0.000000
vt 28.000000 0.000000 0.000000
vt -0.000000 10.405207 0.000000
vt 28.000000 10.405207 0.000000
vt -0.000000 -0.000000 0.000000
vt 28.000000 -0.000000 0.000000
vt -0.000000 10.588645 0.000000
vt 28.000000 10.588645 0.000000
vt -0.000000 -0.000000 0.000000
vt 28.000000 -0.000000 0.000000
vt -0.000000 8.681660 0.000000
vt 28.000000 8.681660 0.000000
vt -0.000000 0.000000 0.000000
vt 28.000000 0.000000 0.000000
vt -0.000000 9.627418 0.000000
vt 28.000000 9.627418 0.000000
vt -0.000000 0.000000 0.000000
vt 28.000000 0.000000 0.000000
vt -0.000000 11.801261 0.000000
vt 28.000000 11.801261 0.000000
vt -0.000000 -0.000000 0.000000
vt 28.000000 -0.000000 0.000000
vt -0.000000 10.852025 0.000000
vt 28.000000 10.852025 0.000000
vt -0.000000 0.000000 0.000000
vt 28.000000 0.000000 0.000000
vt -0.000000 10.385917 0.000000
vt 28.000000 10.385917 0.000000
vt -0.000000 -0.000000 0.000000
vt 28.000000 -0.000000 0.000000
vt -0.000000 9.608073 0.000000
vt 28.000000 9.608073 0.000000
vt -0.000000 0.000000 0.000000
vt 28.000000 0.000000 0.000000
vt -0.000000 6.843238 0.000000
vt 28.000000 6.843238 0.000000
vt -0.000000 0.000000 0.000000
vt 28.000000 0.000000 0.000000
vt -0.000000 4.000000 0.000000
vt 28.000000 4.000000 0.000000
vn 0.000000 0.000000 -0.100000
vn 0.000000 0.000000 -0.100000
vn 0.000000 0.000000 -0.100000
vn 0.000000 0.000000 -0.100000
vn 0.000000 0.000000 -0.100000
vn 0.000000 0.000000 -0.100000
vn 0.000000 0.000000 -0.100000
vn 0.000000 0.000000 -0.100000
vn 0.000000 0.000000 -0.100000
vn 0.000000 0.000000 -0.100000
vn 0.000000 0.000000 -0.100000
vn 0.000000 0.000000 -0.100000
vn 0.000000 0.000000 -0.100000
vn 0.000000 0.000000 -0.100000
vn 0.000000 0.000000 -0.100000
vn 0.000000 0.000000 -0.100000
vn 0.000000 0.000000 -0.100000
vn 0.000000 0.000000 -0.100000
vn 0.000000 0.000000 -0.100000
vn 0.000000 0.000000 -0.100000
vn 0.000000 0.000000 -0.100000
vn 0.000000 0.000000 -0.100000
vn 0.000000 0.000000 -0.100000
vn 0.000000 0.000000 -0.100000
vn 0.000000 0.000000 -0.100000
vn 0.000000 0.000000 -0.100000
vn 0.000000 0.000000 -0.100000
vn 0.000000 0.000000 -0.100000
vn 0.000000 0.000000 -0.100000
vn 0.000000 0.000000 -0.100000
vn 0.000000 0.000000 -0.100000
vn 0.000000 0.000000 -0.100000
vn 0.000000 0.000000 -0.100000
vn 0.000000 0.000000 -0.100000
vn 0.000000 0.000000 -0.100000
vn 0.000000 0.000000 -0.100000
vn 0.000000 0.000000 -0.100000
vn 0.000000 0.000000 -0.100000
vn 0.000000 0.000000 -0.100000
vn 0.000000 0.000000 -0.100000
vn 0.000000 0.000000 -0.100000
vn 0.000000 0.000000 -0.100000
vn 0.000000 0.000000 -0.100000
vn 0.000000 0.000000 -0.100000
vn 0.000000 0.000000 -0.100000
vn 0.000000 0.000000 -0.100000
vn 0.000000 0.000000 -0.100000
vn 0.000000 0.000000 -0.100000
vn 0.000000 0.000000 -0.100000
vn 0.000000 0.000000 -0.100000
vn 0.000000 0.000000 -0.100000
vn 0.000000 0.000000 -0.100000
vn 0.000000 0.000000 -0.100000
vn 0.000000 0.000000 -0.100000
vn 0.000000 0.000000 -0.100000
vn 0.000000 0.000000 -0.100000
vn 0.000000 0.000000 -0.100000
vn 0.000000 0.000000 -0.100000
vn 0.000000 0.000000 -0.100000
vn 0.000000 0.000000 -0.100000
vn 0.000000 0.000000 -0.100000
vn 0.000000 0.000000 -0.100000
vn 0.000000 0.000000 -0.100000
vn 0.000000 0.000000 -0.100000
vn 0.000000 0.000000 -0.100000
vn 0.000000 0.000000 -0.100000
vn 0.000000 0.000000 -0.100000
vn 0.000000 0.000000 -0.100000
vn 0.000000 0.000000 -0.100000
vn 0.000000 0.000000 -0.100000
vn 0.000000 0.000000 -0.100000
vn 0.000000 0.000000 -0.100000
vn 0.000000 0.000000 -0.100000
vn 0.000000 0.000000 -0.100000
vn 0.000000 0.000000 -0.100000
vn 0.000000 0.000000 -0.100000
vn 0.000000 0.000000 -0.100000
vn 0.000000 0.000000 -0.100000
vn 0.000000 0.000000 -0.100000
vn 0.000000 0.000000 -0.100000
vn 0.000000 0.000000 -0.100000
vn 0.000000 0.000000 -0.100000
vn 0.000000 0.000000 -0.100000
vn 0.000000 0.000000 -0.100000
vn 0.000000 0.000000 -0.100000
vn 0.000000 0.000000 -0.100000
vn 0.000000 0.000000 -0.100000
vn 0.000000 0.000000 -0.100000
vn 0.000000 0.000000 -0.100000
vn 0.000000 0.000000 -0.100000
vn 0.000000 0.000000 -0.100000
vn 0.000000 0.000000 -0.100000
vn 0.000000 0.000000 -0.100000
vn 0.000000 0.000000 -0.100000
vn 0.000000 0.000000 -0.100000
vn 0.000000 0.000000 -0.100000
vn 0.000000 0.000000 -0.100000
vn 0.000000 0.000000 -0.100000
vn 0.000000 0.000000 -0.100000
vn 0.000000 0.000000 -0.100000
vn 0.000000 0.000000 -0.100000
vn 0.000000 0.000000 -0.100000
vn 0.000000 0.000000 -0.100000
vn 0.000000 0.000000 -0.100000
vn 0.000000 0.000000 -0.100000
vn 0.000000 0.000000 -0.100000
vn 0.000000 0.000000 -0.100000
vn 0.000000 0.000000 -0.100000
vn 0.000000 0.000000 -0.100000
vn 0.000000 0.000000 -0.100000
vn 0.000000 0.000000 -0.100000
vn 0.000000 0.000000 -0.100000
vn 0.000000 0.000000 -0.100000
vn 0.000000 0.000000 -0.100000
vn 0.000000 0.000000 -0.100000
vn 0.000000 0.000000 -0.100000
vn 0.000000 0.000000 -0.100000
vn 0.000000 0.000000 -0.100000
vn 0.000000 0.000000 -0.100000
vn 0.000000 0.000000 -0.100000
vn 0.000000 0.000000 -0.100000
vn 0.000000 0.000000 -0.100000
vn 0.000000 0.000000 -0.100000
vn 0.000000 0.000000 -0.100000
vn 0.000000 0.000000 -0.100000
vn 0.000000 0.000000 -0.100000
vn 0.000000 0.000000 -0.100000
vn 0.000000 0.000000 -0.100000
vn 0.000000 0.000000 -0.100000
vn 0.000000 0.000000 -0.100000
vn 0.000000 0.000000 -0.100000
vn 0.000000 0.000000 -0.100000
vn 0.000000 0.000000 -0.100000
vn 0.000000 0.000000 -0.100000
vn 0.000000 0.000000 -0.100000
vn 0.000000 0.000000 -0.100000
vn 0.000000 0.000000 -0.100000
vn 0.000000 0.000000 -0.100000
vn 0.000000 0.000000 -0.100000
vn 0.000000 0.000000 -0.100000
vn 0.000000 0.000000 -0.100000
vn 0.000000 0.000000 -0.100000
vn 0.000000 0.000000 -0.100000
vn 0.000000 0.000000 -0.100000
vn 0.000000 0.000000 -0.100000
vn 0.000000 0.000000 -0.100000
vn 0.000000 0.000000 -0.100000
vn 0.000000 0.000000 -0.100000
vn 0.000000 0.000000 -0.100000
vn 0.000000 0.000000 -0.100000
vn 0.000000 0.000000 -0.100000
vn 0.000000 0.000000 -0.100000
vn 0.000000 0.000000 -0.100000
vn 0.000000 0.000000 -0.100000
vn 0.000000 0.000000 -0.100000
vn 0.000000 0.000000 -0.100000
vn 0.000000 0.000000 -0.100000
vn 0.000000 0.000000 -0.100000
vn 0.000000 0.000000 -0.100000
vn 0.000000 0.000000 -0.100000
vn 0.000000 0.000000 -0.100000
vn 0.000000 0.000000 -0.100000
vn 0.000000 0.000000 -0.100000
vn 0.000000 0.000000 -0.100000
vn 0.000000 0.000000 -0.100000
vn 0.000000 0.000000 -0.100000
vn 0.000000 0.000000 -0.100000
vn 0.000000 0.000000 -0.100000
vn 0.000000 0.000000 -0.100000
vn 0.000000 0.000000 -0.100000
vn 0.000000 0.000000 -0.100000
vn 0.000000 0.000000 -0.100000
vn 0.000000 0.000000 -0.100000
vn 0.000000 0.000000 -0.100000
vn 0.000000 0.000000 -0.100000
vn 0.000000 0.000000 -0.100000
vn 0.000000 0.000000 -0.100000
vn 0.000000 0.000000 -0.100000
vn 0.000000 0.000000 -0.100000
vn 0.000000 0.000000 -0.100000
vn 0.000000 0.000000 -0.100000
vn 0.000000 0.000000 -0.100000
vn 0.000000 0.000000 -0.100000
vn 0.000000 0.000000 -0.100000
vn 0.000000 0.000000 -0.100000
vn 0.000000 0.000000 -0.100000
vn 0.000000 0.000000 -0.100000
vn 0.000000 0.000000 -0.100000
vn 0.000000 0.000000 -0.100000
vn 0.000000 0.000000 -0.100000
vn 0.000000 0.000000 -0.100000
vn 0.000000 0.000000 -0.100000
vn 0.000000 0.000000 -0.100000
vn 0.000000 0.000000 -0.100000
vn 0.000000 0.000000 -0.100000
vn 0.000000 0.000000 -0.100000
vn 0.000000 0.000000 -0.100000
vn 0.000000 0.000000 -0.100000
vn 0.000000 0.000000 -0.100000
vn 0.000000 0.000000 -0.100000
vn 0.000000 0.000000 -0.100000
vn 0.000000 0.000000 -0.100000
vn 0.000000 0.000000 -0.100000
vn 0.000000 0.000000 -0.100000
vn 0.000000 0.000000 -0.100000
vn 0.000000 0.000000 -0.100000
vn 0.000000 0.000000 -0.100000
vn 0.000000 0.000000 -0.100000
vn 0.000000 0.000000 -0.100000
vn 0.000000 0.000000 -0.100000
vn 0.000000 0.000000 -0.100000
vn 0.000000 0.000000 0.100000
vn 0.000000 0.000000 0.100000
vn 0.000000 0.000000 0.100000
vn 0.000000 0.000000 0.100000
vn 0.000000 0.000000 0.100000
vn 0.000000 0.000000 0.100000
vn 0.000000 0.000000 0.100000
vn 0.000000 0.000000 0.100000
vn 0.000000 0.000000 0.100000
vn 0.000000 0.000000 0.100000
vn 0.000000 0.000000 0.100000
vn 0.000000 0.000000 0.100000
vn 0.000000 0.000000 0.100000
vn 0.000000 0.000000 0.100000
vn 0.000000 0.000000 0.100000
vn 0.000000 0.000000 0.100000
vn 0.000000 0.000000 0.100000
vn 0.000000 0.000000 0.100000
vn 0.000000 0.000000 0.100000
vn 0.000000 0.000000 0.100000
vn 0.000000 0.000000 0.100000
vn 0.000000 0.000000 0.100000
vn 0.000000 0.000000 0.100000
vn 0.000000 0.000000 0.100000
vn 0.000000 0.000000 0.100000
vn 0.000000 0.000000 0.100000
vn 0.000000 0.000000 0.100000
vn 0.000000 0.000000 0.100000
vn 0.000000 0.000000 0.100000
vn 0.000000 0.000000 0.100000
vn 0.000000 0.000000 0.100000
vn 0.000000 0.000000 0.100000
vn 0.000000 0.000000 0.100000
vn 0.000000 0.000000 0.100000
vn 0.000000 0.000000 0.100000
vn 0.000000 0.000000 0.100000
vn 0.000000 0.000000 0.100000
vn 0.000000 0.000000 0.100000
vn 0.000000 0.000000 0.100000
vn 0.000000 0.000000 0.100000
vn 0.000000 0.000000 0.100000
vn 0.000000 0.000000 0.100000
vn 0.000000 0.000000 0.100000
vn 0.000000 0.000000 0.100000
vn 0.000000 0.000000 0.100000
vn 0.000000 0.000000 0.100000
vn 0.000000 0.000000 0.100000
vn 0.000000 0.000000 0.100000
vn 0.000000 0.000000 0.100000
vn 0.000000 0.000000 0.100000
vn 0.000000 0.000000 0.100000
vn 0.000000 0.000000 0.100000
vn 0.000000 0.000000 0.100000
vn 0.000000 0.000000 0.100000
vn 0.000000 0.000000 0.100000
vn 0.000000 0.000000 0.100000
vn 0.000000 0.000000 0.100000
vn 0.000000 0.000000 0.100000
vn 0.000000 0.000000 0.100000
vn 0.000000 0.000000 0.100000
vn 0.000000 0.000000 0.100000
vn 0.000000 0.000000 0.100000
vn 0.000000 0.000000 0.100000
vn 0.000000 0.000000 0.100000
vn 0.000000 0.000000 0.100000
vn 0.000000 0.000000 0.100000
vn 0.000000 0.000000 0.100000
vn 0.000000 0.000000 0.100000
vn 0.000000 0.000000 0.100000
vn 0.000000 0.000000 0.100000
vn 0.000000 0.000000 0.100000
vn 0.000000 0.000000 0.100000
vn 0.000000 0.000000 0.100000
vn 0.000000 0.000000 0.100000
vn 0.000000 0.000000 0.100000
vn 0.000000 0.000000 0.100000
vn 0.000000 0.000000 0.100000
vn 0.000000 0.000000 0.100000
vn 0.000000 0.000000 0.100000
vn 0.000000 0.000000 0.100000
vn 0.000000 0.000000 0.100000
vn 0.000000 0.000000 0.100000
vn 0.000000 0.000000 0.100000
vn 0.000000 0.000000 0.100000
vn 0.000000 0.000000 0.100000
vn 0.000000 0.000000 0.100000
vn 0.000000 0.000000 0.100000
vn 0.000000 0.000000 0.100000
vn 0.000000 0.000000 0.100000
vn 0.000000 0.000000 0.100000
vn 0.000000 0.000000 0.100000
vn 0.000000 0.000000 0.100000
vn 0.000000 0.000000 0.100000
vn 0.000000 0.000000 0.100000
vn 0.000000 0.000000 0.100000
vn 0.000000 0.000000 0.100000
vn 0.000000 0.000000 0.100000
vn 0.000000 0.000000 0.100000
vn 0.000000 0.000000 0.100000
vn 0.000000 0.000000 0.100000
vn 0.000000 0.000000 0.100000
vn 0.000000 0.000000 0.100000
vn 0.000000 0.000000 0.100000
vn 0.000000 0.000000 0.100000
vn 0.000000 0.000000 0.100000
vn 0.000000 0.000000 0.100000
vn 0.000000 0.000000 0.100000
vn 0.000000 0.000000 0.100000
vn 0.000000 0.000000 0.100000
vn 0.000000 0.000000 0.100000
vn 0.000000 0.000000 0.100000
vn 0.000000 0.000000 0.100000
vn 0.000000 0.000000 0.100000
vn 0.000000 0.000000 0.100000
vn 0.000000 0.000000 0.100000
vn 0.000000 0.000000 0.100000
vn 0.000000 0.000000 0.100000
vn 0.000000 0.000000 0.100000
vn 0.000000 0.000000 0.100000
vn 0.000000 0.000000 0.100000
vn 0.000000 0.000000 0.100000
vn 0.000000 0.000000 0.100000
vn 0.000000 0.000000 0.100000
vn 0.000000 0.000000 0.100000
vn 0.000000 0.000000 0.100000
vn 0.000000 0.000000 0.100000
vn 0.000000 0.000000 0.100000
vn 0.000000 0.000000 0.100000
vn 0.000000 0.000000 0.100000
vn 0.000000 0.000000 0.100000
vn 0.000000 0.000000 0.100000
vn 0.000000 0.000000 0.100000
vn 0.000000 0.000000 0.100000
vn 0.000000 0.000000 0.100000
vn 0.000000 0.000000 0.100000
vn 0.000000 0.000000 0.100000
vn 0.000000 0.000000 0.100000
vn 0.000000 0.000000 0.100000
vn 0.000000 0.000000 0.100000
vn 0.000000 0.000000 0.100000
vn 0.000000 0.000000 0.100000
vn 0.000000 0.000000 0.100000
vn 0.000000 0.000000 0.100000
vn 0.000000 0.000000 0.100000
vn 0.000000 0.000000 0.100000
vn 0.000000 0.000000 0.100000
vn 0.000000 0.000000 0.100000
vn 0.000000 0.000000 0.100000
vn 0.000000 0.000000 0.100000
vn 0.000000 0.000000 0.100000
vn 0.000000 0.000000 0.100000
vn 0.000000 0.000000 0.100000
vn 0.000000 0.000000 0.100000
vn 0.000000 0.000000 0.100000
vn 0.000000 0.000000 0.100000
vn 0.000000 0.000000 0.100000
vn 0.000000 0.000000 0.100000
vn 0.000000 0.000000 0.100000
vn 0.000000 0.000000 0.100000
vn 0.000000 0.000000 0.100000
vn 0.000000 0.000000 0.100000
vn 0.000000 0.000000 0.100000
vn 0.000000 0.000000 0.100000
vn 0.000000 0.000000 0.100000
vn 0.000000 0.000000 0.100000
vn 0.000000 0.000000 0.100000
vn 0.000000 0.000000 0.100000
vn 0.000000 0.000000 0.100000
vn 0.000000 0.000000 0.100000
vn 0.000000 0.000000 0.100000
vn 0.000000 0.000000 0.100000
vn 0.000000 0.000000 0.100000
vn 0.000000 0.000000 0.100000
vn 0.000000 0.000000 0.100000
vn 0.000000 0.000000 0.100000
vn 0.000000 0.000000 0.100000
vn 0.000000 0.000000 0.100000
vn 0.000000 0.000000 0.100000
vn 0.000000 0.000000 0.100000
vn 0.000000 0.000000 0.100000
vn 0.000000 0.000000 0.100000
vn 0.000000 0.000000 0.100000
vn 0.000000 0.000000 0.100000
vn 0.000000 0.000000 0.100000
vn 0.000000 0.000000 0.100000
vn 0.000000 0.000000 0.100000
vn 0.000000 0.000000 0.100000
vn 0.000000 0.000000 0.100000
vn 0.000000 0.000000 0.100000
vn 0.000000 0.000000 0.100000
vn 0.000000 0.000000 0.100000
vn 0.000000 0.000000 0.100000
vn 0.000000 0.000000 0.100000
vn 0.000000 0.000000 0.100000
vn 0.000000 0.000000 0.100000
vn 0.000000 0.000000 0.100000
vn 0.000000 0.000000 0.100000
vn 0.000000 0.000000 0.100000
vn 0.000000 0.000000 0.100000
vn 0.000000 0.000000 0.100000
vn 0.000000 0.000000 0.100000
vn 0.000000 0.000000 0.100000
vn 0.000000 0.000000 0.100000
vn 0.000000 0.000000 0.100000
vn 0.000000 0.000000 0.100000
vn 0.000000 0.000000 0.100000
vn 0.000000 0.000000 0.100000
vn 0.000000 0.000000 0.100000
vn 0.000000 0.000000 0.100000
vn 0.000000 0.000000 0.100000
vn 0.000000 0.000000 0.100000
vn 0.050000 0.086603 0.000000
vn 0.050000 0.086603 0.000000
vn 0.050000 0.086603 0.000000
vn 0.050000 0.086603 0.000000
vn 0.050000 0.086603 0.000000
vn 0.050000 0.086603 0.000000
vn 0.050000 0.086603 0.000000
vn 0.050000 0.086603 0.000000
vn 0.050000 0.086603 0.000000
vn 0.050000 0.086603 0.000000
vn 0.055623 0.083103 0.000000
vn 0.055623 0.083103 0.000000
vn 0.055623 0.083103 0.000000
vn 0.055623 0.083103 0.000000
vn 0.054464 0.083867 0.000000
vn 0.054464 0.083867 0.000000
vn 0.054464 0.083867 0.000000
vn 0.054464 0.083867 0.000000
vn 0.057855 0.081565 0.000000
vn 0.057855 0.081565 0.000000
vn 0.057855 0.081565 0.000000
vn 0.057855 0.081565 0.000000
vn 0.062304 0.078219 0.000000
vn 0.062304 0.078219 0.000000
vn 0.062304 0.078219 0.000000
vn 0.062304 0.078219 0.000000
vn 0.066913 0.074314 0.000000
vn 0.066913 0.074314 0.000000
vn 0.066913 0.074314 0.000000
vn 0.066913 0.074314 0.000000
vn 0.070711 0.070711 0.000000
vn 0.070711 0.070711 0.000000
vn 0.070711 0.070711 0.000000
vn 0.070711 0.070711 0.000000
vn 0.072469 0.068907 0.000000
vn 0.072469 0.068907 0.000000
vn 0.072469 0.068907 0.000000
vn 0.072469 0.068907 0.000000
vn 0.073703 0.067586 0.000000
vn 0.073703 0.067586 0.000000
vn 0.073703 0.067586 0.000000
vn 0.073703 0.067586 0.000000
vn 0.076604 0.064279 0.000000
vn 0.076604 0.064279 0.000000
vn 0.076604 0.064279 0.000000
vn 0.076604 0.064279 0.000000
vn 0.079864 0.060182 0.000000
vn 0.079864 0.060182 0.000000
vn 0.079864 0.060182 0.000000
vn 0.079864 0.060182 0.000000
vn 0.082904 0.055919 0.000000
vn 0.082904 0.055919 0.000000
vn 0.082904 0.055919 0.000000
vn 0.082904 0.055919 0.000000
vn 0.084805 0.052992 0.000000
vn 0.084805 0.052992 0.000000
vn 0.084805 0.052992 0.000000
vn 0.084805 0.052992 0.000000
vn 0.085717 0.051504 0.000000
vn 0.085717 0.051504 0.000000
vn 0.085717 0.051504 0.000000
vn 0.085717 0.051504 0.000000
vn 0.088295 0.046947 0.000000
vn 0.088295 0.046947 0.000000
vn 0.088295 0.046947 0.000000
vn 0.088295 0.046947 0.000000
vn 0.091355 0.040674 0.000000
vn 0.091355 0.040674 0.000000
vn 0.091355 0.040674 0.000000
vn 0.091355 0.040674 0.000000
vn 0.092540 0.037898 0.000000
vn 0.092540 0.037898 0.000000
vn 0.092540 0.037898 0.000000
vn 0.092540 0.037898 0.000000
vn 0.093028 0.036686 0.000000
vn 0.093028 0.036686 0.000000
vn 0.093028 0.036686 0.000000
vn 0.093028 0.036686 0.000000
vn 0.094726 0.032047 0.000000
vn 0.094726 0.032047 0.000000
vn 0.094726 0.032047 0.000000
vn 0.094726 0.032047 0.000000
vn 0.095106 0.030902 0.000000
vn 0.095106 0.030902 0.000000
vn 0.095106 0.030902 0.000000
vn 0.095106 0.030902 0.000000
vn 0.096039 0.027867 0.000000
vn 0.096039 0.027867 0.000000
vn 0.096039 0.027867 0.000000
vn 0.096039 0.027867 0.000000
vn 0.095928 0.028247 0.000000
vn 0.095928 0.028247 0.000000
vn 0.095928 0.028247 0.000000
vn 0.095928 0.028247 0.000000
vn 0.096377 0.026675 0.000000
vn 0.096377 0.026675 0.000000
vn 0.096377 0.026675 0.000000
vn 0.096377 0.026675 0.000000
vn 0.096668 0.025600 0.000000
vn 0.096668 0.025600 0.000000
vn 0.096668 0.025600 0.000000
vn 0.096668 0.025600 0.000000
vn 0.097529 0.022092 0.000000
vn 0.097529 0.022092 0.000000
vn 0.097529 0.022092 0.000000
vn 0.097529 0.022092 0.000000
vn 0.098022 0.019790 0.000000
vn 0.098022 0.019790 0.000000
vn 0.098022 0.019790 0.000000
vn 0.098022 0.019790 0.000000
vn 0.098280 0.018465 0.000000
vn 0.098280 0.018465 0.000000
vn 0.098280 0.018465 0.000000
vn 0.098280 0.018465 0.000000
vn 0.098806 0.015408 0.000000
vn 0.098806 0.015408 0.000000
vn 0.098806 0.015408 0.000000
vn 0.098806 0.015408 0.000000
vn 0.099363 0.011271 0.000000
vn 0.099363 0.011271 0.000000
vn 0.099363 0.011271 0.000000
vn 0.099363 0.011271 0.000000
vn 0.099900 0.004473 0.000000
vn 0.099900 0.004473 0.000000
vn 0.099900 0.004473 0.000000
vn 0.099900 0.004473 0.000000
vn 0.099983 0.001848 0.000000
vn 0.099983 0.001848 0.000000
vn 0.099983 0.001848 0.000000
vn 0.099983 0.001848 0.000000
vn 0.099951 -0.003145 0.000000
vn 0.099951 -0.003145 0.000000
vn 0.099951 -0.003145 0.000000
vn 0.099951 -0.003145 0.000000
vn 0.099994 -0.001118 0.000000
vn 0.099994 -0.001118 0.000000
vn 0.099994 -0.001118 0.000000
vn 0.099994 -0.001118 0.000000
vn 0.099951 -0.003135 0.000000
vn 0.099951 -0.003135 0.000000
vn 0.099951 -0.003135 0.000000
vn 0.099951 -0.003135 0.000000
vn 0.099927 -0.003820 0.000000
vn 0.099927 -0.003820 0.000000
vn 0.099927 -0.003820 0.000000
vn 0.099927 -0.003820 0.000000
vn 0.099677 -0.008032 0.000000
vn 0.099677 -0.008032 0.000000
vn 0.099677 -0.008032 0.000000
vn 0.099677 -0.008032 0.000000
vn 0.099239 -0.012316 0.000000
vn 0.099239 -0.012316 0.000000
vn 0.099239 -0.012316 0.000000
vn 0.099239 -0.012316 0.000000
vn 0.098840 -0.015188 0.000000
vn 0.098840 -0.015188 0.000000
vn 0.098840 -0.015188 0.000000
vn 0.098840 -0.015188 0.000000
vn 0.098139 -0.019204 0.000000
vn 0.098139 -0.019204 0.000000
vn 0.098139 -0.019204 0.000000
vn 0.098139 -0.019204 0.000000
vn 0.097941 -0.020188 0.000000
vn 0.097941 -0.020188 0.000000
vn 0.097941 -0.020188 0.000000
vn 0.097941 -0.020188 0.000000
vn 0.096603 -0.025843 0.000000
vn 0.096603 -0.025843 0.000000
vn 0.096603 -0.025843 0.000000
vn 0.096603 -0.025843 0.000000
vn 0.095181 -0.030667 0.000000
vn 0.095181 -0.030667 0.000000
vn 0.095181 -0.030667 0.000000
vn 0.095181 -0.030667 0.000000
vn 0.094111 -0.033811 0.000000
vn 0.094111 -0.033811 0.000000
vn 0.094111 -0.033811 0.000000
vn 0.094111 -0.033811 0.000000
vn 0.092490 -0.038022 0.000000
vn 0.092490 -0.038022 0.000000
vn 0.092490 -0.038022 0.000000
vn 0.092490 -0.038022 0.000000
vn 0.091914 -0.039394 0.000000
vn 0.091914 -0.039394 0.000000
vn 0.091914 -0.039394 0.000000
vn 0.091914 -0.039394 0.000000
vn 0.091359 -0.040665 0.000000
vn 0.091359 -0.040665 0.000000
vn 0.091359 -0.040665 0.000000
vn 0.091359 -0.040665 0.000000
vn 0.088298 -0.046941 0.000000
vn 0.088298 -0.046941 0.000000
vn 0.088298 -0.046941 0.000000
vn 0.088298 -0.046941 0.000000
vn 0.089828 -0.043941 0.000000
vn 0.089828 -0.043941 0.000000
vn 0.089828 -0.043941 0.000000
vn 0.089828 -0.043941 0.000000
vn 0.088324 -0.046893 0.000000
vn 0.088324 -0.046893 0.000000
vn 0.088324 -0.046893 0.000000
vn 0.088324 -0.046893 0.000000
vn 0.086666 -0.049889 0.000000
vn 0.086666 -0.049889 0.000000
vn 0.086666 -0.049889 0.000000
vn 0.086666 -0.049889 0.000000
vn 0.082112 -0.057076 0.000000
vn 0.082112 -0.057076 0.000000
vn 0.082112 -0.057076 0.000000
vn 0.082112 -0.057076 0.000000
vn 0.079380 -0.060818 0.000000
vn 0.079380 -0.060818 0.000000
vn 0.079380 -0.060818 0.000000
vn 0.079380 -0.060818 0.000000
vn 0.073519 -0.067786 0.000000
vn 0.073519 -0.067786 0.000000
vn 0.073519 -0.067786 0.000000
vn 0.073519 -0.067786 0.000000
vn 0.071886 -0.069515 0.000000
vn 0.071886 -0.069515 0.000000
vn 0.071886 -0.069515 0.000000
vn 0.071886 -0.069515 0.000000
vn 0.069186 -0.072203 0.000000
vn 0.069186 -0.072203 0.000000
vn 0.069186 -0.072203 0.000000
vn 0.069186 -0.072203 0.000000
vn 0.064112 -0.076744 0.000000
vn 0.064112 -0.076744 0.000000
vn 0.064112 -0.076744 0.000000
vn 0.064112 -0.076744 0.000000
vn 0.064449 -0.076461 0.000000
vn 0.064449 -0.076461 0.000000
vn 0.064449 -0.076461 0.000000
vn 0.064449 -0.076461 0.000000
vn 0.061065 -0.079190 0.000000
vn 0.061065 -0.079190 0.000000
vn 0.061065 -0.079190 0.000000
vn 0.061065 -0.079190 0.000000
vn 0.058779 -0.080902 0.000000
vn 0.058779 -0.080902 0.000000
vn 0.058779 -0.080902 0.000000
vn 0.058779 -0.080902 0.000000
vn 0.055499 -0.083186 0.000000
vn 0.055499 -0.083186 0.000000
vn 0.055499 -0.083186 0.000000
vn 0.055499 -0.083186 0.000000
vn 0.052654 -0.085015 0.000000
vn 0.052654 -0.085015 0.000000
vn 0.052654 -0.085015 0.000000
vn 0.052654 -0.085015 0.000000
vn 0.045312 -0.089145 0.000000
vn 0.045312 -0.089145 0.000000
vn 0.045312 -0.089145 0.000000
vn 0.045312 -0.089145 0.000000
vn 0.044233 -0.089685 0.000000
vn 0.044233 -0.089685 0.000000
vn 0.044233 -0.089685 0.000000
vn 0.044233 -0.089685 0.000000
vn 0.039965 -0.091667 0.000000
vn 0.039965 -0.091667 0.000000
vn 0.039965 -0.091667 0.000000
vn 0.039965 -0.091667 0.000000
vn 0.037812 -0.092576 0.000000
vn 0.037812 -0.092576 0.000000
vn 0.037812 -0.092576 0.000000
vn 0.037812 -0.092576 0.000000
vn 0.032975 -0.094407 0.000000
vn 0.032975 -0.094407 0.000000
vn 0.032975 -0.094407 0.000000
vn 0.032975 -0.094407 0.000000
vn 0.031419 -0.094936 0.000000
vn 0.031419 -0.094936 0.000000
vn 0.031419 -0.094936 0.000000
vn 0.031419 -0.094936 0.000000
vn 0.026164 -0.096517 0.000000
vn 0.026164 -0.096517 0.000000
vn 0.026164 -0.096517 0.000000
vn 0.026164 -0.096517 0.000000
vn 0.022584 -0.097416 0.000000
vn 0.022584 -0.097416 0.000000
vn 0.022584 -0.097416 0.000000
vn 0.022584 -0.097416 0.000000
vn 0.017365 -0.098481 0.000000
vn 0.017365 -0.098481 0.000000
vn 0.017365 -0.098481 0.000000
vn 0.017365 -0.098481 0.000000
vn 0.014330 -0.098968 0.000000
vn 0.014330 -0.098968 0.000000
vn 0.014330 -0.098968 0.000000
vn 0.014330 -0.098968 0.000000
vn 0.010517 -0.099445 0.000000
vn 0.010517 -0.099445 0.000000
vn 0.010517 -0.099445 0.000000
vn 0.010517 -0.099445 0.000000
vn 0.002950 -0.099956 0.000000
vn 0.002950 -0.099956 0.000000
vn 0.002950 -0.099956 0.000000
vn 0.002950 -0.099956 0.000000
vn 0.000196 -0.100000 0.000000
vn 0.000196 -0.100000 0.000000
vn 0.000196 -0.100000 0.000000
vn 0.000196 -0.100000 0.000000
vn -0.003193 -0.099949 0.000000
vn -0.003193 -0.099949 0.000000
vn -0.003193 -0.099949 0.000000
vn -0.003193 -0.099949 0.000000
vn -0.007723 -0.099701 0.000000
vn -0.007723 -0.099701 0.000000
vn -0.007723 -0.099701 0.000000
vn -0.007723 -0.099701 0.000000
vn -0.011101 -0.099382 0.000000
vn -0.011101 -0.099382 0.000000
vn -0.011101 -0.099382 0.000000
vn -0.011101 -0.099382 0.000000
vn -0.015093 -0.098854 0.000000
vn -0.015093 -0.098854 0.000000
vn -0.015093 -0.098854 0.000000
vn -0.015093 -0.098854 0.000000
vn -0.022373 -0.097465 0.000000
vn -0.022373 -0.097465 0.000000
vn -0.022373 -0.097465 0.000000
vn -0.022373 -0.097465 0.000000
vn -0.028377 -0.095889 0.000000
vn -0.028377 -0.095889 0.000000
vn -0.028377 -0.095889 0.000000
vn -0.028377 -0.095889 0.000000
vn -0.030149 -0.095347 0.000000
vn -0.030149 -0.095347 0.000000
vn -0.030149 -0.095347 0.000000
vn -0.030149 -0.095347 0.000000
vn -0.036252 -0.093198 0.000000
vn -0.036252 -0.093198 0.000000
vn -0.036252 -0.093198 0.000000
vn -0.036252 -0.093198 0.000000
vn -0.038620 -0.092242 0.000000
vn -0.038620 -0.092242 0.000000
vn -0.038620 -0.092242 0.000000
vn -0.038620 -0.092242 0.000000
vn -0.040759 -0.091317 0.000000
vn -0.040759 -0.091317 0.000000
vn -0.040759 -0.091317 0.000000
vn -0.040759 -0.091317 0.000000
vn -0.046941 -0.088298 0.000000
vn -0.046941 -0.088298 0.000000
vn -0.046941 -0.088298 0.000000
vn -0.046941 -0.088298 0.000000
vn -0.050904 -0.086074 0.000000
vn -0.050904 -0.086074 0.000000
vn -0.050904 -0.086074 0.000000
vn -0.050904 -0.086074 0.000000
vn -0.053714 -0.084349 0.000000
vn -0.053714 -0.084349 0.000000
vn -0.053714 -0.084349 0.000000
vn -0.053714 -0.084349 0.000000
vn -0.059027 -0.080720 0.000000
vn -0.059027 -0.080720 0.000000
vn -0.059027 -0.080720 0.000000
vn -0.059027 -0.080720 0.000000
vn -0.062249 -0.078263 0.000000
vn -0.062249 -0.078263 0.000000
vn -0.062249 -0.078263 0.000000
vn -0.062249 -0.078263 0.000000
vn -0.066542 -0.074647 0.000000
vn -0.066542 -0.074647 0.000000
vn -0.066542 -0.074647 0.000000
vn -0.066542 -0.074647 0.000000
vn -0.066421 -0.074754 0.000000
vn -0.066421 -0.074754 0.000000
vn -0.066421 -0.074754 0.000000
vn -0.066421 -0.074754 0.000000
vn -0.071577 -0.069833 0.000000
vn -0.071577 -0.069833 0.000000
vn -0.071577 -0.069833 0.000000
vn -0.071577 -0.069833 0.000000
vn -0.071226 -0.070191 0.000000
vn -0.071226 -0.070191 0.000000
vn -0.071226 -0.070191 0.000000
vn -0.071226 -0.070191 0.000000
vn -0.072748 -0.068613 0.000000
vn -0.072748 -0.068613 0.000000
vn -0.072748 -0.068613 0.000000
vn -0.072748 -0.068613 0.000000
vn -0.074073 -0.067181 0.000000
vn -0.074073 -0.067181 0.000000
vn -0.074073 -0.067181 0.000000
vn -0.074073 -0.067181 0.000000
vn -0.075203 -0.065913 0.000000
vn -0.075203 -0.065913 0.000000
vn -0.075203 -0.065913 0.000000
vn -0.075203 -0.065913 0.000000
vn -0.076356 -0.064574 0.000000
vn -0.076356 -0.064574 0.000000
vn -0.076356 -0.064574 0.000000
vn -0.076356 -0.064574 0.000000
vn -0.079013 -0.061293 0.000000
vn -0.079013 -0.061293 0.000000
vn -0.079013 -0.061293 0.000000
vn -0.079013 -0.061293 0.000000
vn -0.080556 -0.059252 0.000000
vn -0.080556 -0.059252 0.000000
vn -0.080556 -0.059252 0.000000
vn -0.080556 -0.059252 0.000000
vn -0.079461 -0.060712 0.000000
vn -0.079461 -0.060712 0.000000
vn -0.079461 -0.060712 0.000000
vn -0.079461 -0.060712 0.000000
vn -0.080907 -0.058771 0.000000
vn -0.080907 -0.058771 0.000000
vn -0.080907 -0.058771 0.000000
vn -0.080907 -0.058771 0.000000
vn -0.084397 -0.053640 0.000000
vn -0.084397 -0.053640 0.000000
vn -0.084397 -0.053640 0.000000
vn -0.084397 -0.053640 0.000000
vn -0.087754 -0.047950 0.000000
vn -0.087754 -0.047950 0.000000
vn -0.087754 -0.047950 0.000000
vn -0.087754 -0.047950 0.000000
vn -0.090118 -0.043344 0.000000
vn -0.090118 -0.043344 0.000000
vn -0.090118 -0.043344 0.000000
vn -0.090118 -0.043344 0.000000
vn -0.092987 -0.036789 0.000000
vn -0.092987 -0.036789 0.000000
vn -0.092987 -0.036789 0.000000
vn -0.092987 -0.036789 0.000000
vn -0.097839 -0.020679 0.000000
vn -0.097839 -0.020679 0.000000
vn -0.097839 -0.020679 0.000000
vn -0.097839 -0.020679 0.000000
vn -0.098955 -0.014417 0.000000
vn -0.098955 -0.014417 0.000000
vn -0.098955 -0.014417 0.000000
vn -0.098955 -0.014417 0.000000
vn -0.099250 -0.012227 0.000000
vn -0.099250 -0.012227 0.000000
vn -0.099250 -0.012227 0.000000
vn -0.099250 -0.012227 0.000000
vn -0.099134 -0.013132 0.000000
vn -0.099134 -0.013132 0.000000
vn -0.099134 -0.013132 0.000000
vn -0.099134 -0.013132 0.000000
vn -0.099512 -0.009870 0.000000
vn -0.099512 -0.009870 0.000000
vn -0.099512 -0.009870 0.000000
vn -0.099512 -0.009870 0.000000
vn -0.099448 -0.010495 0.000000
vn -0.099448 -0.010495 0.000000
vn -0.099448 -0.010495 0.000000
vn -0.099448 -0.010495 0.000000
vn -0.099891 -0.004660 0.000000
vn -0.099891 -0.004660 0.000000
vn -0.099891 -0.004660 0.000000
vn -0.099891 -0.004660 0.000000
vn -0.099826 -0.005902 0.000000
vn -0.099826 -0.005902 0.000000
vn -0.099826 -0.005902 0.000000
vn -0.099826 -0.005902 0.000000
vn -0.099978 0.002102 0.000000
vn -0.099978 0.002102 0.000000
vn -0.099978 0.002102 0.000000
vn -0.099978 0.002102 0.000000
vn -0.099941 0.003433 0.000000
vn -0.099941 0.003433 0.000000
vn -0.099941 0.003433 0.000000
vn -0.099941 0.003433 0.000000
vn -0.099624 0.008668 0.000000
vn -0.099624 0.008668 0.000000
vn -0.099624 0.008668 0.000000
vn -0.099624 0.008668 0.000000
vn -0.098866 0.015020 0.000000
vn -0.098866 0.015020 0.000000
vn -0.098866 0.015020 0.000000
vn -0.098866 0.015020 0.000000
vn -0.098283 0.018452 0.000000
vn -0.098283 0.018452 0.000000
vn -0.098283 0.018452 0.000000
vn -0.098283 0.018452 0.000000
vn -0.097548 0.022007 0.000000
vn -0.097548 0.022007 0.000000
vn -0.097548 0.022007 0.000000
vn -0.097548 0.022007 0.000000
vn -0.096807 0.025066 0.000000
vn -0.096807 0.025066 0.000000
vn -0.096807 0.025066 0.000000
vn -0.096807 0.025066 0.000000
vn -0.096392 0.026618 0.000000
vn -0.096392 0.026618 0.000000
vn -0.096392 0.026618 0.000000
vn -0.096392 0.026618 0.000000
vn -0.096031 0.027893 0.000000
vn -0.096031 0.027893 0.000000
vn -0.096031 0.027893 0.000000
vn -0.096031 0.027893 0.000000
vn -0.094733 0.032025 0.000000
vn -0.094733 0.032025 0.000000
vn -0.094733 0.032025 0.000000
vn -0.094733 0.032025 0.000000
vn -0.089915 0.043763 0.000000
vn -0.089915 0.043763 0.000000
vn -0.089915 0.043763 0.000000
vn -0.089915 0.043763 0.000000
vn -0.088356 0.046832 0.000000
vn -0.088356 0.046832 0.000000
vn -0.088356 0.046832 0.000000
vn -0.088356 0.046832 0.000000
vn -0.084981 0.052709 0.000000
vn -0.084981 0.052709 0.000000
vn -0.084981 0.052709 0.000000
vn -0.084981 0.052709 0.000000
vn -0.084452 0.053552 0.000000
vn -0.084452 0.053552 0.000000
vn -0.084452 0.053552 0.000000
vn -0.084452 0.053552 0.000000
vn -0.084273 0.053833 0.000000
vn -0.084273 0.053833 0.000000
vn -0.084273 0.053833 0.000000
vn -0.084273 0.053833 0.000000
vn -0.082140 0.057035 0.000000
vn -0.082140 0.057035 0.000000
vn -0.082140 0.057035 0.000000
vn -0.082140 0.057035 0.000000
vn -0.081149 0.058437 0.000000
vn -0.081149 0.058437 0.000000
vn -0.081149 0.058437 0.000000
vn -0.081149 0.058437 0.000000
vn -0.079702 0.060395 0.000000
vn -0.079702 0.060395 0.000000
vn -0.079702 0.060395 0.000000
vn -0.079702 0.060395 0.000000
vn -0.077216 0.063543 0.000000
vn -0.077216 0.063543 0.000000
vn -0.077216 0.063543 0.000000
vn -0.077216 0.063543 0.000000
vn -0.078249 0.062266 0.000000
vn -0.078249 0.062266 0.000000
vn -0.078249 0.062266 0.000000
vn -0.078249 0.062266 0.000000
vn -0.075212 0.065903 0.000000
vn -0.075212 0.065903 0.000000
vn -0.075212 0.065903 0.000000
vn -0.075212 0.065903 0.000000
vn -0.070569 0.070852 0.000000
vn -0.070569 0.070852 0.000000
vn -0.070569 0.070852 0.000000
vn -0.070569 0.070852 0.000000
vn -0.066779 0.074435 0.000000
vn -0.066779 0.074435 0.000000
vn -0.066779 0.074435 0.000000
vn -0.066779 0.074435 0.000000
vn -0.063770 0.077028 0.000000
vn -0.063770 0.077028 0.000000
vn -0.063770 0.077028 0.000000
vn -0.063770 0.077028 0.000000
vn -0.062153 0.078339 0.000000
vn -0.062153 0.078339 0.000000
vn -0.062153 0.078339 0.000000
vn -0.062153 0.078339 0.000000
vn -0.057721 0.081659 0.000000
vn -0.057721 0.081659 0.000000
vn -0.057721 0.081659 0.000000
vn -0.057721 0.081659 0.000000
vn -0.055431 0.083231 0.000000
vn -0.055431 0.083231 0.000000
vn -0.055431 0.083231 0.000000
vn -0.055431 0.083231 0.000000
vn -0.050587 0.086261 0.000000
vn -0.050587 0.086261 0.000000
vn -0.050587 0.086261 0.000000
vn -0.050587 0.086261 0.000000
vn -0.049546 0.086863 0.000000
vn -0.049546 0.086863 0.000000
vn -0.049546 0.086863 0.000000
vn -0.049546 0.086863 0.000000
vn -0.047903 0.087780 0.000000
vn -0.047903 0.087780 0.000000
vn -0.047903 0.087780 0.000000
vn -0.047903 0.087780 0.000000
vn -0.042203 0.090658 0.000000
vn -0.042203 0.090658 0.000000
vn -0.042203 0.090658 0.000000
vn -0.042203 0.090658 0.000000
vn -0.040320 0.091511 0.000000
vn -0.040320 0.091511 0.000000
vn -0.040320 0.091511 0.000000
vn -0.040320 0.091511 0.000000
vn -0.040259 0.091538 0.000000
vn -0.040259 0.091538 0.000000
vn -0.040259 0.091538 0.000000
vn -0.040259 0.091538 0.000000
vn -0.040005 0.091649 0.000000
vn -0.040005 0.091649 0.000000
vn -0.040005 0.091649 0.000000
vn -0.040005 0.091649 0.000000
vn -0.034752 0.093767 0.000000
vn -0.034752 0.093767 0.000000
vn -0.034752 0.093767 0.000000
vn -0.034752 0.093767 0.000000
vn -0.032934 0.094421 0.000000
vn -0.032934 0.094421 0.000000
vn -0.032934 0.094421 0.000000
vn -0.032934 0.094421 0.000000
vn -0.033117 0.094357 0.000000
vn -0.033117 0.094357 0.000000
vn -0.033117 0.094357 0.000000
vn -0.033117 0.094357 0.000000
vn -0.029384 0.095586 0.000000
vn -0.029384 0.095586 0.000000
vn -0.029384 0.095586 0.000000
vn -0.029384 0.095586 0.000000
vn -0.024794 0.096877 0.000000
vn -0.024794 0.096877 0.000000
vn -0.024794 0.096877 0.000000
vn -0.024794 0.096877 0.000000
vn -0.022367 0.097467 0.000000
vn -0.022367 0.097467 0.000000
vn -0.022367 0.097467 0.000000
vn -0.022367 0.097467 0.000000
vn -0.019844 0.098011 0.000000
vn -0.019844 0.098011 0.000000
vn -0.019844 0.098011 0.000000
vn -0.019844 0.098011 0.000000
vn -0.018166 0.098336 0.000000
vn -0.018166 0.098336 0.000000
vn -0.018166 0.098336 0.000000
vn -0.018166 0.098336 0.000000
vn -0.009223 0.099574 0.000000
vn -0.009223 0.099574 0.000000
vn -0.009223 0.099574 0.000000
vn -0.009223 0.099574 0.000000
vn -0.005108 0.099869 0.000000
vn -0.005108 0.099869 0.000000
vn -0.005108 0.099869 0.000000
vn -0.005108 0.099869 0.000000
vn -0.004378 0.099904 0.000000
vn -0.004378 0.099904 0.000000
vn -0.004378 0.099904 0.000000
vn -0.004378 0.099904 0.000000
vn 0.005220 0.099864 0.000000
vn 0.005220 0.099864 0.000000
vn 0.005220 0.099864 0.000000
vn 0.005220 0.099864 0.000000
vn 0.006406 0.099795 0.000000
vn 0.006406 0.099795 0.000000
vn 0.006406 0.099795 0.000000
vn 0.006406 0.099795 0.000000
vn 0.009313 0.099565 0.000000
vn 0.009313 0.099565 0.000000
vn 0.009313 0.099565 0.000000
vn 0.009313 0.099565 0.000000
vn 0.017329 0.098487 0.000000
vn 0.017329 0.098487 0.000000
vn 0.017329 0.098487 0.000000
vn 0.017329 0.098487 0.000000
vn 0.021730 0.097610 0.000000
vn 0.021730 0.097610 0.000000
vn 0.021730 0.097610 0.000000
vn 0.021730 0.097610 0.000000
vn 0.019693 0.098042 0.000000
vn 0.019693 0.098042 0.000000
vn 0.019693 0.098042 0.000000
vn 0.019693 0.098042 0.000000
vn 0.017589 0.098441 0.000000
vn 0.017589 0.098441 0.000000
vn 0.017589 0.098441 0.000000
vn 0.017589 0.098441 0.000000
vn 0.027085 0.096262 0.000000
vn 0.027085 0.096262 0.000000
vn 0.027085 0.096262 0.000000
vn 0.027085 0.096262 0.000000
vn 0.027251 0.096215 0.000000
vn 0.027251 0.096215 0.000000
vn 0.027251 0.096215 0.000000
vn 0.027251 0.096215 0.000000
vn 0.033239 0.094314 0.000000
vn 0.033239 0.094314 0.000000
vn 0.033239 0.094314 0.000000
vn 0.033239 0.094314 0.000000
vn 0.032322 0.094632 0.000000
vn 0.032322 0.094632 0.000000
vn 0.032322 0.094632 0.000000
vn 0.032322 0.094632 0.000000
vn 0.039420 0.091903 0.000000
vn 0.039420 0.091903 0.000000
vn 0.039420 0.091903 0.000000
vn 0.039420 0.091903 0.000000
vn 0.043771 0.089912 0.000000
vn 0.043771 0.089912 0.000000
vn 0.043771 0.089912 0.000000
vn 0.043771 0.089912 0.000000
vn 0.043755 0.089919 0.000000
vn 0.043755 0.089919 0.000000
vn 0.043755 0.089919 0.000000
vn 0.043755 0.089919 0.000000
vn 0.049399 0.086947 0.000000
vn 0.049399 0.086947 0.000000
vn 0.049399 0.086947 0.000000
vn 0.049399 0.086947 0.000000
vn 0.045305 0.089148 0.000000
vn 0.045305 0.089148 0.000000
vn 0.045305 0.089148 0.000000
vn 0.045305 0.089148 0.000000
vn 0.050000 0.086603 0.000000
vn 0.050000 0.086603 0.000000
usemtl Béton,_coulé_sur_place
f 3408/3491/3490 3587/3492/3491 3407/3493/3492
f 3407/3493/3492 3587/3492/3491 3588/3494/3493
f 3407/3493/3492 3588/3494/3493 3584/3495/3494
f 3584/3495/3494 3588/3494/3493 3583/3496/3495
f 3583/3496/3495 3588/3494/3493 3582/3497/3496
f 3582/3497/3496 3588/3494/3493 3581/3498/3497
f 3581/3498/3497 3588/3494/3493 3580/3499/3498
f 3580/3499/3498 3588/3494/3493 3579/3500/3499
f 3579/3500/3499 3588/3494/3493 3578/3501/3500
f 3578/3501/3500 3588/3494/3493 3577/3502/3501
f 3577/3502/3501 3588/3494/3493 3576/3503/3502
f 3576/3503/3502 3588/3494/3493 3575/3504/3503
f 3575/3504/3503 3588/3494/3493 3574/3505/3504
f 3574/3505/3504 3588/3494/3493 3573/3506/3505
f 3573/3506/3505 3588/3494/3493 3589/3507/3506
f 3573/3506/3505 3589/3507/3506 3572/3508/3507
f 3572/3508/3507 3589/3507/3506 3571/3509/3508
f 3571/3509/3508 3589/3507/3506 3570/3510/3509
f 3570/3510/3509 3589/3507/3506 3569/3511/3510
f 3569/3511/3510 3589/3507/3506 3568/3512/3511
f 3568/3512/3511 3589/3507/3506 3567/3513/3512
f 3567/3513/3512 3589/3507/3506 3566/3514/3513
f 3566/3514/3513 3589/3507/3506 3565/3515/3514
f 3565/3515/3514 3589/3507/3506 3564/3516/3515
f 3564/3516/3515 3589/3507/3506 3563/3517/3516
f 3563/3517/3516 3589/3507/3506 3562/3518/3517
f 3562/3518/3517 3589/3507/3506 3561/3519/3518
f 3561/3519/3518 3589/3507/3506 3560/3520/3519
f 3560/3520/3519 3589/3507/3506 3594/3521/3520
f 3560/3520/3519 3594/3521/3520 3559/3522/3521
f 3559/3522/3521 3594/3521/3520 3595/3523/3522
f 3559/3522/3521 3595/3523/3522 3558/3524/3523
f 3558/3524/3523 3595/3523/3522 3557/3525/3524
f 3557/3525/3524 3595/3523/3522 3556/3526/3525
f 3556/3526/3525 3595/3523/3522 3555/3527/3526
f 3555/3527/3526 3595/3523/3522 3554/3528/3527
f 3554/3528/3527 3595/3523/3522 3553/3529/3528
f 3553/3529/3528 3595/3523/3522 3552/3530/3529
f 3552/3530/3529 3595/3523/3522 3551/3531/3530
f 3551/3531/3530 3595/3523/3522 3550/3532/3531
f 3550/3532/3531 3595/3523/3522 3549/3533/3532
f 3549/3533/3532 3595/3523/3522 3548/3534/3533
f 3548/3534/3533 3595/3523/3522 3547/3535/3534
f 3547/3535/3534 3595/3523/3522 3600/3536/3535
f 3547/3535/3534 3600/3536/3535 3546/3537/3536
f 3546/3537/3536 3600/3536/3535 3545/3538/3537
f 3545/3538/3537 3600/3536/3535 3544/3539/3538
f 3544/3539/3538 3600/3536/3535 3543/3540/3539
f 3543/3540/3539 3600/3536/3535 3542/3541/3540
f 3542/3541/3540 3600/3536/3535 3541/3542/3541
f 3541/3542/3541 3600/3536/3535 3540/3543/3542
f 3540/3543/3542 3600/3536/3535 3539/3544/3543
f 3539/3544/3543 3600/3536/3535 3538/3545/3544
f 3538/3545/3544 3600/3536/3535 3537/3546/3545
f 3537/3546/3545 3600/3536/3535 3606/3547/3546
f 3537/3546/3545 3606/3547/3546 3536/3548/3547
f 3536/3548/3547 3606/3547/3546 3535/3549/3548
f 3535/3549/3548 3606/3547/3546 3534/3550/3549
f 3534/3550/3549 3606/3547/3546 3533/3551/3550
f 3533/3551/3550 3606/3547/3546 3532/3552/3551
f 3532/3552/3551 3606/3547/3546 3531/3553/3552
f 3531/3553/3552 3606/3547/3546 3530/3554/3553
f 3530/3554/3553 3606/3547/3546 3529/3555/3554
f 3529/3555/3554 3606/3547/3546 3528/3556/3555
f 3528/3556/3555 3606/3547/3546 3612/3557/3556
f 3528/3556/3555 3612/3557/3556 3527/3558/3557
f 3527/3558/3557 3612/3557/3556 3526/3559/3558
f 3526/3559/3558 3612/3557/3556 3525/3560/3559
f 3525/3560/3559 3612/3557/3556 3524/3561/3560
f 3524/3561/3560 3612/3557/3556 3523/3562/3561
f 3523/3562/3561 3612/3557/3556 3522/3563/3562
f 3522/3563/3562 3612/3557/3556 3521/3564/3563
f 3521/3564/3563 3612/3557/3556 3520/3565/3564
f 3520/3565/3564 3612/3557/3556 3519/3566/3565
f 3519/3566/3565 3612/3557/3556 3518/3567/3566
f 3518/3567/3566 3612/3557/3556 3617/3568/3567
f 3518/3567/3566 3617/3568/3567 3517/3569/3568
f 3517/3569/3568 3617/3568/3567 3516/3570/3569
f 3516/3570/3569 3617/3568/3567 3616/3571/3570
f 3516/3570/3569 3616/3571/3570 3515/3572/3571
f 3515/3572/3571 3616/3571/3570 3514/3573/3572
f 3514/3573/3572 3616/3571/3570 3513/3574/3573
f 3513/3574/3573 3616/3571/3570 3512/3575/3574
f 3512/3575/3574 3616/3571/3570 3511/3576/3575
f 3511/3576/3575 3616/3571/3570 3510/3577/3576
f 3510/3577/3576 3616/3571/3570 3509/3578/3577
f 3509/3578/3577 3616/3571/3570 3508/3579/3578
f 3508/3579/3578 3616/3571/3570 3507/3580/3579
f 3507/3580/3579 3616/3571/3570 3506/3581/3580
f 3506/3581/3580 3616/3571/3570 3505/3582/3581
f 3505/3582/3581 3616/3571/3570 3615/3583/3582
f 3505/3582/3581 3615/3583/3582 3504/3584/3583
f 3504/3584/3583 3615/3583/3582 3503/3585/3584
f 3503/3585/3584 3615/3583/3582 3502/3586/3585
f 3502/3586/3585 3615/3583/3582 3501/3587/3586
f 3501/3587/3586 3615/3583/3582 3500/3588/3587
f 3500/3588/3587 3615/3583/3582 3499/3589/3588
f 3499/3589/3588 3615/3583/3582 3498/3590/3589
f 3498/3590/3589 3615/3583/3582 3497/3591/3590
f 3497/3591/3590 3615/3583/3582 3496/3592/3591
f 3496/3592/3591 3615/3583/3582 3614/3593/3592
f 3496/3592/3591 3614/3593/3592 3495/3594/3593
f 3495/3594/3593 3614/3593/3592 3494/3595/3594
f 3494/3595/3594 3614/3593/3592 3493/3596/3595
f 3493/3596/3595 3614/3593/3592 3492/3597/3596
f 3492/3597/3596 3614/3593/3592 3491/3598/3597
f 3491/3598/3597 3614/3593/3592 3490/3599/3598
f 3490/3599/3598 3614/3593/3592 3489/3600/3599
f 3489/3600/3599 3614/3593/3592 3488/3601/3600
f 3488/3601/3600 3614/3593/3592 3613/3602/3601
f 3488/3601/3600 3613/3602/3601 3487/3603/3602
f 3487/3603/3602 3613/3602/3601 3486/3604/3603
f 3486/3604/3603 3613/3602/3601 3485/3605/3604
f 3485/3605/3604 3613/3602/3601 3484/3606/3605
f 3484/3606/3605 3613/3602/3601 3483/3607/3606
f 3483/3607/3606 3613/3602/3601 3482/3608/3607
f 3482/3608/3607 3613/3602/3601 3481/3609/3608
f 3481/3609/3608 3613/3602/3601 3480/3610/3609
f 3480/3610/3609 3613/3602/3601 3479/3611/3610
f 3479/3611/3610 3613/3602/3601 3478/3612/3611
f 3478/3612/3611 3613/3602/3601 3477/3613/3612
f 3477/3613/3612 3613/3602/3601 3607/3614/3613
f 3477/3613/3612 3607/3614/3613 3476/3615/3614
f 3476/3615/3614 3607/3614/3613 3475/3616/3615
f 3475/3616/3615 3607/3614/3613 3474/3617/3616
f 3474/3617/3616 3607/3614/3613 3473/3618/3617
f 3473/3618/3617 3607/3614/3613 3472/3619/3618
f 3472/3619/3618 3607/3614/3613 3471/3620/3619
f 3471/3620/3619 3607/3614/3613 3470/3621/3620
f 3470/3621/3620 3607/3614/3613 3469/3622/3621
f 3469/3622/3621 3607/3614/3613 3468/3623/3622
f 3468/3623/3622 3607/3614/3613 3467/3624/3623
f 3467/3624/3623 3607/3614/3613 3466/3625/3624
f 3466/3625/3624 3607/3614/3613 3601/3626/3625
f 3466/3625/3624 3601/3626/3625 3465/3627/3626
f 3465/3627/3626 3601/3626/3625 3464/3628/3627
f 3464/3628/3627 3601/3626/3625 3463/3629/3628
f 3463/3629/3628 3601/3626/3625 3462/3630/3629
f 3462/3630/3629 3601/3626/3625 3461/3631/3630
f 3461/3631/3630 3601/3626/3625 3460/3632/3631
f 3460/3632/3631 3601/3626/3625 3459/3633/3632
f 3459/3633/3632 3601/3626/3625 3585/3634/3633
f 3459/3633/3632 3585/3634/3633 3458/3635/3634
f 3458/3635/3634 3585/3634/3633 3457/3636/3635
f 3457/3636/3635 3585/3634/3633 3456/3637/3636
f 3456/3637/3636 3585/3634/3633 3455/3638/3637
f 3455/3638/3637 3585/3634/3633 3454/3639/3638
f 3454/3639/3638 3585/3634/3633 3453/3640/3639
f 3453/3640/3639 3585/3634/3633 3452/3641/3640
f 3452/3641/3640 3585/3634/3633 3451/3642/3641
f 3451/3642/3641 3585/3634/3633 3450/3643/3642
f 3450/3643/3642 3585/3634/3633 3449/3644/3643
f 3449/3644/3643 3585/3634/3633 3448/3645/3644
f 3448/3645/3644 3585/3634/3633 3590/3646/3645
f 3448/3645/3644 3590/3646/3645 3447/3647/3646
f 3447/3647/3646 3590/3646/3645 3446/3648/3647
f 3446/3648/3647 3590/3646/3645 3445/3649/3648
f 3445/3649/3648 3590/3646/3645 3444/3650/3649
f 3444/3650/3649 3590/3646/3645 3443/3651/3650
f 3443/3651/3650 3590/3646/3645 3442/3652/3651
f 3442/3652/3651 3590/3646/3645 3441/3653/3652
f 3441/3653/3652 3590/3646/3645 3440/3654/3653
f 3440/3654/3653 3590/3646/3645 3439/3655/3654
f 3439/3655/3654 3590/3646/3645 3438/3656/3655
f 3438/3656/3655 3590/3646/3645 3437/3657/3656
f 3437/3657/3656 3590/3646/3645 3436/3658/3657
f 3436/3658/3657 3590/3646/3645 3435/3659/3658
f 3435/3659/3658 3590/3646/3645 3434/3660/3659
f 3434/3660/3659 3590/3646/3645 3433/3661/3660
f 3433/3661/3660 3590/3646/3645 3432/3662/3661
f 3432/3662/3661 3590/3646/3645 3431/3663/3662
f 3431/3663/3662 3590/3646/3645 3591/3664/3663
f 3431/3663/3662 3591/3664/3663 3586/3665/3664
f 3586/3665/3664 3591/3664/3663 3587/3492/3491
f 3586/3665/3664 3587/3492/3491 3419/3666/3665
f 3419/3666/3665 3587/3492/3491 3418/3667/3666
f 3418/3667/3666 3587/3492/3491 3417/3668/3667
f 3417/3668/3667 3587/3492/3491 3416/3669/3668
f 3416/3669/3668 3587/3492/3491 3415/3670/3669
f 3415/3670/3669 3587/3492/3491 3414/3671/3670
f 3414/3671/3670 3587/3492/3491 3413/3672/3671
f 3413/3672/3671 3587/3492/3491 3412/3673/3672
f 3412/3673/3672 3587/3492/3491 3411/3674/3673
f 3411/3674/3673 3587/3492/3491 3410/3675/3674
f 3410/3675/3674 3587/3492/3491 3409/3676/3675
f 3409/3676/3675 3587/3492/3491 3408/3491/3490
f 3419/3666/3665 3420/3677/3676 3586/3665/3664
f 3586/3665/3664 3420/3677/3676 3421/3678/3677
f 3586/3665/3664 3421/3678/3677 3422/3679/3678
f 3422/3679/3678 3423/3680/3679 3586/3665/3664
f 3586/3665/3664 3423/3680/3679 3424/3681/3680
f 3586/3665/3664 3424/3681/3680 3425/3682/3681
f 3425/3682/3681 3426/3683/3682 3586/3665/3664
f 3586/3665/3664 3426/3683/3682 3427/3684/3683
f 3586/3665/3664 3427/3684/3683 3428/3685/3684
f 3428/3685/3684 3429/3686/3685 3586/3665/3664
f 3586/3665/3664 3429/3686/3685 3430/3687/3686
f 3586/3665/3664 3430/3687/3686 3431/3663/3662
f 3588/3494/3493 3587/3492/3491 3592/3688/3687
f 3592/3688/3687 3587/3492/3491 3591/3664/3663
f 3592/3688/3687 3591/3664/3663 3596/3689/3688
f 3596/3689/3688 3591/3664/3663 3585/3634/3633
f 3596/3689/3688 3585/3634/3633 3601/3626/3625
f 3589/3507/3506 3588/3494/3493 3593/3690/3689
f 3593/3690/3689 3588/3494/3493 3592/3688/3687
f 3593/3690/3689 3592/3688/3687 3597/3691/3690
f 3597/3691/3690 3592/3688/3687 3596/3689/3688
f 3597/3691/3690 3596/3689/3688 3602/3692/3691
f 3602/3692/3691 3596/3689/3688 3601/3626/3625
f 3602/3692/3691 3601/3626/3625 3608/3693/3692
f 3608/3693/3692 3601/3626/3625 3607/3614/3613
f 3608/3693/3692 3607/3614/3613 3613/3602/3601
f 3585/3634/3633 3591/3664/3663 3590/3646/3645
f 3589/3507/3506 3593/3690/3689 3594/3521/3520
f 3594/3521/3520 3593/3690/3689 3598/3694/3693
f 3594/3521/3520 3598/3694/3693 3599/3695/3694
f 3599/3695/3694 3598/3694/3693 3604/3696/3695
f 3599/3695/3694 3604/3696/3695 3605/3697/3696
f 3605/3697/3696 3604/3696/3695 3611/3698/3697
f 3605/3697/3696 3611/3698/3697 3612/3557/3556
f 3612/3557/3556 3611/3698/3697 3617/3568/3567
f 3598/3694/3693 3593/3690/3689 3597/3691/3690
f 3600/3536/3535 3595/3523/3522 3599/3695/3694
f 3599/3695/3694 3595/3523/3522 3594/3521/3520
f 3598/3694/3693 3597/3691/3690 3603/3699/3698
f 3603/3699/3698 3597/3691/3690 3602/3692/3691
f 3603/3699/3698 3602/3692/3691 3609/3700/3699
f 3609/3700/3699 3602/3692/3691 3608/3693/3692
f 3609/3700/3699 3608/3693/3692 3614/3593/3592
f 3614/3593/3592 3608/3693/3692 3613/3602/3601
f 3606/3547/3546 3600/3536/3535 3605/3697/3696
f 3605/3697/3696 3600/3536/3535 3599/3695/3694
f 3598/3694/3693 3603/3699/3698 3604/3696/3695
f 3604/3696/3695 3603/3699/3698 3610/3701/3700
f 3604/3696/3695 3610/3701/3700 3611/3698/3697
f 3611/3698/3697 3610/3701/3700 3616/3571/3570
f 3611/3698/3697 3616/3571/3570 3617/3568/3567
f 3610/3701/3700 3603/3699/3698 3609/3700/3699
f 3612/3557/3556 3606/3547/3546 3605/3697/3696
f 3614/3593/3592 3615/3583/3582 3609/3700/3699
f 3609/3700/3699 3615/3583/3582 3610/3701/3700
f 3615/3583/3582 3616/3571/3570 3610/3701/3700
usemtl Pierre_bleue
f 3619/3702/3701 3797/3703/3702 3618/3704/3703
f 3618/3704/3703 3797/3703/3702 3798/3705/3704
f 3618/3704/3703 3798/3705/3704 3795/3706/3705
f 3795/3706/3705 3798/3705/3704 3794/3707/3706
f 3794/3707/3706 3798/3705/3704 3793/3708/3707
f 3793/3708/3707 3798/3705/3704 3792/3709/3708
f 3792/3709/3708 3798/3705/3704 3791/3710/3709
f 3791/3710/3709 3798/3705/3704 3790/3711/3710
f 3790/3711/3710 3798/3705/3704 3789/3712/3711
f 3789/3712/3711 3798/3705/3704 3788/3713/3712
f 3788/3713/3712 3798/3705/3704 3787/3714/3713
f 3787/3714/3713 3798/3705/3704 3786/3715/3714
f 3786/3715/3714 3798/3705/3704 3785/3716/3715
f 3785/3716/3715 3798/3705/3704 3784/3717/3716
f 3784/3717/3716 3798/3705/3704 3799/3718/3717
f 3784/3717/3716 3799/3718/3717 3783/3719/3718
f 3783/3719/3718 3799/3718/3717 3782/3720/3719
f 3782/3720/3719 3799/3718/3717 3781/3721/3720
f 3781/3721/3720 3799/3718/3717 3780/3722/3721
f 3780/3722/3721 3799/3718/3717 3779/3723/3722
f 3779/3723/3722 3799/3718/3717 3778/3724/3723
f 3778/3724/3723 3799/3718/3717 3777/3725/3724
f 3777/3725/3724 3799/3718/3717 3776/3726/3725
f 3776/3726/3725 3799/3718/3717 3775/3727/3726
f 3775/3727/3726 3799/3718/3717 3774/3728/3727
f 3774/3728/3727 3799/3718/3717 3773/3729/3728
f 3773/3729/3728 3799/3718/3717 3772/3730/3729
f 3772/3730/3729 3799/3718/3717 3804/3731/3730
f 3772/3730/3729 3804/3731/3730 3805/3732/3731
f 3805/3732/3731 3804/3731/3730 3811/3733/3732
f 3805/3732/3731 3811/3733/3732 3755/3734/3733
f 3755/3734/3733 3811/3733/3732 3754/3735/3734
f 3754/3735/3734 3811/3733/3732 3753/3736/3735
f 3753/3736/3735 3811/3733/3732 3752/3737/3736
f 3752/3737/3736 3811/3733/3732 3751/3738/3737
f 3751/3738/3737 3811/3733/3732 3750/3739/3738
f 3750/3739/3738 3811/3733/3732 3749/3740/3739
f 3749/3740/3739 3811/3733/3732 3748/3741/3740
f 3748/3741/3740 3811/3733/3732 3747/3742/3741
f 3747/3742/3741 3811/3733/3732 3746/3743/3742
f 3746/3743/3742 3811/3733/3732 3745/3744/3743
f 3745/3744/3743 3811/3733/3732 3744/3745/3744
f 3744/3745/3744 3811/3733/3732 3817/3746/3745
f 3744/3745/3744 3817/3746/3745 3743/3747/3746
f 3743/3747/3746 3817/3746/3745 3742/3748/3747
f 3742/3748/3747 3817/3746/3745 3741/3749/3748
f 3741/3749/3748 3817/3746/3745 3740/3750/3749
f 3740/3750/3749 3817/3746/3745 3739/3751/3750
f 3739/3751/3750 3817/3746/3745 3738/3752/3751
f 3738/3752/3751 3817/3746/3745 3737/3753/3752
f 3737/3753/3752 3817/3746/3745 3823/3754/3753
f 3737/3753/3752 3823/3754/3753 3736/3755/3754
f 3736/3755/3754 3823/3754/3753 3735/3756/3755
f 3735/3756/3755 3823/3754/3753 3734/3757/3756
f 3734/3757/3756 3823/3754/3753 3733/3758/3757
f 3733/3758/3757 3823/3754/3753 3732/3759/3758
f 3732/3759/3758 3823/3754/3753 3731/3760/3759
f 3731/3760/3759 3823/3754/3753 3730/3761/3760
f 3730/3761/3760 3823/3754/3753 3729/3762/3761
f 3729/3762/3761 3823/3754/3753 3728/3763/3762
f 3728/3763/3762 3823/3754/3753 3727/3764/3763
f 3727/3764/3763 3823/3754/3753 3726/3765/3764
f 3726/3765/3764 3823/3754/3753 3828/3766/3765
f 3726/3765/3764 3828/3766/3765 3725/3767/3766
f 3725/3767/3766 3828/3766/3765 3724/3768/3767
f 3724/3768/3767 3828/3766/3765 3723/3769/3768
f 3723/3769/3768 3828/3766/3765 3722/3770/3769
f 3722/3770/3769 3828/3766/3765 3721/3771/3770
f 3721/3771/3770 3828/3766/3765 3720/3772/3771
f 3720/3772/3771 3828/3766/3765 3719/3773/3772
f 3719/3773/3772 3828/3766/3765 3718/3774/3773
f 3718/3774/3773 3828/3766/3765 3717/3775/3774
f 3717/3775/3774 3828/3766/3765 3716/3776/3775
f 3716/3776/3775 3828/3766/3765 3715/3777/3776
f 3715/3777/3776 3828/3766/3765 3827/3778/3777
f 3715/3777/3776 3827/3778/3777 3714/3779/3778
f 3714/3779/3778 3827/3778/3777 3713/3780/3779
f 3713/3780/3779 3827/3778/3777 3712/3781/3780
f 3712/3781/3780 3827/3778/3777 3711/3782/3781
f 3711/3782/3781 3827/3778/3777 3710/3783/3782
f 3710/3783/3782 3827/3778/3777 3709/3784/3783
f 3709/3784/3783 3827/3778/3777 3708/3785/3784
f 3708/3785/3784 3827/3778/3777 3707/3786/3785
f 3707/3786/3785 3827/3778/3777 3826/3787/3786
f 3707/3786/3785 3826/3787/3786 3706/3788/3787
f 3706/3788/3787 3826/3787/3786 3705/3789/3788
f 3705/3789/3788 3826/3787/3786 3704/3790/3789
f 3704/3790/3789 3826/3787/3786 3703/3791/3790
f 3703/3791/3790 3826/3787/3786 3702/3792/3791
f 3702/3792/3791 3826/3787/3786 3701/3793/3792
f 3701/3793/3792 3826/3787/3786 3700/3794/3793
f 3700/3794/3793 3826/3787/3786 3699/3795/3794
f 3699/3795/3794 3826/3787/3786 3698/3796/3795
f 3698/3796/3795 3826/3787/3786 3825/3797/3796
f 3698/3796/3795 3825/3797/3796 3697/3798/3797
f 3697/3798/3797 3825/3797/3796 3696/3799/3798
f 3696/3799/3798 3825/3797/3796 3695/3800/3799
f 3695/3800/3799 3825/3797/3796 3694/3801/3800
f 3694/3801/3800 3825/3797/3796 3693/3802/3801
f 3693/3802/3801 3825/3797/3796 3692/3803/3802
f 3692/3803/3802 3825/3797/3796 3691/3804/3803
f 3691/3804/3803 3825/3797/3796 3690/3805/3804
f 3690/3805/3804 3825/3797/3796 3689/3806/3805
f 3689/3806/3805 3825/3797/3796 3688/3807/3806
f 3688/3807/3806 3825/3797/3796 3687/3808/3807
f 3687/3808/3807 3825/3797/3796 3824/3809/3808
f 3687/3808/3807 3824/3809/3808 3686/3810/3809
f 3686/3810/3809 3824/3809/3808 3685/3811/3810
f 3685/3811/3810 3824/3809/3808 3818/3812/3811
f 3685/3811/3810 3818/3812/3811 3684/3813/3812
f 3684/3813/3812 3818/3812/3811 3683/3814/3813
f 3683/3814/3813 3818/3812/3811 3682/3815/3814
f 3682/3815/3814 3818/3812/3811 3681/3816/3815
f 3681/3816/3815 3818/3812/3811 3680/3817/3816
f 3680/3817/3816 3818/3812/3811 3679/3818/3817
f 3679/3818/3817 3818/3812/3811 3678/3819/3818
f 3678/3819/3818 3818/3812/3811 3677/3820/3819
f 3677/3820/3819 3818/3812/3811 3676/3821/3820
f 3676/3821/3820 3818/3812/3811 3675/3822/3821
f 3675/3822/3821 3818/3812/3811 3812/3823/3822
f 3675/3822/3821 3812/3823/3822 3674/3824/3823
f 3674/3824/3823 3812/3823/3822 3673/3825/3824
f 3673/3825/3824 3812/3823/3822 3672/3826/3825
f 3672/3826/3825 3812/3823/3822 3671/3827/3826
f 3671/3827/3826 3812/3823/3822 3670/3828/3827
f 3670/3828/3827 3812/3823/3822 3669/3829/3828
f 3669/3829/3828 3812/3823/3822 3668/3830/3829
f 3668/3830/3829 3812/3823/3822 3667/3831/3830
f 3667/3831/3830 3812/3823/3822 3666/3832/3831
f 3666/3832/3831 3812/3823/3822 3806/3833/3832
f 3666/3832/3831 3806/3833/3832 3665/3834/3833
f 3665/3834/3833 3806/3833/3832 3664/3835/3834
f 3664/3835/3834 3806/3833/3832 3663/3836/3835
f 3663/3836/3835 3806/3833/3832 3662/3837/3836
f 3662/3837/3836 3806/3833/3832 3661/3838/3837
f 3661/3838/3837 3806/3833/3832 3660/3839/3838
f 3660/3839/3838 3806/3833/3832 3659/3840/3839
f 3659/3840/3839 3806/3833/3832 3658/3841/3840
f 3658/3841/3840 3806/3833/3832 3657/3842/3841
f 3657/3842/3841 3806/3833/3832 3656/3843/3842
f 3656/3843/3842 3806/3833/3832 3800/3844/3843
f 3656/3843/3842 3800/3844/3843 3655/3845/3844
f 3655/3845/3844 3800/3844/3843 3654/3846/3845
f 3654/3846/3845 3800/3844/3843 3653/3847/3846
f 3653/3847/3846 3800/3844/3843 3652/3848/3847
f 3652/3848/3847 3800/3844/3843 3651/3849/3848
f 3651/3849/3848 3800/3844/3843 3650/3850/3849
f 3650/3850/3849 3800/3844/3843 3649/3851/3850
f 3649/3851/3850 3800/3844/3843 3648/3852/3851
f 3648/3852/3851 3800/3844/3843 3647/3853/3852
f 3647/3853/3852 3800/3844/3843 3646/3854/3853
f 3646/3854/3853 3800/3844/3843 3645/3855/3854
f 3645/3855/3854 3800/3844/3843 3644/3856/3855
f 3644/3856/3855 3800/3844/3843 3801/3857/3856
f 3644/3856/3855 3801/3857/3856 3643/3858/3857
f 3643/3858/3857 3801/3857/3856 3796/3859/3858
f 3643/3858/3857 3796/3859/3858 3642/3860/3859
f 3642/3860/3859 3796/3859/3858 3641/3861/3860
f 3641/3861/3860 3796/3859/3858 3640/3862/3861
f 3640/3862/3861 3796/3859/3858 3639/3863/3862
f 3639/3863/3862 3796/3859/3858 3638/3864/3863
f 3638/3864/3863 3796/3859/3858 3637/3865/3864
f 3637/3865/3864 3796/3859/3858 3636/3866/3865
f 3636/3866/3865 3796/3859/3858 3635/3867/3866
f 3635/3867/3866 3796/3859/3858 3634/3868/3867
f 3634/3868/3867 3796/3859/3858 3633/3869/3868
f 3633/3869/3868 3796/3859/3858 3632/3870/3869
f 3632/3870/3869 3796/3859/3858 3631/3871/3870
f 3631/3871/3870 3796/3859/3858 3630/3872/3871
f 3630/3872/3871 3796/3859/3858 3797/3703/3702
f 3630/3872/3871 3797/3703/3702 3629/3873/3872
f 3629/3873/3872 3797/3703/3702 3628/3874/3873
f 3628/3874/3873 3797/3703/3702 3627/3875/3874
f 3627/3875/3874 3797/3703/3702 3626/3876/3875
f 3626/3876/3875 3797/3703/3702 3625/3877/3876
f 3625/3877/3876 3797/3703/3702 3624/3878/3877
f 3624/3878/3877 3797/3703/3702 3623/3879/3878
f 3623/3879/3878 3797/3703/3702 3622/3880/3879
f 3622/3880/3879 3797/3703/3702 3621/3881/3880
f 3621/3881/3880 3797/3703/3702 3620/3882/3881
f 3620/3882/3881 3797/3703/3702 3619/3702/3701
f 3755/3734/3733 3756/3883/3882 3805/3732/3731
f 3805/3732/3731 3756/3883/3882 3757/3884/3883
f 3805/3732/3731 3757/3884/3883 3758/3885/3884
f 3758/3885/3884 3759/3886/3885 3805/3732/3731
f 3805/3732/3731 3759/3886/3885 3760/3887/3886
f 3805/3732/3731 3760/3887/3886 3761/3888/3887
f 3761/3888/3887 3762/3889/3888 3805/3732/3731
f 3805/3732/3731 3762/3889/3888 3763/3890/3889
f 3805/3732/3731 3763/3890/3889 3764/3891/3890
f 3764/3891/3890 3765/3892/3891 3805/3732/3731
f 3805/3732/3731 3765/3892/3891 3766/3893/3892
f 3805/3732/3731 3766/3893/3892 3767/3894/3893
f 3767/3894/3893 3768/3895/3894 3805/3732/3731
f 3805/3732/3731 3768/3895/3894 3769/3896/3895
f 3805/3732/3731 3769/3896/3895 3770/3897/3896
f 3770/3897/3896 3771/3898/3897 3805/3732/3731
f 3805/3732/3731 3771/3898/3897 3772/3730/3729
f 3797/3703/3702 3796/3859/3858 3802/3899/3898
f 3802/3899/3898 3796/3859/3858 3801/3857/3856
f 3802/3899/3898 3801/3857/3856 3808/3900/3899
f 3808/3900/3899 3801/3857/3856 3807/3901/3900
f 3808/3900/3899 3807/3901/3900 3814/3902/3901
f 3814/3902/3901 3807/3901/3900 3813/3903/3902
f 3814/3902/3901 3813/3903/3902 3820/3904/3903
f 3820/3904/3903 3813/3903/3902 3819/3905/3904
f 3820/3904/3903 3819/3905/3904 3826/3787/3786
f 3826/3787/3786 3819/3905/3904 3825/3797/3796
f 3804/3731/3730 3799/3718/3717 3798/3705/3704
f 3798/3705/3704 3797/3703/3702 3803/3906/3905
f 3803/3906/3905 3797/3703/3702 3802/3899/3898
f 3803/3906/3905 3802/3899/3898 3809/3907/3906
f 3809/3907/3906 3802/3899/3898 3808/3900/3899
f 3809/3907/3906 3808/3900/3899 3815/3908/3907
f 3815/3908/3907 3808/3900/3899 3814/3902/3901
f 3815/3908/3907 3814/3902/3901 3821/3909/3908
f 3821/3909/3908 3814/3902/3901 3820/3904/3903
f 3821/3909/3908 3820/3904/3903 3827/3778/3777
f 3827/3778/3777 3820/3904/3903 3826/3787/3786
f 3807/3901/3900 3801/3857/3856 3800/3844/3843
f 3798/3705/3704 3803/3906/3905 3804/3731/3730
f 3804/3731/3730 3803/3906/3905 3810/3910/3909
f 3804/3731/3730 3810/3910/3909 3811/3733/3732
f 3811/3733/3732 3810/3910/3909 3817/3746/3745
f 3810/3910/3909 3803/3906/3905 3809/3907/3906
f 3813/3903/3902 3807/3901/3900 3806/3833/3832
f 3806/3833/3832 3807/3901/3900 3800/3844/3843
f 3810/3910/3909 3809/3907/3906 3816/3911/3910
f 3816/3911/3910 3809/3907/3906 3815/3908/3907
f 3816/3911/3910 3815/3908/3907 3822/3912/3911
f 3822/3912/3911 3815/3908/3907 3821/3909/3908
f 3822/3912/3911 3821/3909/3908 3828/3766/3765
f 3828/3766/3765 3821/3909/3908 3827/3778/3777
f 3819/3905/3904 3813/3903/3902 3812/3823/3822
f 3812/3823/3822 3813/3903/3902 3806/3833/3832
f 3823/3754/3753 3817/3746/3745 3816/3911/3910
f 3816/3911/3910 3817/3746/3745 3810/3910/3909
f 3823/3754/3753 3816/3911/3910 3822/3912/3911
f 3825/3797/3796 3819/3905/3904 3818/3812/3811
f 3818/3812/3811 3819/3905/3904 3812/3823/3822
f 3824/3809/3808 3825/3797/3796 3818/3812/3811
f 3828/3766/3765 3823/3754/3753 3822/3912/3911
usemtl Béton,_coulé_sur_place
f 3407/3913/3912 3618/3914/3913 3408/3915/3914
f 3408/3915/3914 3618/3914/3913 3795/3916/3915
f 3408/3917/3914 3795/3918/3915 3409/3919/3916
f 3409/3919/3916 3795/3918/3915 3794/3920/3917
f 3409/3921/3916 3794/3922/3917 3410/3923/3918
f 3410/3923/3918 3794/3922/3917 3793/3924/3919
f 3410/3925/3918 3793/3926/3919 3411/3927/3920
f 3411/3927/3920 3793/3926/3919 3792/3928/3921
f 3411/3929/3922 3792/3930/3923 3412/3931/3924
f 3412/3931/3924 3792/3930/3923 3791/3932/3925
f 3412/3933/3926 3791/3934/3927 3413/3935/3928
f 3413/3935/3928 3791/3934/3927 3790/3936/3929
f 3413/3937/3930 3790/3938/3931 3414/3939/3932
f 3414/3939/3932 3790/3938/3931 3789/3940/3933
f 3414/3941/3934 3789/3942/3935 3415/3943/3936
f 3415/3943/3936 3789/3942/3935 3788/3944/3937
f 3415/3945/3938 3788/3946/3939 3416/3947/3940
f 3416/3947/3940 3788/3946/3939 3787/3948/3941
f 3416/3949/3942 3787/3950/3943 3417/3951/3944
f 3417/3951/3944 3787/3950/3943 3786/3952/3945
f 3417/3953/3946 3786/3954/3947 3418/3955/3948
f 3418/3955/3948 3786/3954/3947 3785/3956/3949
f 3418/3957/3950 3785/3958/3951 3419/3959/3952
f 3419/3959/3952 3785/3958/3951 3784/3960/3953
f 3419/3961/3954 3784/3962/3955 3420/3963/3956
f 3420/3963/3956 3784/3962/3955 3783/3964/3957
f 3420/3965/3958 3783/3966/3959 3421/3967/3960
f 3421/3967/3960 3783/3966/3959 3782/3968/3961
f 3421/3969/3962 3782/3970/3963 3422/3971/3964
f 3422/3971/3964 3782/3970/3963 3781/3972/3965
f 3422/3973/3966 3781/3974/3967 3423/3975/3968
f 3423/3975/3968 3781/3974/3967 3780/3976/3969
f 3423/3977/3970 3780/3978/3971 3424/3979/3972
f 3424/3979/3972 3780/3978/3971 3779/3980/3973
f 3424/3981/3974 3779/3982/3975 3425/3983/3976
f 3425/3983/3976 3779/3982/3975 3778/3984/3977
f 3425/3985/3978 3778/3986/3979 3426/3987/3980
f 3426/3987/3980 3778/3986/3979 3777/3988/3981
f 3426/3989/3982 3777/3990/3983 3427/3991/3984
f 3427/3991/3984 3777/3990/3983 3776/3992/3985
f 3427/3993/3986 3776/3994/3987 3428/3995/3988
f 3428/3995/3988 3776/3994/3987 3775/3996/3989
f 3428/3997/3990 3775/3998/3991 3429/3999/3992
f 3429/3999/3992 3775/3998/3991 3774/4000/3993
f 3429/4001/3994 3774/4002/3995 3430/4003/3996
f 3430/4003/3996 3774/4002/3995 3773/4004/3997
f 3430/4005/3998 3773/4006/3999 3431/4007/4000
f 3431/4007/4000 3773/4006/3999 3772/4008/4001
f 3431/4009/4002 3772/4010/4003 3432/4011/4004
f 3432/4011/4004 3772/4010/4003 3771/4012/4005
f 3432/4013/4006 3771/4014/4007 3433/4015/4008
f 3433/4015/4008 3771/4014/4007 3770/4016/4009
f 3433/4017/4010 3770/4018/4011 3434/4019/4012
f 3434/4019/4012 3770/4018/4011 3769/4020/4013
f 3434/4021/4014 3769/4022/4015 3435/4023/4016
f 3435/4023/4016 3769/4022/4015 3768/4024/4017
f 3435/4025/4018 3768/4026/4019 3436/4027/4020
f 3436/4027/4020 3768/4026/4019 3767/4028/4021
f 3436/4029/4022 3767/4030/4023 3437/4031/4024
f 3437/4031/4024 3767/4030/4023 3766/4032/4025
f 3437/4033/4026 3766/4034/4027 3438/4035/4028
f 3438/4035/4028 3766/4034/4027 3765/4036/4029
f 3438/4037/4030 3765/4038/4031 3439/4039/4032
f 3439/4039/4032 3765/4038/4031 3764/4040/4033
f 3439/4041/4034 3764/4042/4035 3440/4043/4036
f 3440/4043/4036 3764/4042/4035 3763/4044/4037
f 3440/4045/4038 3763/4046/4039 3441/4047/4040
f 3441/4047/4040 3763/4046/4039 3762/4048/4041
f 3441/4049/4042 3762/4050/4043 3442/4051/4044
f 3442/4051/4044 3762/4050/4043 3761/4052/4045
f 3442/4053/4046 3761/4054/4047 3443/4055/4048
f 3443/4055/4048 3761/4054/4047 3760/4056/4049
f 3443/4057/4050 3760/4058/4051 3444/4059/4052
f 3444/4059/4052 3760/4058/4051 3759/4060/4053
f 3444/4061/4054 3759/4062/4055 3445/4063/4056
f 3445/4063/4056 3759/4062/4055 3758/4064/4057
f 3445/4065/4058 3758/4066/4059 3446/4067/4060
f 3446/4067/4060 3758/4066/4059 3757/4068/4061
f 3446/4069/4062 3757/4070/4063 3447/4071/4064
f 3447/4071/4064 3757/4070/4063 3756/4072/4065
f 3447/4073/4066 3756/4074/4067 3448/4075/4068
f 3448/4075/4068 3756/4074/4067 3755/4076/4069
f 3448/4077/4070 3755/4078/4071 3449/4079/4072
f 3449/4079/4072 3755/4078/4071 3754/4080/4073
f 3449/4081/4074 3754/4082/4075 3450/4083/4076
f 3450/4083/4076 3754/4082/4075 3753/4084/4077
f 3450/4085/4078 3753/4086/4079 3451/4087/4080
f 3451/4087/4080 3753/4086/4079 3752/4088/4081
f 3451/4089/4082 3752/4090/4083 3452/4091/4084
f 3452/4091/4084 3752/4090/4083 3751/4092/4085
f 3452/4093/4086 3751/4094/4087 3453/4095/4088
f 3453/4095/4088 3751/4094/4087 3750/4096/4089
f 3453/4097/4090 3750/4098/4091 3454/4099/4092
f 3454/4099/4092 3750/4098/4091 3749/4100/4093
f 3454/4101/4094 3749/4102/4095 3455/4103/4096
f 3455/4103/4096 3749/4102/4095 3748/4104/4097
f 3455/4105/4098 3748/4106/4099 3456/4107/4100
f 3456/4107/4100 3748/4106/4099 3747/4108/4101
f 3456/4109/4102 3747/4110/4103 3457/4111/4104
f 3457/4111/4104 3747/4110/4103 3746/4112/4105
f 3457/4113/4106 3746/4114/4107 3458/4115/4108
f 3458/4115/4108 3746/4114/4107 3745/4116/4109
f 3458/4117/4110 3745/4118/4111 3459/4119/4112
f 3459/4119/4112 3745/4118/4111 3744/4120/4113
f 3459/4121/4114 3744/4122/4115 3460/4123/4116
f 3460/4123/4116 3744/4122/4115 3743/4124/4117
f 3460/4125/4118 3743/4126/4119 3461/4127/4120
f 3461/4127/4120 3743/4126/4119 3742/4128/4121
f 3461/4129/4122 3742/4130/4123 3462/4131/4124
f 3462/4131/4124 3742/4130/4123 3741/4132/4125
f 3462/4133/4126 3741/4134/4127 3463/4135/4128
f 3463/4135/4128 3741/4134/4127 3740/4136/4129
f 3463/4137/4130 3740/4138/4131 3464/4139/4132
f 3464/4139/4132 3740/4138/4131 3739/4140/4133
f 3464/4141/4134 3739/4142/4135 3465/4143/4136
f 3465/4143/4136 3739/4142/4135 3738/4144/4137
f 3465/4145/4138 3738/4146/4139 3466/4147/4140
f 3466/4147/4140 3738/4146/4139 3737/4148/4141
f 3466/4149/4142 3737/4150/4143 3467/4151/4144
f 3467/4151/4144 3737/4150/4143 3736/4152/4145
f 3467/4153/4146 3736/4154/4147 3468/4155/4148
f 3468/4155/4148 3736/4154/4147 3735/4156/4149
f 3468/4157/4150 3735/4158/4151 3469/4159/4152
f 3469/4159/4152 3735/4158/4151 3734/4160/4153
f 3469/4161/4154 3734/4162/4155 3470/4163/4156
f 3470/4163/4156 3734/4162/4155 3733/4164/4157
f 3470/4165/4158 3733/4166/4159 3471/4167/4160
f 3471/4167/4160 3733/4166/4159 3732/4168/4161
f 3471/4169/4162 3732/4170/4163 3472/4171/4164
f 3472/4171/4164 3732/4170/4163 3731/4172/4165
f 3472/4173/4166 3731/4174/4167 3473/4175/4168
f 3473/4175/4168 3731/4174/4167 3730/4176/4169
f 3473/4177/4170 3730/4178/4171 3474/4179/4172
f 3474/4179/4172 3730/4178/4171 3729/4180/4173
f 3474/4181/4174 3729/4182/4175 3475/4183/4176
f 3475/4183/4176 3729/4182/4175 3728/4184/4177
f 3475/4185/4178 3728/4186/4179 3476/4187/4180
f 3476/4187/4180 3728/4186/4179 3727/4188/4181
f 3476/4189/4182 3727/4190/4183 3477/4191/4184
f 3477/4191/4184 3727/4190/4183 3726/4192/4185
f 3477/4193/4186 3726/4194/4187 3478/4195/4188
f 3478/4195/4188 3726/4194/4187 3725/4196/4189
f 3478/4197/4190 3725/4198/4191 3479/4199/4192
f 3479/4199/4192 3725/4198/4191 3724/4200/4193
f 3479/4201/4194 3724/4202/4195 3480/4203/4196
f 3480/4203/4196 3724/4202/4195 3723/4204/4197
f 3480/4205/4198 3723/4206/4199 3481/4207/4200
f 3481/4207/4200 3723/4206/4199 3722/4208/4201
f 3481/4209/4202 3722/4210/4203 3482/4211/4204
f 3482/4211/4204 3722/4210/4203 3721/4212/4205
f 3482/4213/4206 3721/4214/4207 3483/4215/4208
f 3483/4215/4208 3721/4214/4207 3720/4216/4209
f 3483/4217/4210 3720/4218/4211 3484/4219/4212
f 3484/4219/4212 3720/4218/4211 3719/4220/4213
f 3484/4221/4214 3719/4222/4215 3485/4223/4216
f 3485/4223/4216 3719/4222/4215 3718/4224/4217
f 3485/4225/4218 3718/4226/4219 3486/4227/4220
f 3486/4227/4220 3718/4226/4219 3717/4228/4221
f 3486/4229/4222 3717/4230/4223 3487/4231/4224
f 3487/4231/4224 3717/4230/4223 3716/4232/4225
f 3487/4233/4226 3716/4234/4227 3488/4235/4228
f 3488/4235/4228 3716/4234/4227 3715/4236/4229
f 3488/4237/4230 3715/4238/4231 3489/4239/4232
f 3489/4239/4232 3715/4238/4231 3714/4240/4233
f 3489/4241/4234 3714/4242/4235 3490/4243/4236
f 3490/4243/4236 3714/4242/4235 3713/4244/4237
f 3490/4245/4238 3713/4246/4239 3491/4247/4240
f 3491/4247/4240 3713/4246/4239 3712/4248/4241
f 3491/4249/4242 3712/4250/4243 3492/4251/4244
f 3492/4251/4244 3712/4250/4243 3711/4252/4245
f 3492/4253/4246 3711/4254/4247 3493/4255/4248
f 3493/4255/4248 3711/4254/4247 3710/4256/4249
f 3493/4257/4250 3710/4258/4251 3494/4259/4252
f 3494/4259/4252 3710/4258/4251 3709/4260/4253
f 3494/4261/4254 3709/4262/4255 3495/4263/4256
f 3495/4263/4256 3709/4262/4255 3708/4264/4257
f 3495/4265/4258 3708/4266/4259 3496/4267/4260
f 3496/4267/4260 3708/4266/4259 3707/4268/4261
f 3496/4269/4262 3707/4270/4263 3497/4271/4264
f 3497/4271/4264 3707/4270/4263 3706/4272/4265
f 3497/4273/4266 3706/4274/4267 3498/4275/4268
f 3498/4275/4268 3706/4274/4267 3705/4276/4269
f 3498/4277/4270 3705/4278/4271 3499/4279/4272
f 3499/4279/4272 3705/4278/4271 3704/4280/4273
f 3499/4281/4274 3704/4282/4275 3500/4283/4276
f 3500/4283/4276 3704/4282/4275 3703/4284/4277
f 3500/4285/4278 3703/4286/4279 3501/4287/4280
f 3501/4287/4280 3703/4286/4279 3702/4288/4281
f 3501/4289/4282 3702/4290/4283 3502/4291/4284
f 3502/4291/4284 3702/4290/4283 3701/4292/4285
f 3502/4293/4286 3701/4294/4287 3503/4295/4288
f 3503/4295/4288 3701/4294/4287 3700/4296/4289
f 3503/4297/4290 3700/4298/4291 3504/4299/4292
f 3504/4299/4292 3700/4298/4291 3699/4300/4293
f 3504/4301/4294 3699/4302/4295 3505/4303/4296
f 3505/4303/4296 3699/4302/4295 3698/4304/4297
f 3505/4305/4298 3698/4306/4299 3506/4307/4300
f 3506/4307/4300 3698/4306/4299 3697/4308/4301
f 3506/4309/4302 3697/4310/4303 3507/4311/4304
f 3507/4311/4304 3697/4310/4303 3696/4312/4305
f 3507/4313/4306 3696/4314/4307 3508/4315/4308
f 3508/4315/4308 3696/4314/4307 3695/4316/4309
f 3508/4317/4310 3695/4318/4311 3509/4319/4312
f 3509/4319/4312 3695/4318/4311 3694/4320/4313
f 3509/4321/4314 3694/4322/4315 3510/4323/4316
f 3510/4323/4316 3694/4322/4315 3693/4324/4317
f 3510/4325/4318 3693/4326/4319 3511/4327/4320
f 3511/4327/4320 3693/4326/4319 3692/4328/4321
f 3511/4329/4322 3692/4330/4323 3512/4331/4324
f 3512/4331/4324 3692/4330/4323 3691/4332/4325
f 3512/4333/4326 3691/4334/4327 3513/4335/4328
f 3513/4335/4328 3691/4334/4327 3690/4336/4329
f 3513/4337/4330 3690/4338/4331 3514/4339/4332
f 3514/4339/4332 3690/4338/4331 3689/4340/4333
f 3514/4341/4334 3689/4342/4335 3515/4343/4336
f 3515/4343/4336 3689/4342/4335 3688/4344/4337
f 3515/4345/4338 3688/4346/4339 3516/4347/4340
f 3516/4347/4340 3688/4346/4339 3687/4348/4341
f 3516/4349/4342 3687/4350/4343 3517/4351/4344
f 3517/4351/4344 3687/4350/4343 3686/4352/4345
f 3517/4353/4346 3686/4354/4347 3518/4355/4348
f 3518/4355/4348 3686/4354/4347 3685/4356/4349
f 3518/4357/4350 3685/4358/4351 3519/4359/4352
f 3519/4359/4352 3685/4358/4351 3684/4360/4353
f 3519/4361/4354 3684/4362/4355 3520/4363/4356
f 3520/4363/4356 3684/4362/4355 3683/4364/4357
f 3520/4365/4358 3683/4366/4359 3521/4367/4360
f 3521/4367/4360 3683/4366/4359 3682/4368/4361
f 3521/4369/4362 3682/4370/4363 3522/4371/4364
f 3522/4371/4364 3682/4370/4363 3681/4372/4365
f 3522/4373/4366 3681/4374/4367 3523/4375/4368
f 3523/4375/4368 3681/4374/4367 3680/4376/4369
f 3523/4377/4370 3680/4378/4371 3524/4379/4372
f 3524/4379/4372 3680/4378/4371 3679/4380/4373
f 3524/4381/4374 3679/4382/4375 3525/4383/4376
f 3525/4383/4376 3679/4382/4375 3678/4384/4377
f 3525/4385/4378 3678/4386/4379 3526/4387/4380
f 3526/4387/4380 3678/4386/4379 3677/4388/4381
f 3526/4389/4382 3677/4390/4383 3527/4391/4384
f 3527/4391/4384 3677/4390/4383 3676/4392/4385
f 3527/4393/4386 3676/4394/4387 3528/4395/4388
f 3528/4395/4388 3676/4394/4387 3675/4396/4389
f 3528/4397/4390 3675/4398/4391 3529/4399/4392
f 3529/4399/4392 3675/4398/4391 3674/4400/4393
f 3529/4401/4394 3674/4402/4395 3530/4403/4396
f 3530/4403/4396 3674/4402/4395 3673/4404/4397
f 3530/4405/4398 3673/4406/4399 3531/4407/4400
f 3531/4407/4400 3673/4406/4399 3672/4408/4401
f 3531/4409/4402 3672/4410/4403 3532/4411/4404
f 3532/4411/4404 3672/4410/4403 3671/4412/4405
f 3532/4413/4406 3671/4414/4407 3533/4415/4408
f 3533/4415/4408 3671/4414/4407 3670/4416/4409
f 3533/4417/4410 3670/4418/4411 3534/4419/4412
f 3534/4419/4412 3670/4418/4411 3669/4420/4413
f 3534/4421/4414 3669/4422/4415 3535/4423/4416
f 3535/4423/4416 3669/4422/4415 3668/4424/4417
f 3535/4425/4418 3668/4426/4419 3536/4427/4420
f 3536/4427/4420 3668/4426/4419 3667/4428/4421
f 3536/4429/4422 3667/4430/4423 3537/4431/4424
f 3537/4431/4424 3667/4430/4423 3666/4432/4425
f 3537/4433/4426 3666/4434/4427 3538/4435/4428
f 3538/4435/4428 3666/4434/4427 3665/4436/4429
f 3538/4437/4430 3665/4438/4431 3539/4439/4432
f 3539/4439/4432 3665/4438/4431 3664/4440/4433
f 3539/4441/4434 3664/4442/4435 3540/4443/4436
f 3540/4443/4436 3664/4442/4435 3663/4444/4437
f 3540/4445/4438 3663/4446/4439 3541/4447/4440
f 3541/4447/4440 3663/4446/4439 3662/4448/4441
f 3541/4449/4442 3662/4450/4443 3542/4451/4444
f 3542/4451/4444 3662/4450/4443 3661/4452/4445
f 3542/4453/4446 3661/4454/4447 3543/4455/4448
f 3543/4455/4448 3661/4454/4447 3660/4456/4449
f 3543/4457/4450 3660/4458/4451 3544/4459/4452
f 3544/4459/4452 3660/4458/4451 3659/4460/4453
f 3544/4461/4454 3659/4462/4455 3545/4463/4456
f 3545/4463/4456 3659/4462/4455 3658/4464/4457
f 3545/4465/4458 3658/4466/4459 3546/4467/4460
f 3546/4467/4460 3658/4466/4459 3657/4468/4461
f 3546/4469/4462 3657/4470/4463 3547/4471/4464
f 3547/4471/4464 3657/4470/4463 3656/4472/4465
f 3547/4473/4466 3656/4474/4467 3548/4475/4468
f 3548/4475/4468 3656/4474/4467 3655/4476/4469
f 3548/4477/4470 3655/4478/4471 3549/4479/4472
f 3549/4479/4472 3655/4478/4471 3654/4480/4473
f 3549/4481/4474 3654/4482/4475 3550/4483/4476
f 3550/4483/4476 3654/4482/4475 3653/4484/4477
f 3550/4485/4478 3653/4486/4479 3551/4487/4480
f 3551/4487/4480 3653/4486/4479 3652/4488/4481
f 3551/4489/4482 3652/4490/4483 3552/4491/4484
f 3552/4491/4484 3652/4490/4483 3651/4492/4485
f 3552/4493/4486 3651/4494/4487 3553/4495/4488
f 3553/4495/4488 3651/4494/4487 3650/4496/4489
f 3553/4497/4490 3650/4498/4491 3554/4499/4492
f 3554/4499/4492 3650/4498/4491 3649/4500/4493
f 3554/4501/4494 3649/4502/4495 3555/4503/4496
f 3555/4503/4496 3649/4502/4495 3648/4504/4497
f 3555/4505/4498 3648/4506/4499 3556/4507/4500
f 3556/4507/4500 3648/4506/4499 3647/4508/4501
f 3556/4509/4502 3647/4510/4503 3557/4511/4504
f 3557/4511/4504 3647/4510/4503 3646/4512/4505
f 3557/4513/4506 3646/4514/4507 3558/4515/4508
f 3558/4515/4508 3646/4514/4507 3645/4516/4509
f 3558/4517/4510 3645/4518/4511 3559/4519/4512
f 3559/4519/4512 3645/4518/4511 3644/4520/4513
f 3559/4521/4514 3644/4522/4515 3560/4523/4516
f 3560/4523/4516 3644/4522/4515 3643/4524/4517
f 3560/4525/4518 3643/4526/4519 3561/4527/4520
f 3561/4527/4520 3643/4526/4519 3642/4528/4521
f 3561/4529/4522 3642/4530/4523 3562/4531/4524
f 3562/4531/4524 3642/4530/4523 3641/4532/4525
f 3562/4533/4526 3641/4534/4527 3563/4535/4528
f 3563/4535/4528 3641/4534/4527 3640/4536/4529
f 3563/4537/4530 3640/4538/4531 3564/4539/4532
f 3564/4539/4532 3640/4538/4531 3639/4540/4533
f 3564/4541/4534 3639/4542/4535 3565/4543/4536
f 3565/4543/4536 3639/4542/4535 3638/4544/4537
f 3565/4545/4538 3638/4546/4539 3566/4547/4540
f 3566/4547/4540 3638/4546/4539 3637/4548/4541
f 3566/4549/4542 3637/4550/4543 3567/4551/4544
f 3567/4551/4544 3637/4550/4543 3636/4552/4545
f 3567/4553/4546 3636/4554/4547 3568/4555/4548
f 3568/4555/4548 3636/4554/4547 3635/4556/4549
f 3568/4557/4550 3635/4558/4551 3569/4559/4552
f 3569/4559/4552 3635/4558/4551 3634/4560/4553
f 3569/4561/4554 3634/4562/4555 3570/4563/4556
f 3570/4563/4556 3634/4562/4555 3633/4564/4557
f 3570/4565/4558 3633/4566/4559 3571/4567/4560
f 3571/4567/4560 3633/4566/4559 3632/4568/4561
f 3571/4569/4562 3632/4570/4563 3572/4571/4564
f 3572/4571/4564 3632/4570/4563 3631/4572/4565
f 3572/4573/4566 3631/4574/4567 3573/4575/4568
f 3573/4575/4568 3631/4574/4567 3630/4576/4569
f 3573/4577/4570 3630/4578/4571 3574/4579/4572
f 3574/4579/4572 3630/4578/4571 3629/4580/4573
f 3574/4581/4574 3629/4582/4575 3575/4583/4576
f 3575/4583/4576 3629/4582/4575 3628/4584/4577
f 3575/4585/4578 3628/4586/4579 3576/4587/4580
f 3576/4587/4580 3628/4586/4579 3627/4588/4581
f 3576/4589/4582 3627/4590/4583 3577/4591/4584
f 3577/4591/4584 3627/4590/4583 3626/4592/4585
f 3577/4593/4586 3626/4594/4587 3578/4595/4588
f 3578/4595/4588 3626/4594/4587 3625/4596/4589
f 3578/4597/4590 3625/4598/4591 3579/4599/4592
f 3579/4599/4592 3625/4598/4591 3624/4600/4593
f 3579/4601/4594 3624/4602/4595 3580/4603/4596
f 3580/4603/4596 3624/4602/4595 3623/4604/4597
f 3580/4605/4598 3623/4606/4599 3581/4607/4600
f 3581/4607/4600 3623/4606/4599 3622/4608/4601
f 3581/4609/4602 3622/4610/4603 3582/4611/4604
f 3582/4611/4604 3622/4610/4603 3621/4612/4605
f 3582/4613/4606 3621/4614/4607 3583/4615/4608
f 3583/4615/4608 3621/4614/4607 3620/4616/4609
f 3583/4617/4610 3620/4618/4611 3584/4619/4612
f 3584/4619/4612 3620/4618/4611 3619/4620/4613
f 3584/4621/4614 3619/4622/4615 3407/4623/3912
f 3407/4623/3912 3619/4622/4615 3618/4624/3913
g Buste_Andre_Cools

v -406.289141 -32.183623 1570.000000
v -359.027845 32.033184 1570.000000
v -311.766550 96.249991 1570.000000
v -264.505254 160.466798 1570.000000
v -217.243958 224.683605 1570.000000
v -169.982663 288.900412 1570.000000
v -205.744611 324.662361 1570.000000
v -253.907449 259.220573 1570.000000
v -302.070288 193.778785 1570.000000
v -350.233126 128.336997 1570.000000
v -398.395964 62.895210 1570.000000
v -446.558802 -2.546578 1570.000000
v -645.345277 5.701248 940.000000
v -681.123885 41.479856 940.000000
v -628.494363 113.446744 940.000000
v -575.864841 185.413632 940.000000
v -523.235319 257.380520 940.000000
v -470.605797 329.347408 940.000000
v -417.976275 401.314296 940.000000
v -365.346753 473.281183 940.000000
v -312.717231 545.248071 940.000000
v -276.938622 509.469463 940.000000
v -329.568145 437.502575 940.000000
v -382.197667 365.535687 940.000000
v -434.827189 293.568800 940.000000
v -487.456711 221.601912 940.000000
v -540.086233 149.635024 940.000000
v -592.715755 77.668136 940.000000
v -261.659200 477.959599 1030.000000
v -246.379777 446.449734 1120.000000
v -231.100354 414.939870 1210.000000
v -215.820931 383.430006 1300.000000
v -200.541508 351.920141 1390.000000
v -185.262085 320.410277 1480.000000
v -440.440018 -26.771498 1480.000000
v -474.590894 -21.359374 1390.000000
v -508.741771 -15.947250 1300.000000
v -542.892648 -10.535125 1210.000000
v -577.043524 -5.123001 1120.000000
v -611.194401 0.289124 1030.000000
v -307.555894 421.781745 1018.750000
v -351.542661 361.665159 1018.750000
v -395.529427 301.548572 1018.750000
v -439.516194 241.431985 1018.750000
v -483.502960 181.315399 1018.750000
v -527.489727 121.198812 1018.750000
v -571.476494 61.082226 1018.750000
v -292.122334 397.065054 1097.500000
v -334.045035 339.802908 1097.500000
v -375.967736 282.540762 1097.500000
v -417.890438 225.278615 1097.500000
v -459.813139 168.016469 1097.500000
v -501.735841 110.754323 1097.500000
v -543.658542 53.492177 1097.500000
v -276.688774 372.348363 1176.250000
v -316.547410 317.940657 1176.250000
v -356.406046 263.532951 1176.250000
v -396.264682 209.125245 1176.250000
v -436.123318 154.717539 1176.250000
v -475.981954 100.309833 1176.250000
v -515.840590 45.902127 1176.250000
v -261.255213 347.631672 1255.000000
v -299.049784 296.078406 1255.000000
v -336.844355 244.525141 1255.000000
v -374.638926 192.971875 1255.000000
v -412.433497 141.418610 1255.000000
v -450.228068 89.865344 1255.000000
v -488.022638 38.312078 1255.000000
v -245.821653 322.914981 1333.750000
v -281.552159 274.216156 1333.750000
v -317.282664 225.517330 1333.750000
v -353.013170 176.818505 1333.750000
v -388.743675 128.119680 1333.750000
v -424.474181 79.420854 1333.750000
v -460.204687 30.722029 1333.750000
v -230.388093 298.198290 1412.500000
v -264.054533 252.353905 1412.500000
v -297.720974 206.509520 1412.500000
v -331.387414 160.665135 1412.500000
v -365.053854 114.820750 1412.500000
v -398.720295 68.976365 1412.500000
v -432.386735 23.131980 1412.500000
v -214.954533 273.481599 1491.250000
v -246.556908 230.491654 1491.250000
v -278.159283 187.501710 1491.250000
v -309.761658 144.511765 1491.250000
v -341.364033 101.521820 1491.250000
v -372.966408 58.531876 1491.250000
v -404.568783 15.541931 1491.250000
v -297.435428 513.735827 1030.000000
v -282.153625 482.223583 1120.000000
v -266.871822 450.711338 1210.000000
v -251.590019 419.199094 1300.000000
v -236.308217 387.686850 1390.000000
v -221.026414 356.174605 1480.000000
v -262.433968 462.503925 1120.000000
v -220.265925 371.644558 1390.000000
v -647.614588 35.190366 1030.000000
v -614.105290 28.900875 1120.000000
v -580.595993 22.611384 1210.000000
v -547.086695 16.321894 1300.000000
v -513.577397 10.032403 1390.000000
v -480.068100 3.742912 1480.000000
v -607.746050 96.188840 1018.750000
v -563.688851 156.401128 1018.750000
v -519.631651 216.613417 1018.750000
v -475.574452 276.825705 1018.750000
v -431.517252 337.037993 1018.750000
v -387.460052 397.250281 1018.750000
v -343.402853 457.462569 1018.750000
v -580.419047 87.926797 1097.500000
v -538.355480 145.380347 1097.500000
v -496.291913 202.833896 1097.500000
v -454.228345 260.287446 1097.500000
v -412.164778 317.740995 1097.500000
v -370.101210 375.194545 1097.500000
v -328.037643 432.648094 1097.500000
v -553.092044 79.664754 1176.250000
v -513.022109 134.359565 1176.250000
v -472.952174 189.054376 1176.250000
v -432.882239 243.749187 1176.250000
v -392.812304 298.443997 1176.250000
v -352.742369 353.138808 1176.250000
v -312.672433 407.833619 1176.250000
v -525.765041 71.402711 1255.000000
v -487.688738 123.338783 1255.000000
v -449.612435 175.274855 1255.000000
v -411.536132 227.210928 1255.000000
v -373.459829 279.147000 1255.000000
v -335.383527 331.083072 1255.000000
v -297.307224 383.019144 1255.000000
v -498.438038 63.140668 1333.750000
v -462.355367 112.318002 1333.750000
v -426.272697 161.495335 1333.750000
v -390.190026 210.672669 1333.750000
v -354.107355 259.850002 1333.750000
v -318.024685 309.027335 1333.750000
v -281.942014 358.204669 1333.750000
v -471.111035 54.878625 1412.500000
v -437.021996 101.297220 1412.500000
v -402.932958 147.715815 1412.500000
v -368.843919 194.134409 1412.500000
v -334.754881 240.553004 1412.500000
v -300.665843 286.971599 1412.500000
v -266.576804 333.390194 1412.500000
v -443.784032 46.616582 1491.250000
v -411.688625 90.276438 1491.250000
v -379.593219 133.936294 1491.250000
v -347.497813 177.596150 1491.250000
v -315.402407 221.256006 1491.250000
v -283.307001 264.915863 1491.250000
v -251.211595 308.575719 1491.250000
v -604.031929 13.351639 1097.500000
v -633.633255 18.471096 1018.750000
v -574.430603 8.232182 1176.250000
v -544.829277 3.112726 1255.000000
v -515.227950 -2.006731 1333.750000
v -485.626624 -7.126187 1412.500000
v -456.025298 -12.245644 1491.250000
vt -20.123492 -2.500000 0.000000
vt -12.150144 -2.500000 0.000000
vt -20.123492 2.500000 0.000000
vt -11.998047 2.500000 0.000000
vt -4.176796 -2.500000 0.000000
vt -3.872601 2.500000 0.000000
vt 3.796553 -2.500000 0.000000
vt 4.252844 2.500000 0.000000
vt 11.769901 -2.500000 0.000000
vt 12.378290 2.500000 0.000000
vt 19.743249 -2.500000 0.000000
vt 20.503735 2.500000 0.000000
vt -31.585480 2.595754 0.000000
vt -30.824639 -2.406575 0.000000
vt -22.669749 2.568729 0.000000
vt -21.908908 -2.433600 0.000000
vt -13.754017 2.541703 0.000000
vt -12.993177 -2.460626 0.000000
vt -4.838286 2.514677 0.000000
vt -4.077445 -2.487652 0.000000
vt 4.077445 2.487652 0.000000
vt 4.838286 -2.514677 0.000000
vt 12.993177 2.460626 0.000000
vt 13.754017 -2.541703 0.000000
vt 21.908908 2.433600 0.000000
vt 22.669749 -2.568729 0.000000
vt 30.824639 2.406575 0.000000
vt 31.585480 -2.595754 0.000000
vt 0.000000 9.514014 0.000000
vt 0.000000 0.000000 0.000000
vt 6.392315 8.324763 0.000000
vt 7.305503 0.000000 0.000000
vt 12.784629 8.324763 0.000000
vt 14.611005 0.000000 0.000000
vt 19.176944 8.324763 0.000000
vt 21.916508 0.000000 0.000000
vt 25.569259 8.324763 0.000000
vt 29.222010 0.000000 0.000000
vt 31.961574 8.324763 0.000000
vt 36.527513 0.000000 0.000000
vt 38.353888 8.324763 0.000000
vt 43.833015 0.000000 0.000000
vt 44.746203 8.324763 0.000000
vt 51.138518 0.000000 0.000000
vt 51.138518 9.514014 0.000000
vt 44.746203 16.649525 0.000000
vt 51.138518 19.028029 0.000000
vt 44.746203 24.974288 0.000000
vt 51.138518 28.542043 0.000000
vt 44.746203 33.299050 0.000000
vt 51.138518 38.056057 0.000000
vt 44.746203 41.623813 0.000000
vt 51.138518 47.570072 0.000000
vt 44.746203 49.948575 0.000000
vt 51.138518 57.084086 0.000000
vt 44.746203 58.273338 0.000000
vt 51.138518 66.598101 0.000000
vt 40.910814 66.598101 0.000000
vt 38.353888 58.273338 0.000000
vt 30.683111 66.598101 0.000000
vt 31.961574 58.273338 0.000000
vt 25.569259 58.273338 0.000000
vt 31.961574 49.948575 0.000000
vt 25.569259 49.948575 0.000000
vt 31.961574 41.623813 0.000000
vt 25.569259 41.623813 0.000000
vt 31.961574 33.299050 0.000000
vt 25.569259 33.299050 0.000000
vt 31.961574 24.974288 0.000000
vt 25.569259 24.974288 0.000000
vt 31.961574 16.649525 0.000000
vt 25.569259 16.649525 0.000000
vt 20.455407 66.598101 0.000000
vt 19.176944 58.273338 0.000000
vt 19.176944 49.948575 0.000000
vt 19.176944 41.623813 0.000000
vt 19.176944 33.299050 0.000000
vt 19.176944 24.974288 0.000000
vt 19.176944 16.649525 0.000000
vt 12.784629 58.273338 0.000000
vt 10.227704 66.598101 0.000000
vt 6.392315 58.273338 0.000000
vt 0.000000 66.598101 0.000000
vt 0.000000 57.084086 0.000000
vt 6.392315 49.948575 0.000000
vt 0.000000 47.570072 0.000000
vt 6.392315 41.623813 0.000000
vt 0.000000 38.056057 0.000000
vt 6.392315 33.299050 0.000000
vt 0.000000 28.542043 0.000000
vt 6.392315 24.974288 0.000000
vt 0.000000 19.028029 0.000000
vt 6.392315 16.649525 0.000000
vt 38.353888 16.649525 0.000000
vt 38.353888 24.974288 0.000000
vt 38.353888 33.299050 0.000000
vt 38.353888 41.623813 0.000000
vt 38.353888 49.948575 0.000000
vt 12.784629 16.649525 0.000000
vt 12.784629 24.974288 0.000000
vt 12.784629 33.299050 0.000000
vt 12.784629 41.623813 0.000000
vt 12.784629 49.948575 0.000000
vt 2.529930 0.000000 0.000000
vt -0.778909 9.072879 0.000000
vt -2.529930 0.000000 0.000000
vt -5.838432 9.072879 0.000000
vt -4.087748 18.145758 0.000000
vt -6.876529 18.145758 0.000000
vt -7.396587 27.218637 0.000000
vt -9.146934 18.145758 0.000000
vt -12.455436 27.218637 0.000000
vt -10.705426 36.291517 0.000000
vt -15.763939 36.291517 0.000000
vt -14.014264 45.364396 0.000000
vt -16.282987 45.364396 0.000000
vt -17.323103 54.437275 0.000000
vt -19.072441 45.364396 0.000000
vt -22.380943 54.437275 0.000000
vt -20.631942 63.510154 0.000000
vt -25.689445 63.510154 0.000000
vt 0.000000 9.514403 0.000000
vt 0.000000 0.000000 0.000000
vt 6.439845 8.325102 0.000000
vt 7.359823 0.000000 0.000000
vt 12.879690 8.325102 0.000000
vt 14.719646 0.000000 0.000000
vt 19.319535 8.325102 0.000000
vt 22.079469 0.000000 0.000000
vt 25.759380 8.325102 0.000000
vt 29.439292 0.000000 0.000000
vt 32.199225 8.325102 0.000000
vt 36.799115 0.000000 0.000000
vt 38.639070 8.325102 0.000000
vt 44.158938 0.000000 0.000000
vt 45.078915 8.325102 0.000000
vt 51.518760 0.000000 0.000000
vt 51.518760 9.514403 0.000000
vt 45.078915 16.650205 0.000000
vt 51.518760 19.028805 0.000000
vt 45.078915 24.975307 0.000000
vt 51.518760 28.543208 0.000000
vt 45.078915 33.300409 0.000000
vt 51.518760 38.057610 0.000000
vt 45.078915 41.625511 0.000000
vt 51.518760 47.572013 0.000000
vt 45.078915 49.950614 0.000000
vt 51.518760 57.086416 0.000000
vt 45.078915 58.275716 0.000000
vt 51.518760 66.600818 0.000000
vt 41.215008 66.600818 0.000000
vt 38.639070 58.275716 0.000000
vt 30.911256 66.600818 0.000000
vt 32.199225 58.275716 0.000000
vt 25.759380 58.275716 0.000000
vt 32.199225 49.950614 0.000000
vt 25.759380 49.950614 0.000000
vt 32.199225 41.625511 0.000000
vt 25.759380 41.625511 0.000000
vt 32.199225 33.300409 0.000000
vt 25.759380 33.300409 0.000000
vt 32.199225 24.975307 0.000000
vt 25.759380 24.975307 0.000000
vt 32.199225 16.650205 0.000000
vt 25.759380 16.650205 0.000000
vt 20.607504 66.600818 0.000000
vt 19.319535 58.275716 0.000000
vt 19.319535 49.950614 0.000000
vt 19.319535 41.625511 0.000000
vt 19.319535 33.300409 0.000000
vt 19.319535 24.975307 0.000000
vt 19.319535 16.650205 0.000000
vt 12.879690 58.275716 0.000000
vt 10.303752 66.600818 0.000000
vt 6.439845 58.275716 0.000000
vt 0.000000 66.600818 0.000000
vt 0.000000 57.086416 0.000000
vt 6.439845 49.950614 0.000000
vt 0.000000 47.572013 0.000000
vt 6.439845 41.625511 0.000000
vt 0.000000 38.057610 0.000000
vt 6.439845 33.300409 0.000000
vt 0.000000 28.543208 0.000000
vt 6.439845 24.975307 0.000000
vt 0.000000 19.028805 0.000000
vt 6.439845 16.650205 0.000000
vt 38.639070 16.650205 0.000000
vt 38.639070 24.975307 0.000000
vt 38.639070 33.300409 0.000000
vt 38.639070 41.625511 0.000000
vt 38.639070 49.950614 0.000000
vt 12.879690 16.650205 0.000000
vt 12.879690 24.975307 0.000000
vt 12.879690 33.300409 0.000000
vt 12.879690 41.625511 0.000000
vt 12.879690 49.950614 0.000000
vt 0.000000 9.632604 0.000000
vt 0.000000 0.000000 0.000000
vt 2.507806 8.428529 0.000000
vt 5.015612 0.000000 0.000000
vt 5.015612 9.632604 0.000000
vt 2.507806 16.857058 0.000000
vt 5.015612 19.265209 0.000000
vt 2.507806 25.285587 0.000000
vt 5.015612 28.897813 0.000000
vt 2.507806 33.714115 0.000000
vt 5.015612 38.530418 0.000000
vt 2.507806 42.142644 0.000000
vt 5.015612 48.163022 0.000000
vt 2.507806 50.571173 0.000000
vt 5.015612 57.795626 0.000000
vt 2.507806 58.999702 0.000000
vt 5.015612 67.428231 0.000000
vt 0.000000 67.428231 0.000000
vt 0.000000 57.795626 0.000000
vt 0.000000 48.163022 0.000000
vt 0.000000 38.530418 0.000000
vt 0.000000 28.897813 0.000000
vt 0.000000 19.265209 0.000000
vn 0.000000 0.000000 0.100000
vn 0.000000 0.000000 0.100000
vn 0.000000 0.000000 0.100000
vn 0.000000 0.000000 0.100000
vn 0.000000 0.000000 0.100000
vn 0.000000 0.000000 0.100000
vn 0.000000 0.000000 0.100000
vn 0.000000 0.000000 0.100000
vn 0.000000 0.000000 0.100000
vn 0.000000 0.000000 0.100000
vn 0.000000 0.000000 0.100000
vn 0.000000 0.000000 0.100000
vn -0.000000 0.000000 -0.100000
vn -0.000000 0.000000 -0.100000
vn -0.000000 0.000000 -0.100000
vn -0.000000 0.000000 -0.100000
vn -0.000000 0.000000 -0.100000
vn -0.000000 0.000000 -0.100000
vn -0.000000 0.000000 -0.100000
vn -0.000000 0.000000 -0.100000
vn -0.000000 0.000000 -0.100000
vn -0.000000 0.000000 -0.100000
vn -0.000000 0.000000 -0.100000
vn -0.000000 0.000000 -0.100000
vn -0.000000 0.000000 -0.100000
vn -0.000000 0.000000 -0.100000
vn -0.000000 0.000000 -0.100000
vn -0.000000 0.000000 -0.100000
vn 0.076365 -0.055880 -0.032338
vn 0.076380 -0.055857 -0.032342
vn 0.076361 -0.055873 -0.032359
vn 0.076374 -0.055853 -0.032365
vn 0.076356 -0.055869 -0.032381
vn 0.076368 -0.055848 -0.032388
vn 0.076350 -0.055864 -0.032402
vn 0.076361 -0.055843 -0.032411
vn 0.076344 -0.055860 -0.032423
vn 0.076355 -0.055838 -0.032435
vn 0.076338 -0.055856 -0.032444
vn 0.076348 -0.055834 -0.032458
vn 0.076332 -0.055852 -0.032466
vn 0.076342 -0.055829 -0.032481
vn 0.076326 -0.055847 -0.032487
vn 0.076336 -0.055824 -0.032504
vn 0.076318 -0.055846 -0.032509
vn 0.076310 -0.055868 -0.032490
vn 0.076298 -0.055869 -0.032514
vn 0.076292 -0.055891 -0.032494
vn 0.076277 -0.055896 -0.032519
vn 0.076271 -0.055916 -0.032498
vn 0.076252 -0.055926 -0.032526
vn 0.076249 -0.055944 -0.032502
vn 0.076223 -0.055961 -0.032533
vn 0.076223 -0.055976 -0.032507
vn 0.076191 -0.056000 -0.032541
vn 0.076195 -0.056012 -0.032513
vn 0.076153 -0.056046 -0.032551
vn 0.076167 -0.056056 -0.032500
vn 0.076203 -0.056018 -0.032483
vn 0.076181 -0.056067 -0.032449
vn 0.076211 -0.056024 -0.032453
vn 0.076219 -0.056030 -0.032424
vn 0.076239 -0.055987 -0.032451
vn 0.076247 -0.055993 -0.032424
vn 0.076263 -0.055955 -0.032450
vn 0.076271 -0.055960 -0.032424
vn 0.076285 -0.055926 -0.032448
vn 0.076292 -0.055931 -0.032423
vn 0.076305 -0.055900 -0.032447
vn 0.076311 -0.055905 -0.032423
vn 0.076322 -0.055877 -0.032446
vn 0.076328 -0.055881 -0.032423
vn 0.076195 -0.056077 -0.032398
vn 0.076227 -0.056036 -0.032394
vn 0.076254 -0.055998 -0.032396
vn 0.076278 -0.055965 -0.032397
vn 0.076299 -0.055936 -0.032399
vn 0.076318 -0.055910 -0.032400
vn 0.076334 -0.055886 -0.032401
vn 0.076236 -0.056042 -0.032364
vn 0.076209 -0.056087 -0.032348
vn 0.076244 -0.056048 -0.032335
vn 0.076223 -0.056098 -0.032297
vn 0.076256 -0.056048 -0.032306
vn 0.076270 -0.056010 -0.032340
vn 0.076284 -0.056005 -0.032314
vn 0.076292 -0.055976 -0.032345
vn 0.076308 -0.055968 -0.032321
vn 0.076312 -0.055946 -0.032349
vn 0.076330 -0.055935 -0.032327
vn 0.076331 -0.055919 -0.032353
vn 0.076349 -0.055906 -0.032333
vn 0.076347 -0.055895 -0.032356
vn 0.076316 -0.055872 -0.032468
vn 0.076298 -0.055895 -0.032470
vn 0.076278 -0.055921 -0.032473
vn 0.076256 -0.055949 -0.032476
vn 0.076231 -0.055981 -0.032479
vn 0.076341 -0.055890 -0.032379
vn 0.076324 -0.055914 -0.032376
vn 0.076306 -0.055941 -0.032374
vn 0.076285 -0.055971 -0.032371
vn 0.076262 -0.056004 -0.032368
vn 0.070143 0.070143 0.012649
vn 0.070143 0.070143 0.012649
vn 0.070143 0.070143 0.012649
vn 0.070143 0.070143 0.012649
vn 0.070143 0.070143 0.012649
vn 0.070143 0.070143 0.012649
vn 0.070143 0.070143 0.012649
vn 0.070143 0.070143 0.012649
vn 0.070143 0.070143 0.012649
vn 0.070143 0.070143 0.012649
vn 0.070143 0.070143 0.012649
vn 0.070143 0.070143 0.012649
vn 0.070143 0.070143 0.012649
vn 0.070143 0.070143 0.012649
vn 0.070143 0.070143 0.012649
vn 0.070143 0.070143 0.012649
vn 0.070143 0.070143 0.012649
vn 0.070143 0.070143 0.012649
vn -0.076317 0.055845 0.032512
vn -0.076335 0.055824 0.032507
vn -0.076325 0.055847 0.032490
vn -0.076341 0.055828 0.032484
vn -0.076331 0.055851 0.032468
vn -0.076348 0.055833 0.032460
vn -0.076337 0.055856 0.032446
vn -0.076354 0.055838 0.032436
vn -0.076343 0.055860 0.032425
vn -0.076361 0.055843 0.032413
vn -0.076349 0.055864 0.032403
vn -0.076367 0.055848 0.032389
vn -0.076355 0.055869 0.032382
vn -0.076374 0.055852 0.032366
vn -0.076361 0.055873 0.032360
vn -0.076380 0.055857 0.032342
vn -0.076365 0.055881 0.032338
vn -0.076346 0.055895 0.032357
vn -0.076348 0.055907 0.032333
vn -0.076330 0.055920 0.032354
vn -0.076329 0.055936 0.032328
vn -0.076311 0.055947 0.032350
vn -0.076307 0.055969 0.032322
vn -0.076291 0.055977 0.032346
vn -0.076283 0.056006 0.032316
vn -0.076268 0.056010 0.032342
vn -0.076255 0.056048 0.032308
vn -0.076243 0.056048 0.032337
vn -0.076222 0.056097 0.032300
vn -0.076208 0.056087 0.032351
vn -0.076234 0.056042 0.032367
vn -0.076194 0.056076 0.032402
vn -0.076226 0.056036 0.032397
vn -0.076218 0.056030 0.032427
vn -0.076253 0.055999 0.032398
vn -0.076245 0.055993 0.032426
vn -0.076276 0.055966 0.032399
vn -0.076269 0.055961 0.032426
vn -0.076297 0.055937 0.032401
vn -0.076291 0.055931 0.032426
vn -0.076316 0.055910 0.032402
vn -0.076310 0.055905 0.032425
vn -0.076334 0.055886 0.032402
vn -0.076327 0.055882 0.032425
vn -0.076180 0.056066 0.032452
vn -0.076210 0.056024 0.032456
vn -0.076237 0.055987 0.032454
vn -0.076262 0.055955 0.032452
vn -0.076284 0.055926 0.032451
vn -0.076303 0.055900 0.032449
vn -0.076321 0.055877 0.032448
vn -0.076202 0.056018 0.032486
vn -0.076166 0.056056 0.032503
vn -0.076193 0.056012 0.032516
vn -0.076152 0.056045 0.032554
vn -0.076189 0.056000 0.032544
vn -0.076222 0.055976 0.032510
vn -0.076222 0.055961 0.032536
vn -0.076247 0.055944 0.032505
vn -0.076250 0.055927 0.032529
vn -0.076270 0.055916 0.032501
vn -0.076275 0.055896 0.032523
vn -0.076290 0.055891 0.032497
vn -0.076297 0.055870 0.032517
vn -0.076308 0.055868 0.032493
vn -0.076340 0.055891 0.032380
vn -0.076323 0.055915 0.032378
vn -0.076304 0.055942 0.032375
vn -0.076284 0.055971 0.032373
vn -0.076261 0.056004 0.032370
vn -0.076315 0.055872 0.032470
vn -0.076297 0.055896 0.032473
vn -0.076277 0.055921 0.032476
vn -0.076254 0.055950 0.032479
vn -0.076230 0.055982 0.032482
vn -0.067751 -0.070699 0.020285
vn -0.069147 -0.069147 0.020913
vn -0.067846 -0.070421 0.020924
vn -0.068974 -0.068974 0.022025
vn -0.067586 -0.070527 0.021404
vn -0.066595 -0.071765 0.020367
vn -0.066153 -0.072059 0.020769
vn -0.065312 -0.073091 0.019799
vn -0.064676 -0.073568 0.020118
vn -0.063996 -0.074398 0.019219
vn -0.063159 -0.075050 0.019453
vn -0.062649 -0.075684 0.018629
vn -0.061601 -0.076504 0.018774
vn -0.061272 -0.076946 0.018029
vn -0.060005 -0.077926 0.018083
vn -0.059865 -0.078184 0.017420
vn -0.058372 -0.079314 0.017380
vn -0.058489 -0.079472 0.016223
vn -0.060130 -0.078088 0.016931
vn -0.061734 -0.076669 0.017627
vn -0.063300 -0.075218 0.018312
vn -0.064826 -0.073738 0.018983
vn -0.066310 -0.072230 0.019641
usemtl Bronze,_architectural
f 3829/4625/4616 3830/4626/4617 3840/4627/4618
f 3840/4627/4618 3830/4626/4617 3839/4628/4619
f 3839/4628/4619 3830/4626/4617 3831/4629/4620
f 3839/4628/4619 3831/4629/4620 3838/4630/4621
f 3838/4630/4621 3831/4629/4620 3832/4631/4622
f 3838/4630/4621 3832/4631/4622 3837/4632/4623
f 3837/4632/4623 3832/4631/4622 3833/4633/4624
f 3837/4632/4623 3833/4633/4624 3836/4634/4625
f 3836/4634/4625 3833/4633/4624 3834/4635/4626
f 3836/4634/4625 3834/4635/4626 3835/4636/4627
f 3841/4637/4628 3842/4638/4629 3856/4639/4630
f 3856/4639/4630 3842/4638/4629 3843/4640/4631
f 3856/4639/4630 3843/4640/4631 3855/4641/4632
f 3855/4641/4632 3843/4640/4631 3844/4642/4633
f 3855/4641/4632 3844/4642/4633 3854/4643/4634
f 3854/4643/4634 3844/4642/4633 3845/4644/4635
f 3854/4643/4634 3845/4644/4635 3853/4645/4636
f 3853/4645/4636 3845/4644/4635 3846/4646/4637
f 3853/4645/4636 3846/4646/4637 3852/4647/4638
f 3852/4647/4638 3846/4646/4637 3847/4648/4639
f 3852/4647/4638 3847/4648/4639 3851/4649/4640
f 3851/4649/4640 3847/4648/4639 3848/4650/4641
f 3851/4649/4640 3848/4650/4641 3850/4651/4642
f 3850/4651/4642 3848/4650/4641 3849/4652/4643
f 3868/4653/4644 3841/4654/4645 3875/4655/4646
f 3875/4655/4646 3841/4654/4645 3856/4656/4647
f 3875/4655/4646 3856/4656/4647 3874/4657/4648
f 3874/4657/4648 3856/4656/4647 3855/4658/4649
f 3874/4657/4648 3855/4658/4649 3873/4659/4650
f 3873/4659/4650 3855/4658/4649 3854/4660/4651
f 3873/4659/4650 3854/4660/4651 3872/4661/4652
f 3872/4661/4652 3854/4660/4651 3853/4662/4653
f 3872/4661/4652 3853/4662/4653 3871/4663/4654
f 3871/4663/4654 3853/4662/4653 3852/4664/4655
f 3871/4663/4654 3852/4664/4655 3870/4665/4656
f 3870/4665/4656 3852/4664/4655 3851/4666/4657
f 3870/4665/4656 3851/4666/4657 3869/4667/4658
f 3869/4667/4658 3851/4666/4657 3850/4668/4659
f 3869/4667/4658 3850/4668/4659 3857/4669/4660
f 3869/4667/4658 3857/4669/4660 3876/4670/4661
f 3876/4670/4661 3857/4669/4660 3858/4671/4662
f 3876/4670/4661 3858/4671/4662 3883/4672/4663
f 3883/4672/4663 3858/4671/4662 3859/4673/4664
f 3883/4672/4663 3859/4673/4664 3890/4674/4665
f 3890/4674/4665 3859/4673/4664 3860/4675/4666
f 3890/4674/4665 3860/4675/4666 3897/4676/4667
f 3897/4676/4667 3860/4675/4666 3861/4677/4668
f 3897/4676/4667 3861/4677/4668 3904/4678/4669
f 3904/4678/4669 3861/4677/4668 3862/4679/4670
f 3904/4678/4669 3862/4679/4670 3911/4680/4671
f 3911/4680/4671 3862/4679/4670 3834/4681/4672
f 3911/4680/4671 3834/4681/4672 3833/4682/4673
f 3911/4680/4671 3833/4682/4673 3912/4683/4674
f 3912/4683/4674 3833/4682/4673 3832/4684/4675
f 3912/4683/4674 3832/4684/4675 3913/4685/4676
f 3913/4685/4676 3832/4684/4675 3914/4686/4677
f 3913/4685/4676 3914/4686/4677 3906/4687/4678
f 3906/4687/4678 3914/4686/4677 3907/4688/4679
f 3906/4687/4678 3907/4688/4679 3899/4689/4680
f 3899/4689/4680 3907/4688/4679 3900/4690/4681
f 3899/4689/4680 3900/4690/4681 3892/4691/4682
f 3892/4691/4682 3900/4690/4681 3893/4692/4683
f 3892/4691/4682 3893/4692/4683 3885/4693/4684
f 3885/4693/4684 3893/4692/4683 3886/4694/4685
f 3885/4693/4684 3886/4694/4685 3878/4695/4686
f 3878/4695/4686 3886/4694/4685 3879/4696/4687
f 3878/4695/4686 3879/4696/4687 3871/4663/4654
f 3871/4663/4654 3879/4696/4687 3872/4661/4652
f 3832/4684/4675 3831/4697/4688 3914/4686/4677
f 3914/4686/4677 3831/4697/4688 3915/4698/4689
f 3914/4686/4677 3915/4698/4689 3907/4688/4679
f 3907/4688/4679 3915/4698/4689 3908/4699/4690
f 3907/4688/4679 3908/4699/4690 3900/4690/4681
f 3900/4690/4681 3908/4699/4690 3901/4700/4691
f 3900/4690/4681 3901/4700/4691 3893/4692/4683
f 3893/4692/4683 3901/4700/4691 3894/4701/4692
f 3893/4692/4683 3894/4701/4692 3886/4694/4685
f 3886/4694/4685 3894/4701/4692 3887/4702/4693
f 3886/4694/4685 3887/4702/4693 3879/4696/4687
f 3879/4696/4687 3887/4702/4693 3880/4703/4694
f 3879/4696/4687 3880/4703/4694 3872/4661/4652
f 3872/4661/4652 3880/4703/4694 3873/4659/4650
f 3915/4698/4689 3831/4697/4688 3916/4704/4695
f 3916/4704/4695 3831/4697/4688 3830/4705/4696
f 3916/4704/4695 3830/4705/4696 3917/4706/4697
f 3917/4706/4697 3830/4705/4696 3829/4707/4698
f 3917/4706/4697 3829/4707/4698 3863/4708/4699
f 3917/4706/4697 3863/4708/4699 3910/4709/4700
f 3910/4709/4700 3863/4708/4699 3864/4710/4701
f 3910/4709/4700 3864/4710/4701 3903/4711/4702
f 3903/4711/4702 3864/4710/4701 3865/4712/4703
f 3903/4711/4702 3865/4712/4703 3896/4713/4704
f 3896/4713/4704 3865/4712/4703 3866/4714/4705
f 3896/4713/4704 3866/4714/4705 3889/4715/4706
f 3889/4715/4706 3866/4714/4705 3867/4716/4707
f 3889/4715/4706 3867/4716/4707 3882/4717/4708
f 3882/4717/4708 3867/4716/4707 3868/4653/4644
f 3882/4717/4708 3868/4653/4644 3875/4655/4646
f 3878/4695/4686 3871/4663/4654 3870/4665/4656
f 3870/4665/4656 3869/4667/4658 3877/4718/4709
f 3877/4718/4709 3869/4667/4658 3876/4670/4661
f 3877/4718/4709 3876/4670/4661 3884/4719/4710
f 3884/4719/4710 3876/4670/4661 3883/4672/4663
f 3884/4719/4710 3883/4672/4663 3891/4720/4711
f 3891/4720/4711 3883/4672/4663 3890/4674/4665
f 3891/4720/4711 3890/4674/4665 3898/4721/4712
f 3898/4721/4712 3890/4674/4665 3897/4676/4667
f 3898/4721/4712 3897/4676/4667 3905/4722/4713
f 3905/4722/4713 3897/4676/4667 3904/4678/4669
f 3905/4722/4713 3904/4678/4669 3912/4683/4674
f 3912/4683/4674 3904/4678/4669 3911/4680/4671
f 3882/4717/4708 3875/4655/4646 3874/4657/4648
f 3874/4657/4648 3873/4659/4650 3881/4723/4714
f 3881/4723/4714 3873/4659/4650 3880/4703/4694
f 3881/4723/4714 3880/4703/4694 3888/4724/4715
f 3888/4724/4715 3880/4703/4694 3887/4702/4693
f 3888/4724/4715 3887/4702/4693 3895/4725/4716
f 3895/4725/4716 3887/4702/4693 3894/4701/4692
f 3895/4725/4716 3894/4701/4692 3902/4726/4717
f 3902/4726/4717 3894/4701/4692 3901/4700/4691
f 3902/4726/4717 3901/4700/4691 3909/4727/4718
f 3909/4727/4718 3901/4700/4691 3908/4699/4690
f 3909/4727/4718 3908/4699/4690 3916/4704/4695
f 3916/4704/4695 3908/4699/4690 3915/4698/4689
f 3885/4693/4684 3878/4695/4686 3877/4718/4709
f 3877/4718/4709 3878/4695/4686 3870/4665/4656
f 3885/4693/4684 3877/4718/4709 3884/4719/4710
f 3889/4715/4706 3882/4717/4708 3881/4723/4714
f 3881/4723/4714 3882/4717/4708 3874/4657/4648
f 3889/4715/4706 3881/4723/4714 3888/4724/4715
f 3892/4691/4682 3885/4693/4684 3884/4719/4710
f 3892/4691/4682 3884/4719/4710 3891/4720/4711
f 3896/4713/4704 3889/4715/4706 3888/4724/4715
f 3896/4713/4704 3888/4724/4715 3895/4725/4716
f 3899/4689/4680 3892/4691/4682 3891/4720/4711
f 3899/4689/4680 3891/4720/4711 3898/4721/4712
f 3903/4711/4702 3896/4713/4704 3895/4725/4716
f 3903/4711/4702 3895/4725/4716 3902/4726/4717
f 3906/4687/4678 3899/4689/4680 3898/4721/4712
f 3906/4687/4678 3898/4721/4712 3905/4722/4713
f 3910/4709/4700 3903/4711/4702 3902/4726/4717
f 3910/4709/4700 3902/4726/4717 3909/4727/4718
f 3913/4685/4676 3906/4687/4678 3905/4722/4713
f 3913/4685/4676 3905/4722/4713 3912/4683/4674
f 3917/4706/4697 3910/4709/4700 3909/4727/4718
f 3917/4706/4697 3909/4727/4718 3916/4704/4695
f 3849/4728/4719 3918/4729/4720 3850/4730/4721
f 3850/4730/4721 3918/4729/4720 3857/4731/4722
f 3857/4731/4722 3918/4729/4720 3919/4732/4723
f 3857/4731/4722 3919/4732/4723 3924/4733/4724
f 3924/4733/4724 3919/4732/4723 3920/4734/4725
f 3924/4733/4724 3920/4734/4725 3858/4735/4726
f 3858/4735/4726 3920/4734/4725 3859/4736/4727
f 3859/4736/4727 3920/4734/4725 3921/4737/4728
f 3859/4736/4727 3921/4737/4728 3860/4738/4729
f 3860/4738/4729 3921/4737/4728 3922/4739/4730
f 3860/4738/4729 3922/4739/4730 3925/4740/4731
f 3925/4740/4731 3922/4739/4730 3923/4741/4732
f 3925/4740/4731 3923/4741/4732 3861/4742/4733
f 3861/4742/4733 3923/4741/4732 3862/4743/4734
f 3862/4743/4734 3923/4741/4732 3835/4744/4735
f 3862/4743/4734 3835/4744/4735 3834/4745/4736
f 3861/4742/4733 3860/4738/4729 3925/4740/4731
f 3858/4735/4726 3857/4731/4722 3924/4733/4724
f 3918/4746/4737 3849/4747/4738 3938/4748/4739
f 3938/4748/4739 3849/4747/4738 3848/4749/4740
f 3938/4748/4739 3848/4749/4740 3937/4750/4741
f 3937/4750/4741 3848/4749/4740 3847/4751/4742
f 3937/4750/4741 3847/4751/4742 3936/4752/4743
f 3936/4752/4743 3847/4751/4742 3846/4753/4744
f 3936/4752/4743 3846/4753/4744 3935/4754/4745
f 3935/4754/4745 3846/4753/4744 3845/4755/4746
f 3935/4754/4745 3845/4755/4746 3934/4756/4747
f 3934/4756/4747 3845/4755/4746 3844/4757/4748
f 3934/4756/4747 3844/4757/4748 3933/4758/4749
f 3933/4758/4749 3844/4757/4748 3843/4759/4750
f 3933/4758/4749 3843/4759/4750 3932/4760/4751
f 3932/4760/4751 3843/4759/4750 3842/4761/4752
f 3932/4760/4751 3842/4761/4752 3926/4762/4753
f 3932/4760/4751 3926/4762/4753 3939/4763/4754
f 3939/4763/4754 3926/4762/4753 3927/4764/4755
f 3939/4763/4754 3927/4764/4755 3946/4765/4756
f 3946/4765/4756 3927/4764/4755 3928/4766/4757
f 3946/4765/4756 3928/4766/4757 3953/4767/4758
f 3953/4767/4758 3928/4766/4757 3929/4768/4759
f 3953/4767/4758 3929/4768/4759 3960/4769/4760
f 3960/4769/4760 3929/4768/4759 3930/4770/4761
f 3960/4769/4760 3930/4770/4761 3967/4771/4762
f 3967/4771/4762 3930/4770/4761 3931/4772/4763
f 3967/4771/4762 3931/4772/4763 3974/4773/4764
f 3974/4773/4764 3931/4772/4763 3840/4774/4765
f 3974/4773/4764 3840/4774/4765 3839/4775/4766
f 3974/4773/4764 3839/4775/4766 3975/4776/4767
f 3975/4776/4767 3839/4775/4766 3838/4777/4768
f 3975/4776/4767 3838/4777/4768 3976/4778/4769
f 3976/4778/4769 3838/4777/4768 3977/4779/4770
f 3976/4778/4769 3977/4779/4770 3969/4780/4771
f 3969/4780/4771 3977/4779/4770 3970/4781/4772
f 3969/4780/4771 3970/4781/4772 3962/4782/4773
f 3962/4782/4773 3970/4781/4772 3963/4783/4774
f 3962/4782/4773 3963/4783/4774 3955/4784/4775
f 3955/4784/4775 3963/4783/4774 3956/4785/4776
f 3955/4784/4775 3956/4785/4776 3948/4786/4777
f 3948/4786/4777 3956/4785/4776 3949/4787/4778
f 3948/4786/4777 3949/4787/4778 3941/4788/4779
f 3941/4788/4779 3949/4787/4778 3942/4789/4780
f 3941/4788/4779 3942/4789/4780 3934/4756/4747
f 3934/4756/4747 3942/4789/4780 3935/4754/4745
f 3838/4777/4768 3837/4790/4781 3977/4779/4770
f 3977/4779/4770 3837/4790/4781 3978/4791/4782
f 3977/4779/4770 3978/4791/4782 3970/4781/4772
f 3970/4781/4772 3978/4791/4782 3971/4792/4783
f 3970/4781/4772 3971/4792/4783 3963/4783/4774
f 3963/4783/4774 3971/4792/4783 3964/4793/4784
f 3963/4783/4774 3964/4793/4784 3956/4785/4776
f 3956/4785/4776 3964/4793/4784 3957/4794/4785
f 3956/4785/4776 3957/4794/4785 3949/4787/4778
f 3949/4787/4778 3957/4794/4785 3950/4795/4786
f 3949/4787/4778 3950/4795/4786 3942/4789/4780
f 3942/4789/4780 3950/4795/4786 3943/4796/4787
f 3942/4789/4780 3943/4796/4787 3935/4754/4745
f 3935/4754/4745 3943/4796/4787 3936/4752/4743
f 3978/4791/4782 3837/4790/4781 3979/4797/4788
f 3979/4797/4788 3837/4790/4781 3836/4798/4789
f 3979/4797/4788 3836/4798/4789 3980/4799/4790
f 3980/4799/4790 3836/4798/4789 3835/4800/4791
f 3980/4799/4790 3835/4800/4791 3923/4801/4792
f 3980/4799/4790 3923/4801/4792 3973/4802/4793
f 3973/4802/4793 3923/4801/4792 3922/4803/4794
f 3973/4802/4793 3922/4803/4794 3966/4804/4795
f 3966/4804/4795 3922/4803/4794 3921/4805/4796
f 3966/4804/4795 3921/4805/4796 3959/4806/4797
f 3959/4806/4797 3921/4805/4796 3920/4807/4798
f 3959/4806/4797 3920/4807/4798 3952/4808/4799
f 3952/4808/4799 3920/4807/4798 3919/4809/4800
f 3952/4808/4799 3919/4809/4800 3945/4810/4801
f 3945/4810/4801 3919/4809/4800 3918/4746/4737
f 3945/4810/4801 3918/4746/4737 3938/4748/4739
f 3941/4788/4779 3934/4756/4747 3933/4758/4749
f 3933/4758/4749 3932/4760/4751 3940/4811/4802
f 3940/4811/4802 3932/4760/4751 3939/4763/4754
f 3940/4811/4802 3939/4763/4754 3947/4812/4803
f 3947/4812/4803 3939/4763/4754 3946/4765/4756
f 3947/4812/4803 3946/4765/4756 3954/4813/4804
f 3954/4813/4804 3946/4765/4756 3953/4767/4758
f 3954/4813/4804 3953/4767/4758 3961/4814/4805
f 3961/4814/4805 3953/4767/4758 3960/4769/4760
f 3961/4814/4805 3960/4769/4760 3968/4815/4806
f 3968/4815/4806 3960/4769/4760 3967/4771/4762
f 3968/4815/4806 3967/4771/4762 3975/4776/4767
f 3975/4776/4767 3967/4771/4762 3974/4773/4764
f 3945/4810/4801 3938/4748/4739 3937/4750/4741
f 3937/4750/4741 3936/4752/4743 3944/4816/4807
f 3944/4816/4807 3936/4752/4743 3943/4796/4787
f 3944/4816/4807 3943/4796/4787 3951/4817/4808
f 3951/4817/4808 3943/4796/4787 3950/4795/4786
f 3951/4817/4808 3950/4795/4786 3958/4818/4809
f 3958/4818/4809 3950/4795/4786 3957/4794/4785
f 3958/4818/4809 3957/4794/4785 3965/4819/4810
f 3965/4819/4810 3957/4794/4785 3964/4793/4784
f 3965/4819/4810 3964/4793/4784 3972/4820/4811
f 3972/4820/4811 3964/4793/4784 3971/4792/4783
f 3972/4820/4811 3971/4792/4783 3979/4797/4788
f 3979/4797/4788 3971/4792/4783 3978/4791/4782
f 3948/4786/4777 3941/4788/4779 3940/4811/4802
f 3940/4811/4802 3941/4788/4779 3933/4758/4749
f 3948/4786/4777 3940/4811/4802 3947/4812/4803
f 3952/4808/4799 3945/4810/4801 3944/4816/4807
f 3944/4816/4807 3945/4810/4801 3937/4750/4741
f 3952/4808/4799 3944/4816/4807 3951/4817/4808
f 3955/4784/4775 3948/4786/4777 3947/4812/4803
f 3955/4784/4775 3947/4812/4803 3954/4813/4804
f 3959/4806/4797 3952/4808/4799 3951/4817/4808
f 3959/4806/4797 3951/4817/4808 3958/4818/4809
f 3962/4782/4773 3955/4784/4775 3954/4813/4804
f 3962/4782/4773 3954/4813/4804 3961/4814/4805
f 3966/4804/4795 3959/4806/4797 3958/4818/4809
f 3966/4804/4795 3958/4818/4809 3965/4819/4810
f 3969/4780/4771 3962/4782/4773 3961/4814/4805
f 3969/4780/4771 3961/4814/4805 3968/4815/4806
f 3973/4802/4793 3966/4804/4795 3965/4819/4810
f 3973/4802/4793 3965/4819/4810 3972/4820/4811
f 3976/4778/4769 3969/4780/4771 3968/4815/4806
f 3976/4778/4769 3968/4815/4806 3975/4776/4767
f 3980/4799/4790 3973/4802/4793 3972/4820/4811
f 3980/4799/4790 3972/4820/4811 3979/4797/4788
f 3926/4821/4812 3842/4822/4813 3982/4823/4814
f 3982/4823/4814 3842/4822/4813 3841/4824/4815
f 3982/4823/4814 3841/4824/4815 3868/4825/4816
f 3982/4823/4814 3868/4825/4816 3981/4826/4817
f 3981/4826/4817 3868/4825/4816 3867/4827/4818
f 3981/4826/4817 3867/4827/4818 3983/4828/4819
f 3983/4828/4819 3867/4827/4818 3866/4829/4820
f 3983/4828/4819 3866/4829/4820 3984/4830/4821
f 3984/4830/4821 3866/4829/4820 3865/4831/4822
f 3984/4830/4821 3865/4831/4822 3985/4832/4823
f 3985/4832/4823 3865/4831/4822 3864/4833/4824
f 3985/4832/4823 3864/4833/4824 3986/4834/4825
f 3986/4834/4825 3864/4833/4824 3863/4835/4826
f 3986/4834/4825 3863/4835/4826 3987/4836/4827
f 3987/4836/4827 3863/4835/4826 3829/4837/4828
f 3987/4836/4827 3829/4837/4828 3840/4838/4829
f 3840/4838/4829 3931/4839/4830 3987/4836/4827
f 3987/4836/4827 3931/4839/4830 3986/4834/4825
f 3931/4839/4830 3930/4840/4831 3986/4834/4825
f 3986/4834/4825 3930/4840/4831 3985/4832/4823
f 3930/4840/4831 3929/4841/4832 3985/4832/4823
f 3985/4832/4823 3929/4841/4832 3984/4830/4821
f 3929/4841/4832 3928/4842/4833 3984/4830/4821
f 3984/4830/4821 3928/4842/4833 3983/4828/4819
f 3928/4842/4833 3927/4843/4834 3983/4828/4819
f 3983/4828/4819 3927/4843/4834 3981/4826/4817
f 3927/4843/4834 3926/4821/4812 3981/4826/4817
f 3981/4826/4817 3926/4821/4812 3982/4823/4814
# 3987 vertices
# 4843 texture params
# 4834 normals
# 7962 facets

# 3 groups
